prefName,tradeNames,drugType,label,targetName,approvedSymbol,targetClass,mechanismOfAction
.ALPHA.1-PROTEINASE INHIBITOR HUMAN,['Respreeza'],Protein,"genetic disorder, hemorrhage, lung disease",Neutrophil elastase,ELANE,Enzyme,Leukocyte elastase inhibitor
ABALOPARATIDE,['Eladynos' 'Tymlos'],Protein,"osteoporosis, postmenopausal osteoporosis",Parathyroid hormone/parathyroid hormone-related peptide receptor,PTH1R,Membrane receptor,Parathyroid hormone receptor agonist
ABARELIX,['Plenaxis'],Protein,neoplasm,Gonadotropin-releasing hormone receptor,GNRHR,Membrane receptor,Gonadotropin-releasing hormone receptor antagonist
ABATACEPT,['Orencia' 'Orencia clickject'],Protein,"immune system disease, juvenile idiopathic arthritis, psoriatic arthritis, rheumatoid arthritis","T-lymphocyte activation antigen CD80, T-lymphocyte activation antigen CD86","CD80, CD86",Surface antigen,"T-lymphocyte activation antigen CD80 inhibitor, T-lymphocyte activation antigen CD86 inhibitor"
ABCIXIMAB,['Reopro'],Antibody,"Recurrent thrombophlebitis, intermediate coronary syndrome",Integrin alpha-V/beta-3,ITGB3,Membrane receptor,Integrin alpha-V/beta-3 inhibitor
ABEMACICLIB,['Verzenio' 'Verzenios'],Small molecule,"breast cancer, breast carcinoma, breast neoplasm, neoplasm","Cyclin-dependent kinase 4, Cyclin-dependent kinase 6","CDK4, CDK6","Enzyme, Other cytosolic protein","Cyclin-dependent kinase 4 inhibitor, Cyclin-dependent kinase 6 inhibitor"
ABIRATERONE,['Zytiga'],Small molecule,neoplasm,"Androgen receptor, Steroid 17-alpha-hydroxylase/17,20 lyase, Steroid 5-alpha-reductase","AR, CYP17A1, SRD5A1, SRD5A2, SRD5A3","Enzyme, Transcription factor","Androgen Receptor antagonist, Cytochrome P450 17A1 inhibitor, Steroid 5-alpha-reductase inhibitor"
ABIRATERONE ACETATE,"['Abiraterone accord' 'Abiraterone acetate component of akeega'
 'Abiraterone krka' 'Abiraterone mylan' 'Yonsa' 'Zytiga']",Small molecule,"metastatic prostate cancer, prostate cancer, prostate carcinoma","Steroid 17-alpha-hydroxylase/17,20 lyase",CYP17A1,Enzyme,Cytochrome P450 17A1 inhibitor
ABROCITINIB,['Cibinqo'],Small molecule,"Eczematoid dermatitis, atopic eczema",Tyrosine-protein kinase JAK1,JAK1,Enzyme,Tyrosine-protein kinase JAK1 inhibitor
ACALABRUTINIB,[],Small molecule,"Mantle cell lymphoma, chronic lymphocytic leukemia, neoplasm",Tyrosine-protein kinase BTK,BTK,"Enzyme, Unclassified protein",Tyrosine-protein kinase BTK inhibitor
ACALABRUTINIB MALEATE,['Calquence'],Small molecule,"Mantle cell lymphoma, chronic lymphocytic leukemia",Tyrosine-protein kinase BTK,BTK,"Enzyme, Unclassified protein",Tyrosine-protein kinase BTK inhibitor
ACAMPROSATE,['Aotal'],Small molecule,alcohol dependence,"GABA-A receptor; anion channel, Glutamate [NMDA] receptor","GABRA1, GABRA2, GABRA3, GABRA4, GABRA5, GABRA6, GABRB1, GABRB2, GABRB3, GABRD, GABRE, GABRG1, GABRG2, GABRG3, GABRP, GABRQ, GRIN1, GRIN2A, GRIN2B, GRIN2C, GRIN2D, GRIN3A, GRIN3B",Ion channel,"GABA-A receptor; anion channel positive modulator, Glutamate [NMDA] receptor antagonist"
ACAMPROSATE CALCIUM,['Acamprosate calcium' 'Campral' 'Campral ec'],Small molecule,alcohol dependence,"GABA-A receptor; anion channel, Glutamate [NMDA] receptor","GABRA1, GABRA2, GABRA3, GABRA4, GABRA5, GABRA6, GABRB1, GABRB2, GABRB3, GABRD, GABRE, GABRG1, GABRG2, GABRG3, GABRP, GABRQ, GRIN1, GRIN2A, GRIN2B, GRIN2C, GRIN2D, GRIN3A, GRIN3B",Ion channel,"GABA-A receptor; anion channel positive modulator, Glutamate [NMDA] receptor antagonist"
ACEBUTOLOL,[],Small molecule,cardiovascular disease,Beta-1 adrenergic receptor,ADRB1,Membrane receptor,Beta-1 adrenergic receptor antagonist
ACEBUTOLOL HYDROCHLORIDE,"['Acebut hcl' 'Acebutolol hydrochloride' 'Sectral' 'Sectral 200'
 'Sectral 400']",Small molecule,"Ventricular arrhythmia, hypertension",Beta-1 adrenergic receptor,ADRB1,Membrane receptor,Beta-1 adrenergic receptor antagonist
ACECLOFENAC,['Gerbin' 'Preservex'],Small molecule,"Arthralgia, Myalgia, osteoarthritis, rheumatic disease, rheumatoid arthritis, spondylitis",Prostaglandin G/H synthase 2,PTGS2,Enzyme,Cyclooxygenase-2 inhibitor
ACEMETACIN,['Emflex'],Small molecule,rheumatic disease,Cyclooxygenase,"PTGS1, PTGS2",Enzyme,Cyclooxygenase inhibitor
ACENOCOUMAROL,['Sinthrome'],Small molecule,Recurrent thrombophlebitis,Vitamin K epoxide reductase complex subunit 1,VKORC1,Enzyme,Vitamin k epoxide reductase complex subunit 1 isoform 1 inhibitor
ACETAMINOPHEN,"['Abdine' 'Acephen' 'Acetaminophen' 'Acetaminophen component of allay'
 'Acetaminophen component of anexsia' 'Acetaminophen component of anoquan'
 'Acetaminophen component of apadaz' 'Acetaminophen component of bancap'
 'Acetaminophen component of bancap hc' 'Acetaminophen component of bucet'
 'Acetaminophen component of butapap'
 'Acetaminophen component of co-gesic' 'Acetaminophen component of codrix'
 'Acetaminophen component of combogesic'
 'Acetaminophen component of combogesic iv'
 'Acetaminophen component of darvocet'
 'Acetaminophen component of dhc plus'
 'Acetaminophen component of dolene ap-65'
 'Acetaminophen component of drixoral plus'
 'Acetaminophen component of duradyne dhc'
 'Acetaminophen component of esgic' 'Acetaminophen component of excedrin'
 'Acetaminophen component of femcet' 'Acetaminophen component of fioricet'
 'Acetaminophen component of hy-phen'
 'Acetaminophen component of lorcet-hd'
 'Acetaminophen component of lortab'
 'Acetaminophen component of medigesic plus'
 'Acetaminophen component of norcet' 'Acetaminophen component of norco'
 'Acetaminophen component of oxycet' 'Acetaminophen component of percocet'
 'Acetaminophen component of phrenilin'
 'Acetaminophen component of roxicet' 'Acetaminophen component of roxilox'
 'Acetaminophen component of sedapap'
 'Acetaminophen component of synalgos-dc-a'
 'Acetaminophen component of talacen' 'Acetaminophen component of tencon'
 'Acetaminophen component of trezix' 'Acetaminophen component of triad'
 'Acetaminophen component of triaprin'
 'Acetaminophen component of tycolet' 'Acetaminophen component of tylox'
 'Acetaminophen component of ultracet'
 'Acetaminophen component of vicodin' 'Acetaminophen component of wygesic'
 'Acetaminophen component of xartemis' 'Acetaminophen component of zydone'
 'Alvedon' 'Angiers' 'Calpol' 'Calpol six plus'
 'Calpol six plus fastmelts' 'Child lemsip' 'Cupanol' 'Dafalgan' 'Disprol'
 'Disprol infant' 'Disprol jnr' 'Disprol paed' 'Fennings' 'Galpamol'
 'Hedex' 'Infadrops' ""Infants' feverall"" 'Injectapap' 'Junior parapaed'
 'Mandanol' 'Medinol' 'Medinol for children' 'Medinol over 6'
 'Medinol under 6' 'Medised plain' 'Miradol' 'Neopap' 'Ofirmev' 'Paldesic'
 'Panadol' 'Panadol actifast' 'Panadol actifast solb' 'Panadol advan'
 'Panadol jnr' 'Panadol oa' 'Panaleve' 'Panaleve 6 plus' 'Paramin'
 'Parapaed jnr' 'Parapaed six plus' 'Paravict' 'Perfalgan' 'Placidex'
 'Rimadol' 'Salzone' 'Tixymol' 'Tramil 500' 'Tylenol' 'Tylenol (caplet)'
 'Tylenol (geltab)']",Small molecule,"Back pain, Dysmenorrhea, Fever, Headache, Pain, arthritis, common cold, influenza, migraine disorder, muscle cramp, pharyngitis, toothache","Cyclooxygenase, Fatty-acid amide hydrolase 1, Transient receptor potential cation channel subfamily V member 1","FAAH, PTGS1, PTGS2, TRPV1","Enzyme, Ion channel","Anandamide amidohydrolase inhibitor, Cyclooxygenase inhibitor, Vanilloid receptor opener"
ACETAZOLAMIDE,['Acetazolamide' 'Diamox' 'Diamox sr' 'Eytazox'],Small molecule,"Seizure, altitude sickness, angle-closure glaucoma, congestive heart failure, edema, epilepsy, glaucoma, heart failure","Carbonic anhydrase 1, Carbonic anhydrase 12, Carbonic anhydrase 2, Carbonic anhydrase 4","CA1, CA12, CA2, CA4",Enzyme,"Carbonic anhydrase I inhibitor, Carbonic anhydrase II inhibitor, Carbonic anhydrase IV inhibitor, Carbonic anhydrase XII inhibitor"
ACETAZOLAMIDE SODIUM,['Acetazolamide sodium' 'Diamox'],Small molecule,"Seizure, angle-closure glaucoma, edema, glaucoma","Carbonic anhydrase 1, Carbonic anhydrase 12, Carbonic anhydrase 2, Carbonic anhydrase 4","CA1, CA12, CA2, CA4",Enzyme,"Carbonic anhydrase I inhibitor, Carbonic anhydrase II inhibitor, Carbonic anhydrase IV inhibitor, Carbonic anhydrase XII inhibitor"
ACETOHEXAMIDE,['Acetohexamide' 'Dimelor' 'Dymelor'],Small molecule,diabetes mellitus,"Sulfonylurea receptor 1, Kir6.2","ABCC8, KCNJ11","Ion channel, Transporter","Sulfonylurea receptor 1, Kir6.2 blocker"
ACETOPHENAZINE,[],Small molecule,psychosis,D(2) dopamine receptor,DRD2,Membrane receptor,Dopamine D2 receptor antagonist
ACETYLCHOLINE,[],Small molecule,glaucoma,Muscarinic acetylcholine receptor M3,CHRM3,Membrane receptor,Muscarinic acetylcholine receptor M3 agonist
ACETYLCHOLINE CHLORIDE,['Miochol' 'Miochol-e' 'Miphtel'],Small molecule,"Miosis, cataract",Muscarinic acetylcholine receptor M3,CHRM3,Membrane receptor,Muscarinic acetylcholine receptor M3 agonist
ACETYLDIGITOXIN,['Acylanid'],Small molecule,cardiovascular disease,Sodium/potassium-transporting ATPase,"ATP1A1, ATP1A2, ATP1A3, ATP1A4","Enzyme, Transporter",Sodium/potassium-transporting ATPase inhibitor
ACITRETIN,['Acitretin' 'Neotigason' 'Soriatane'],Small molecule,"psoriasis, psoriasis vulgaris",Retinoid receptor,"RARA, RARB, RARG, RXRA, RXRB, RXRG","Enzyme, Transcription factor",Retinoid receptor agonist
ACLIDINIUM BROMIDE,"['Aclidinium bromide component of duaklir pressair' 'Bretaris genuair'
 'Eklira' 'Eklira genuair' 'Tudorza pressair']",Small molecule,"Airway obstruction, asthma, chronic bronchitis, chronic obstructive pulmonary disease, emphysema",Muscarinic acetylcholine receptor M3,CHRM3,Membrane receptor,Muscarinic acetylcholine receptor M3 antagonist
ACRIVASTINE,"['Acrivastine component of semprex-d'
 'Benadryl allgy relief plus decongest' 'Semprex']",Small molecule,allergic disease,Histamine H1 receptor,HRH1,Membrane receptor,Histamine H1 receptor antagonist
ADAGRASIB,['Krazati'],Small molecule,"neoplasm, non-small cell lung carcinoma",GTPase KRas,KRAS,"Enzyme, Unclassified protein",GTPase KRas inhibitor
ADALIMUMAB,"['Amgevita' 'Amsparity' 'Cyltezo' 'Halimatoz' 'Hefiya' 'Hulio' 'Humira'
 'Idacio' 'Imraldi' 'Kromeya' 'Libmyris' 'Solymbic' 'Trudexa']",Antibody,"Crohn's disease, ankylosing spondylitis, arthritis, hidradenitis suppurativa, immune system disease, juvenile idiopathic arthritis, psoriasis, psoriatic arthritis, rheumatoid arthritis, ulcerative colitis, uveitis",Tumor necrosis factor,TNF,Secreted protein,TNF-alpha inhibitor
ADAPALENE,"['Adapalene' 'Adapalene component of cabtreo'
 'Adapalene component of epiduo' 'Adapalene component of idp-126'
 'Differin']",Small molecule,acne,Retinoic acid receptor,"RARA, RARB, RARG","Enzyme, Transcription factor",Retinoic acid receptor agonist
ADENOSINE,['Adenocard' 'Adenocor' 'Adenoscan' 'Adenosine'],Small molecule,"Wolff-Parkinson-White Syndrome, cardiovascular disease, paroxysmal tachycardia",Adenosine receptor,"ADORA1, ADORA2A, ADORA2B, ADORA3",Membrane receptor,Adenosine receptor agonist
ADUCANUMAB,['Aduhelm'],Antibody,"Alzheimer disease, Dementia",Amyloid-beta precursor protein,APP,Membrane receptor,Amyloid-beta A4 protein binding agent
AFAMELANOTIDE,['Scenesse'],Protein,erythropoietic protoporphyria,Melanocyte-stimulating hormone receptor,MC1R,Membrane receptor,Melanocortin receptor 1 agonist
AFATINIB DIMALEATE,['Gilotrif' 'Giotrif'],Small molecule,non-small cell lung carcinoma,"Epidermal growth factor receptor, Receptor tyrosine-protein kinase erbB-2, Receptor tyrosine-protein kinase erbB-4","EGFR, ERBB2, ERBB4","Enzyme, Unclassified protein","Epidermal growth factor receptor erbB1 inhibitor, Receptor protein-tyrosine kinase erbB-2 inhibitor, Receptor protein-tyrosine kinase erbB-4 inhibitor"
AFLIBERCEPT,['Eylea' 'Yesafili' 'Zaltrap'],Protein,"colorectal adenocarcinoma, colorectal cancer, diabetic retinopathy, macrovascular complications of diabetes, macular retinal edema, neoplasm, ocular vascular disease, retinal vein occlusion, wet macular degeneration","Placenta growth factor, Vascular endothelial growth factor A, long form","PGF, VEGFA","Enzyme, Secreted protein","Placenta growth factor inhibitor, Vascular endothelial growth factor A inhibitor"
AGOMELATINE,['Thymanax' 'Valdoxan'],Small molecule,major depressive disorder,"5-hydroxytryptamine receptor 2C, Melatonin receptor","HTR2C, MTNR1A, MTNR1B",Membrane receptor,"Melatonin receptor agonist, Serotonin 2c (5-HT2c) receptor antagonist"
ALBIGLUTIDE,['Eperzan'],Protein,"diabetes mellitus, type 2 diabetes mellitus",Glucagon-like peptide 1 receptor,GLP1R,Membrane receptor,Glucagon-like peptide 1 receptor agonist
ALBUTEROL,"['Aerolin' 'Aerolin 400' 'Aerolin auto' 'Airomir' 'Airsalb' 'Albuterol'
 'Asmasal clickhaler' 'Asmasal spacehaler' 'Asmaven' 'Asmavent'
 'Cobutolin' 'Combivent' 'Combivent udvs' 'Ipramol steri-neb' 'Kentamol'
 'Libetist' 'Maxivent' 'Proventil' 'Proventil hfa' 'Rimasal'
 'Salamol e-breathe' 'Salapin' 'Salbulin novolizer' 'Salbuvent'
 'Salipraneb' 'Steri-neb salamol' 'Ventmax sr' 'Ventodisks' 'Ventolin'
 'Ventolin cr' 'Ventolin e-breathe']",Small molecule,"Airway obstruction, asthma, chronic obstructive pulmonary disease",Beta-2 adrenergic receptor,ADRB2,Membrane receptor,Beta-2 adrenergic receptor agonist
ALBUTEROL SULFATE,"['Accuneb' 'Albuterol sulfate' 'Albuterol sulfate component of airsupra'
 'Albuterol sulfate component of combivent'
 'Albuterol sulfate component of duoneb' 'Proair' 'Proair digihaler'
 'Proair hfa' 'Proair respiclick' 'Proventil' 'Proventil-hfa'
 'Torpex (albuterol sulfate)' 'Ventolin' 'Ventolin hfa'
 'Ventolin rotacaps' 'Volmax' 'Vospire er']",Small molecule,"asthma, chronic obstructive pulmonary disease",Beta-2 adrenergic receptor,ADRB2,Membrane receptor,Beta-2 adrenergic receptor agonist
ALBUTREPENONACOG ALFA,['Idelvion'],Protein,hemophilia B,Coagulation factor IX,F9,"Enzyme, Secreted protein",Coagulation factor IX exogenous protein
ALCAFTADINE,['Lastacaft'],Small molecule,"allergic conjunctivitis, eye allergy",Histamine H1 receptor,HRH1,Membrane receptor,Histamine H1 receptor antagonist
ALCLOFENAC,"['Allopydin' 'Epinal' 'Medifenac' 'Mervan' 'Neosten' 'Neoston' 'Prinalgin'
 'Reufenac' 'Zumaril']",Small molecule,rheumatic disease,Prostaglandin G/H synthase 1,PTGS1,Enzyme,Cyclooxygenase-1 inhibitor
ALCLOMETASONE DIPROPIONATE,['Aclovate' 'Alclometasone dipropionate' 'Modrasone'],Small molecule,"eye inflammation, skin disease",Glucocorticoid receptor,NR3C1,Transcription factor,Glucocorticoid receptor agonist
ALDESLEUKIN,['Proleukin'],Protein,"metastatic melanoma, neoplasm",Interleukin-2 receptor,"IL2RA, IL2RB",Membrane receptor,Interleukin-2 receptor agonist
ALECTINIB,['Alecensa'],Small molecule,neoplasm,"EML4-ALK, Proto-oncogene tyrosine-protein kinase receptor Ret","ALK, EML4, RET","Enzyme, Other nuclear protein, Unclassified protein","EML4-ALK inhibitor, Tyrosine-protein kinase receptor RET inhibitor"
ALECTINIB HYDROCHLORIDE,['Alecensa'],Small molecule,non-small cell lung carcinoma,"EML4-ALK, Proto-oncogene tyrosine-protein kinase receptor Ret","ALK, EML4, RET","Enzyme, Other nuclear protein, Unclassified protein","EML4-ALK inhibitor, Tyrosine-protein kinase receptor RET inhibitor"
ALEFACEPT,['Amevive'],Protein,immune system disease,T-cell surface antigen CD2,CD2,"Other membrane protein, Surface antigen",T-cell surface antigen CD2 inhibitor
ALEMTUZUMAB,"['Campath mabcampath' 'Campath mabcampath, lemtrada' 'Lemtrada'
 'Mabcampath']",Antibody,"chronic lymphocytic leukemia, multiple sclerosis",CAMPATH-1 antigen,CD52,Surface antigen,CAMPATH-1 antigen inhibitor
ALENDRONATE SODIUM,"['Alendronate sodium' 'Alendronate sodium component of fosamax plus d'
 'Binosto' 'Fosamax']",Small molecule,"metabolic disease, osteitis deformans, osteoporosis, postmenopausal osteoporosis",Farnesyl pyrophosphate synthase,FDPS,Enzyme,Farnesyl diphosphate synthase inhibitor
ALENDRONIC ACID,['Binosto' 'Fosamax'],Small molecule,bone disease,Farnesyl pyrophosphate synthase,FDPS,Enzyme,Farnesyl diphosphate synthase inhibitor
ALFUZOSIN,[],Small molecule,benign prostatic hyperplasia,Adrenergic receptor alpha-1,"ADRA1A, ADRA1B, ADRA1D",Membrane receptor,Adrenergic receptor alpha-1 agonist
ALFUZOSIN HYDROCHLORIDE,"['Alfutral sr' 'Alfuzosin hydrochloride' 'Benestan' 'Benestan ret'
 'Besavar xl' 'Fuzatal xl' 'Kelanu xl' 'Urion s' 'Uroxatral' 'Vasran xl'
 'Xatral' 'Xatral sr' 'Zufal xl']",Small molecule,benign prostatic hyperplasia,Adrenergic receptor alpha-1,"ADRA1A, ADRA1B, ADRA1D",Membrane receptor,Adrenergic receptor alpha-1 agonist
ALIROCUMAB,['Praluent'],Antibody,"Abnormal circulating lipid concentration, atherosclerosis, cardiovascular disease, coronary artery disease, familial hypercholesterolemia",Proprotein convertase subtilisin/kexin type 9,PCSK9,Enzyme,Subtilisin/kexin type 9 inhibitor
ALISKIREN,['Rasilez'],Small molecule,cardiovascular disease,Renin,REN,Enzyme,Renin inhibitor
ALISKIREN FUMARATE,"['Aliskiren fumarate component of amturnide  aliskiren hemifumarate'
 'Aliskiren fumarate component of raprazo-hct  aliskiren hemifumarate'
 'Aliskiren fumarate component of rasilamlo  aliskiren hemifumarate'
 'Aliskiren fumarate component of rasilez-hct  aliskiren hemifumarate'
 'Aliskiren fumarate component of rasitrio  aliskiren hemifumarate'
 'Aliskiren fumarate component of sprimeo-hct  aliskiren hemifumarate'
 'Aliskiren fumarate component of tekamlo  aliskiren hemifumarate'
 'Aliskiren fumarate component of tekturna hct  aliskiren hemifumarate'
 'Aliskiren fumarate component of valturna  aliskiren hemifumarate'
 'Aliskiren hemifumarate component of amturnide'
 'Aliskiren hemifumarate component of tekamlo'
 'Aliskiren hemifumarate component of valturna' 'Enviage' 'Rasilez'
 'Riprazo' 'Sprimeo' 'Tekturna']",Small molecule,"hypertension, stroke",Renin,REN,Enzyme,Renin inhibitor
ALITRETINOIN,['Panretin' 'Toctino'],Small molecule,"Eczematoid dermatitis, Kaposi's sarcoma, neoplasm",Retinoid receptor,"RARA, RARB, RARG, RXRA, RXRB, RXRG","Enzyme, Transcription factor",Retinoid receptor agonist
ALLOPURINOL,"['Allopurinol' 'Allopurinol component of duzallo' 'Aloral' 'Aluline 100'
 'Aluline 300' 'Caplenal' 'Cosuric' 'Hamarin 100' 'Hamarin 300' 'Ledopur'
 'Lopurin' 'Uricto' 'Xanthomax-100' 'Xanthomax-300' 'Zyloprim' 'Zyloric'
 'Zyloric-300']",Small molecule,"cancer, gout, leukemia, lymphoma",Xanthine dehydrogenase/oxidase,XDH,Enzyme,Xanthine dehydrogenase inhibitor
ALMOTRIPTAN MALATE,['Almotriptan malate' 'Axert'],Small molecule,migraine disorder,"5-hydroxytryptamine receptor 1B, 5-hydroxytryptamine receptor 1D, 5-hydroxytryptamine receptor 1F","HTR1B, HTR1D, HTR1F","Ion channel, Membrane receptor","Serotonin 1b (5-HT1b) receptor agonist, Serotonin 1d (5-HT1d) receptor agonist, Serotonin 1f (5-HT1f) receptor agonist"
ALOGLIPTIN BENZOATE,"['Alogliptin benzoate component of kazano'
 'Alogliptin benzoate component of oseni' 'Nesina' 'Vipidia']",Small molecule,type 2 diabetes mellitus,Dipeptidyl peptidase 4,DPP4,Enzyme,Dipeptidyl peptidase IV inhibitor
ALOSETRON,[],Small molecule,gastrointestinal disease,5-hydroxytryptamine receptor 3A,HTR3A,"Ion channel, Membrane receptor",Serotonin 3a (5-HT3a) receptor antagonist
ALOSETRON HYDROCHLORIDE,['Alosetron hydrochloride' 'Lotronex'],Small molecule,irritable bowel syndrome,5-hydroxytryptamine receptor 3A,HTR3A,"Ion channel, Membrane receptor",Serotonin 3a (5-HT3a) receptor antagonist
ALOXIPRIN,['Palaprin fte'],Unknown,"Fever, Pain, Recurrent thrombophlebitis",Cyclooxygenase,"PTGS1, PTGS2",Enzyme,Cyclooxygenase inhibitor
ALPELISIB,['Piqray' 'Vijoice'],Small molecule,"breast cancer, breast carcinoma, breast neoplasm, neoplasm","Phosphatidylinositol 4,5-bisphosphate 3-kinase catalytic subunit alpha isoform",PIK3CA,Enzyme,PI3-kinase p110-alpha subunit inhibitor
ALPRAZOLAM,['Alprazolam' 'Niravam' 'Xanax' 'Xanax xr'],Small molecule,"Anxiety, anxiety disorder, generalized anxiety disorder, panic disorder",GABA-A receptor; anion channel,"GABRA1, GABRA2, GABRA3, GABRA5, GABRG1, GABRG2, GABRG3",Ion channel,GABA-A receptor; anion channel positive allosteric modulator
ALPROSTADIL,"['Alprostadil' 'Caverject' 'Caverject impulse' 'Edex' 'Prostin vr'
 'Prostin vr pediatric' 'Viridal 10' 'Viridal 20' 'Viridal 5'
 'Viridal duo' 'Vitaros']",Small molecule,"Patent ductus arteriosus, cardiovascular disease, erectile dysfunction","Prostaglandin E2 receptor EP1 subtype, Prostaglandin E2 receptor EP2 subtype","PTGER1, PTGER2",Membrane receptor,"Prostanoid EP1 receptor agonist, Prostanoid EP2 receptor agonist"
ALTEPLASE,['Actilyse' 'Actilyse cathflo' 'Activase' 'Cathflo activase'],Enzyme,"Recurrent thrombophlebitis, congestive heart failure, eye disease, heart failure, myocardial infarction, pulmonary embolism, stroke, thrombotic disease",Tissue-type plasminogen activator,PLAT,Enzyme,Tissue-type plasminogen activator exogenous protein
ALVIMOPAN,['Entereg'],Small molecule,Constipation,Mu-type opioid receptor,OPRM1,Membrane receptor,Mu opioid receptor antagonist
AMANTADINE,[],Small molecule,Parkinson disease,Glutamate [NMDA] receptor,"GRIN1, GRIN2A, GRIN2B, GRIN2C, GRIN2D, GRIN3A, GRIN3B",Ion channel,Glutamate [NMDA] receptor antagonist
AMANTADINE HYDROCHLORIDE,"['Amantadine hydrochloride' 'Gocovri' 'Lysovir' 'Mantadine' 'Osmolex er'
 'Symadine' 'Symmetrel']",Small molecule,"Parkinson disease, Parkinsonism, cerebral atherosclerosis, infection, influenza, postencephalitic Parkinson disease, secondary Parkinson disease",Glutamate [NMDA] receptor,"GRIN1, GRIN2A, GRIN2B, GRIN2C, GRIN2D, GRIN3A, GRIN3B",Ion channel,Glutamate [NMDA] receptor antagonist
AMBRISENTAN,['Ambrisentan mylan' 'Letairis' 'Volibris'],Small molecule,"hypertension, pulmonary arterial hypertension, pulmonary hypertension","Endothelin receptor, ET-A/ET-B","EDNRA, EDNRB",Membrane receptor,"Endothelin receptor, ET-A/ET-B antagonist"
AMIFAMPRIDINE,['Ruzurgi'],Small molecule,Myasthenia gravis,Voltage-gated potassium channel,"KCNA1, KCNA10, KCNA2, KCNA3, KCNA4, KCNA5, KCNA6, KCNA7, KCNB1, KCNB2, KCNC1, KCNC2, KCNC3, KCNC4, KCND1, KCND2, KCND3, KCNF1, KCNG1, KCNG2, KCNG3, KCNG4, KCNH1, KCNH2, KCNH3, KCNH4, KCNH5, KCNH6, KCNH7, KCNH8, KCNQ1, KCNQ2, KCNQ3, KCNQ4, KCNQ5, KCNS1, KCNS2, KCNS3, KCNV1, KCNV2","Ion channel, Transporter",Voltage-gated potassium channel blocker
AMIFAMPRIDINE PHOSPHATE,['Amifampridine serb' 'Firdapse' 'Firdapse (previously zenas)'],Small molecule,Myasthenia gravis,Voltage-gated potassium channel,"KCNA1, KCNA10, KCNA2, KCNA3, KCNA4, KCNA5, KCNA6, KCNA7, KCNB1, KCNB2, KCNC1, KCNC2, KCNC3, KCNC4, KCND1, KCND2, KCND3, KCNF1, KCNG1, KCNG2, KCNG3, KCNG4, KCNH1, KCNH2, KCNH3, KCNH4, KCNH5, KCNH6, KCNH7, KCNH8, KCNQ1, KCNQ2, KCNQ3, KCNQ4, KCNQ5, KCNS1, KCNS2, KCNS3, KCNV1, KCNV2","Ion channel, Transporter",Voltage-gated potassium channel blocker
AMILORIDE,[],Small molecule,cardiovascular disease,"Amiloride-sensitive sodium channel, ENaC",SCNN1A,Ion channel,"Amiloride-sensitive sodium channel, ENaC blocker"
AMILORIDE HYDROCHLORIDE,"['Amilamont' 'Amiloride hydrochloride'
 'Amiloride hydrochloride component of hydro-ride'
 'Amiloride hydrochloride component of moduretic' 'Amilospare 5' 'Amoride'
 'Berkamil' 'Midamor']",Small molecule,"cardiac arrhythmia, congestive heart failure, hypertension","Amiloride-sensitive sodium channel, ENaC",SCNN1A,Ion channel,"Amiloride-sensitive sodium channel, ENaC blocker"
AMINOCAPROIC ACID,['Amicar' 'Aminocaproic' 'Aminocaproic acid' 'Epsikapron'],Small molecule,hemorrhage,"Plasminogen, Tissue-type plasminogen activator","PLAT, PLG",Enzyme,"Plasminogen inhibitor, Tissue-type plasminogen activator inhibitor"
AMINOGLUTETHIMIDE,['Cytadren' 'Orimeten'],Small molecule,neoplasm,"Aromatase, Cholesterol side-chain cleavage enzyme, mitochondrial","CYP11A1, CYP19A1","Enzyme, Unclassified protein","Cytochrome P450 11A1 inhibitor, Cytochrome P450 19A1 inhibitor"
AMINOPHYLLINE,"['Aminophyllin' 'Aminophylline' 'Aminophylline dye free' 'Ammophyllin'
 'Amnivent-225 sr' 'Amnivent-350 sr' 'Peterphyllin' 'Phyllocontin'
 'Somophyllin' 'Somophyllin-df' 'Truphylline']",Protein,"Airway obstruction, asthma","Adenosine receptor, Phosphodiesterase 3, Phosphodiesterase 4","ADORA1, ADORA2A, ADORA2B, ADORA3, PDE3A, PDE3B, PDE4A, PDE4B, PDE4C, PDE4D","Enzyme, Membrane receptor","Adenosine receptor antagonist, Phosphodiesterase 3 inhibitor, Phosphodiesterase 4 inhibitor"
AMIODARONE,[],Small molecule,"Ventricular arrhythmia, cardiac arrhythmia",Voltage-gated inwardly rectifying potassium channel KCNH2,KCNH2,Ion channel,HERG blocker
AMIODARONE HYDROCHLORIDE,"['Amidox' 'Amiodarone hydrochloride' 'Amyben' 'Cordarone' 'Cordarone x'
 'Cordarone x 100' 'Cordarone x 200' 'Darmil' 'Nexterone' 'Pacerone']",Small molecule,"Ventricular arrhythmia, ventricular fibrillation, ventricular tachycardia",Voltage-gated inwardly rectifying potassium channel KCNH2,KCNH2,Ion channel,HERG blocker
AMISULPRIDE,['Barhemsys' 'Solian' 'Solian 100' 'Solian 200' 'Solian 400' 'Solian 50'],Small molecule,"Nausea and vomiting, post operative nausea and vomiting, psychosis","Dopamine receptors; D2 & D3, Serotonin (5-HT) receptor","DRD2, DRD3, HTR1A, HTR1B, HTR1D, HTR1E, HTR1F, HTR2A, HTR2B, HTR2C, HTR3A, HTR3B, HTR3C, HTR3D, HTR3E, HTR4, HTR5A, HTR6, HTR7","Ion channel, Membrane receptor","Dopamine receptors; D2 & D3 antagonist, Serotonin (5-HT) receptor antagonist"
AMITRIPTYLINE,[],Small molecule,depressive disorder,"Sodium-dependent noradrenaline transporter, Sodium-dependent serotonin transporter","SLC6A2, SLC6A4",Transporter,"Norepinephrine transporter inhibitor, Serotonin transporter inhibitor"
AMIVANTAMAB,['Rybrevant'],Antibody,"neoplasm, non-small cell lung carcinoma","Epidermal growth factor receptor, Hepatocyte growth factor receptor","EGFR, MET","Enzyme, Unclassified protein","Epidermal growth factor receptor erbB1 inhibitor, Hepatocyte growth factor receptor inhibitor"
AMLEXANOX,['Amlexanox' 'Aphthasol'],Small molecule,Airway obstruction,Phosphodiesterase 4,"PDE4A, PDE4B, PDE4C, PDE4D",Enzyme,Phosphodiesterase 4 inhibitor
AMLODIPINE,['Astudal 5' 'Istin' 'Norvas' 'Norvasc'],Small molecule,cardiovascular disease,Voltage-gated L-type calcium channel,"CACNA1C, CACNA1D, CACNA1F, CACNA1S","Auxiliary transport protein, Ion channel",Voltage-gated L-type calcium channel blocker
AMLODIPINE BENZOATE,['Katerzia'],Small molecule,hypertension,Voltage-gated L-type calcium channel,"CACNA1C, CACNA1D, CACNA1F, CACNA1S","Auxiliary transport protein, Ion channel",Voltage-gated L-type calcium channel blocker
AMLODIPINE BESYLATE,"['Amlodipine besylate' 'Amlodipine besylate component of amlessa'
 'Amlodipine besylate component of amturnide'
 'Amlodipine besylate component of azor'
 'Amlodipine besylate component of caduet'
 'Amlodipine besylate component of consensi'
 'Amlodipine besylate component of copalia'
 'Amlodipine besylate component of dafiro  amlodipine besilate'
 'Amlodipine besylate component of dafiro-hct  amlodipine besilate'
 'Amlodipine besylate component of exforge'
 'Amlodipine besylate component of exforge  amlodipine besilate'
 'Amlodipine besylate component of exforge hct'
 'Amlodipine besylate component of exforge-hct  amlodipine besilate'
 'Amlodipine besylate component of imprida  amlodipine besilate'
 'Amlodipine besylate component of imprida-hct  amlodipine besilate'
 'Amlodipine besylate component of lotrel'
 'Amlodipine besylate component of onduarp'
 'Amlodipine besylate component of prestalia'
 'Amlodipine besylate component of tekamlo'
 'Amlodipine besylate component of tribenzor'
 'Amlodipine besylate component of twynsta' 'Norliqva' 'Norvasc']",Small molecule,"Hypercholesterolemia, Prinzmetal's angina, angina pectoris, congestive heart failure, coronary artery disease, diabetes mellitus, familial hypercholesterolemia, heart failure, hyperlipidemia, hypertension, myocardial infarction, osteoarthritis, stroke",Voltage-gated L-type calcium channel,"CACNA1C, CACNA1D, CACNA1F, CACNA1S","Auxiliary transport protein, Ion channel",Voltage-gated L-type calcium channel blocker
AMPHETAMINE,"['Adzenys er' 'Adzenys xr-odt' 'Dyanavel xr'
 'Mydayis (mixed salts of a single entity)']",Small molecule,attention deficit hyperactivity disorder,"Sodium-dependent dopamine transporter, Sodium-dependent noradrenaline transporter","SLC6A2, SLC6A3",Transporter,"Dopamine transporter releasing agent, Norepinephrine transporter releasing agent"
AMPHETAMINE SULFATE,"['Amphetamine sulfate' 'Amphetamine sulfate component of delcobese'
 'Amphetamine sulfate component of mydayis' 'Evekeo' 'Evekeo odt']",Small molecule,"attention deficit hyperactivity disorder, narcolepsy-cataplexy syndrome, obesity","Sodium-dependent dopamine transporter, Sodium-dependent noradrenaline transporter","SLC6A2, SLC6A3",Transporter,"Dopamine transporter releasing agent, Norepinephrine transporter releasing agent"
AMSACRINE,['Amsidyl'],Small molecule,neoplasm,DNA topoisomerase II,"TOP2A, TOP2B",Enzyme,DNA topoisomerase II inhibitor
ANAGRELIDE,[],Small molecule,neoplasm,Phosphodiesterase 3,"PDE3A, PDE3B",Enzyme,Phosphodiesterase 3 inhibitor
ANAGRELIDE HYDROCHLORIDE,"['Agrelin' 'Agrylin' 'Anagrelide hydrochloride' 'Anagrelide mylan'
 'Anagrelide viatris (previously anagrelide mylan)' 'Xagrid']",Small molecule,"Recurrent thrombophlebitis, essential thrombocythemia, myeloproliferative disorder, thrombotic disease",Phosphodiesterase 3,"PDE3A, PDE3B",Enzyme,Phosphodiesterase 3 inhibitor
ANAKINRA,['Antril' 'Kineret'],Protein,"CINCA syndrome, immune system disease, rheumatoid arthritis",Interleukin-1 receptor type 1,IL1R1,Membrane receptor,Interleukin-1 receptor antagonist
ANASTROZOLE,['Anastrozole' 'Arimidex' 'Nastrosa'],Small molecule,"breast cancer, breast carcinoma, breast neoplasm, neoplasm",Aromatase,CYP19A1,"Enzyme, Unclassified protein",Cytochrome P450 19A1 inhibitor
ANDEXANET ALFA,['Ondexxya'],Protein,drug toxicity,Tissue factor pathway inhibitor,TFPI,Unclassified protein,Tissue factor pathway inhibitor inhibitor
ANGIOTENSIN II,[],Protein,cardiovascular disease,Type-1 angiotensin II receptor,AGTR1,Membrane receptor,Type-1 angiotensin II receptor agonist
ANGIOTENSIN II ACETATE,['Giapreza'],Protein,"Shock, hypotension, septic shock",Type-1 angiotensin II receptor,AGTR1,Membrane receptor,Type-1 angiotensin II receptor agonist
ANIFROLUMAB,['Saphnelo'],Antibody,systemic lupus erythematosus,Interferon alpha/beta receptor 1,IFNAR1,Membrane receptor,Interferon-alpha/beta receptor alpha chain antagonist
ANISTREPLASE,['Eminase'],Enzyme,Recurrent thrombophlebitis,Plasminogen,PLG,Enzyme,Plasminogen activator
"ANTIHEMOPHILIC FACTOR, PEGYLATED (MW 20000) HUMAN SEQUENCE RECOMBINANT",['Adynovi'],Unknown,hemophilia A,Coagulation factor VIII,F8,"Enzyme, Secreted protein",Coagulation factor VIII exogenous protein
ANTIPYRINE,[],Small molecule,"Fever, Pain",Prostaglandin G/H synthase 1,PTGS1,Enzyme,Cyclooxygenase-1 inhibitor
ANTITHROMBIN ALFA,['Atryn'],Protein,Reduced antithrombin III activity,"Coagulation factor X, Prothrombin","F10, F2","Enzyme, Secreted protein","Coagulation factor X inhibitor, Thrombin inhibitor"
APALUTAMIDE,['Erleada'],Small molecule,"neoplasm, prostate adenocarcinoma, prostate cancer, prostate carcinoma",Androgen receptor,AR,Transcription factor,Androgen Receptor antagonist
APAZONE,['Rheumox' 'Rheumox 600'],Small molecule,rheumatic disease,Cyclooxygenase,"PTGS1, PTGS2",Enzyme,Cyclooxygenase inhibitor
APIXABAN,['Apixaban accord' 'Eliquis'],Small molecule,"Recurrent thrombophlebitis, atrial fibrillation, deep vein thrombosis, pulmonary embolism, stroke, thrombotic disease, venous thromboembolism",Coagulation factor X,F10,"Enzyme, Secreted protein",Coagulation factor X inhibitor
APOMORPHINE,[],Small molecule,"Parkinson disease, erectile dysfunction",D2-like dopamine receptor,"DRD2, DRD3, DRD4",Membrane receptor,D2-like dopamine receptor agonist
APRACLONIDINE,['Iopidine'],Small molecule,glaucoma,Adrenergic receptor alpha-2,"ADRA2A, ADRA2B, ADRA2C",Membrane receptor,Adrenergic receptor alpha-2 agonist
APREMILAST,['Apremilast accord' 'Otezla'],Small molecule,"Oral ulcer, immune system disease, psoriasis, psoriasis vulgaris, psoriatic arthritis, pustulosis palmaris et plantaris",Phosphodiesterase 4,"PDE4A, PDE4B, PDE4C, PDE4D",Enzyme,Phosphodiesterase 4 inhibitor
APREPITANT,['Aponvie' 'Aprepitant' 'Cinvanti' 'Emend'],Small molecule,"Chemotherapy-induced nausea and vomiting, Nausea, Nausea and vomiting, Vomiting, cancer, post operative nausea and vomiting",Substance-P receptor,TACR1,Membrane receptor,Neurokinin 1 receptor antagonist
APROTININ,['Trasylol'],Unknown,hemorrhage,"Plasma kallikrein, Plasminogen","KLKB1, PLG",Enzyme,"Plasma kallikrein inhibitor, Plasminogen inhibitor"
ARCITUMOMAB,['Cea-scan'],Antibody,"colorectal neoplasm, radiologic finding",Carcinoembryonic antigen-related cell adhesion molecule 5,CEACAM5,Adhesion,Carcinoembryonic antigen-related cell adhesion molecule 5 binding agent
ARFORMOTEROL TARTRATE,['Brovana'],Small molecule,"chronic bronchitis, chronic obstructive pulmonary disease, emphysema",Beta-2 adrenergic receptor,ADRB2,Membrane receptor,Beta-2 adrenergic receptor agonist
ARGATROBAN,"['Acova' 'Argatroban' 'Argatroban in dextrose'
 'Argatroban in sodium chloride' 'Novastan']",Small molecule,"Recurrent thrombophlebitis, Thrombocytopenia, thrombotic disease",Prothrombin,F2,Enzyme,Thrombin inhibitor
ARIPIPRAZOLE,"['Abilify' 'Abilify asimtufii' 'Abilify maintena' 'Abilify maintena kit'
 'Abilify mycite kit' 'Aripiprazole' 'Aripiprazole accord'
 'Aripiprazole mylan pharma (previously aripiprazole pharmathen)'
 'Aripiprazole sandoz' 'Aripiprazole zentiva' 'Opipza']",Small molecule,"Agitation, Tourette syndrome, aggressive behavior, autism, bipolar I disorder, bipolar disorder, depressive disorder, major depressive disorder, psychosis, schizoaffective disorder, schizophrenia","5-hydroxytryptamine receptor 1A, 5-hydroxytryptamine receptor 2A, D(2) dopamine receptor","DRD2, HTR1A, HTR2A",Membrane receptor,"Dopamine D2 receptor partial agonist, Serotonin 1a (5-HT1a) receptor partial agonist, Serotonin 2a (5-HT2a) receptor antagonist"
ARIPIPRAZOLE LAUROXIL,['Aristada' 'Aristada initio kit'],Small molecule,schizophrenia,"5-hydroxytryptamine receptor 1A, 5-hydroxytryptamine receptor 2A, D(2) dopamine receptor","DRD2, HTR1A, HTR2A",Membrane receptor,"Dopamine D2 receptor partial agonist, Serotonin 1a (5-HT1a) receptor partial agonist, Serotonin 2a (5-HT2a) receptor antagonist"
ARMODAFINIL,['Armodafinil' 'Nuvigil'],Small molecule,"Sleep Disorder, attention deficit hyperactivity disorder, narcolepsy-cataplexy syndrome, obstructive sleep apnea",Sodium-dependent dopamine transporter,SLC6A3,Transporter,Dopamine transporter inhibitor
ASCIMINIB,[],Small molecule,neoplasm,"Bcr/Abl fusion protein, Tyrosine-protein kinase ABL1","ABL1, BCR","Enzyme, Other cytosolic protein, Unclassified protein","Bcr/Abl fusion protein inhibitor, Tyrosine-protein kinase ABL inhibitor"
ASCIMINIB HYDROCHLORIDE,['Scemblix'],Small molecule,"Blast Phase Chronic Myelogenous Leukemia, BCR-ABL1 Positive, chronic myelogenous leukemia",Bcr/Abl fusion protein,"ABL1, BCR","Enzyme, Other cytosolic protein, Unclassified protein",Bcr/Abl fusion protein inhibitor
ASENAPINE,['Secuado' 'Sycrest'],Small molecule,"bipolar I disorder, psychosis, schizophrenia","5-hydroxytryptamine receptor 2A, D(2) dopamine receptor","DRD2, HTR2A",Membrane receptor,"Dopamine D2 receptor antagonist, Serotonin 2a (5-HT2a) receptor antagonist"
ASENAPINE MALEATE,['Saphris' 'Sycrest'],Small molecule,"bipolar I disorder, bipolar disorder, schizophrenia","5-hydroxytryptamine receptor 2A, D(2) dopamine receptor","DRD2, HTR2A",Membrane receptor,"Dopamine D2 receptor antagonist, Serotonin 2a (5-HT2a) receptor antagonist"
ASPIRIN,"['8-hour bayer' 'Acetosalic acid' 'Acetylsalic acid' 'Alka rapid'
 'Anadin all night' 'Angettes 75' 'Aspirin' 'Aspirin component of -pc'
 'Aspirin component of aggrenox' 'Aspirin component of axotal'
 'Aspirin component of azdone'
 'Aspirin component of carisoprodol compound'
 'Aspirin component of clopidogrel/acetylsalicylic acid'
 'Aspirin component of codoxy' 'Aspirin component of darvon compound'
 'Aspirin component of duocover' 'Aspirin component of duoplavin'
 'Aspirin component of equagesic' 'Aspirin component of excedrin'
 'Aspirin component of fiorinal' 'Aspirin component of invagesic'
 'Aspirin component of invagesic forte' 'Aspirin component of lanorinal'
 'Aspirin component of mepro-' 'Aspirin component of micrainin'
 'Aspirin component of norgesic' 'Aspirin component of orphengesic'
 'Aspirin component of orphengesic forte' 'Aspirin component of pa-32540'
 'Aspirin component of percodan' 'Aspirin component of percodan-demi'
 'Aspirin component of pl2200' 'Aspirin component of pravigard pac'
 'Aspirin component of q-gesic' 'Aspirin component of robaxisal'
 'Aspirin component of roxiprin' 'Aspirin component of soma compound'
 'Aspirin component of synalgos-dc' 'Aspirin component of talwin compound'
 'Aspirin component of vicoprin' 'Aspirin component of yosprala'
 'Aspro clr' 'Bayer extra strength aspirin for migraine pain' 'Danamep'
 'Disprin cv' 'Disprin direct' 'Durlaza' 'Enprin' 'Equi-prin' 'Gencardia'
 'Levius' 'Max strgh aspro clr' 'Measurin' 'Micropirin ec' 'Nu-seals 300'
 'Nu-seals 600' 'Nu-seals 75' 'Nu-seals cardio 75' 'Paynocil' 'Platet'
 'Platet 300' 'Postmi 300' 'Postmi 75' 'Salicylic acid acetate' 'Vazalore']",Small molecule,"Back pain, Dysmenorrhea, Fever, Headache, Muscle spasm, Myalgia, Pain, Recurrent thrombophlebitis, acute myocardial infarction, arthritis, common cold, coronary artery disease, migraine disorder, muscle cramp, myocardial infarction, non-allergic rhinitis, stroke, thrombotic disease, toothache",Cyclooxygenase,"PTGS1, PTGS2",Enzyme,Cyclooxygenase inhibitor
ASTEMIZOLE,['Hismanal' 'Pollon-eze'],Small molecule,allergic disease,Histamine H1 receptor,HRH1,Membrane receptor,Histamine H1 receptor antagonist
ATALUREN,['Translarna'],Small molecule,Duchenne muscular dystrophy,80S Ribosome,"FAU, RPL10, RPL10A, RPL11, RPL12, RPL13, RPL13A, RPL14, RPL15, RPL17, RPL18, RPL18A, RPL19, RPL21, RPL22, RPL23, RPL23A, RPL24, RPL26, RPL27, RPL27A, RPL28, RPL29, RPL3, RPL30, RPL31, RPL32, RPL34, RPL35, RPL35A, RPL36, RPL36A, RPL37, RPL37A, RPL38, RPL39, RPL4, RPL41, RPL5, RPL6, RPL7, RPL7A, RPL8, RPL9, RPLP0, RPLP1, RPS10, RPS11, RPS12, RPS13, RPS14, RPS15, RPS15A, RPS16, RPS17, RPS18, RPS19, RPS2, RPS20, RPS21, RPS23, RPS24, RPS25, RPS26, RPS27, RPS27A, RPS28, RPS29, RPS3, RPS3A, RPS4X, RPS4Y1, RPS5, RPS6, RPS7, RPS8, RPS9, RPSA","Other cytosolic protein, Unclassified protein",80S Ribosome modulator
ATENOLOL,"['Antipressan' 'Atenamin' 'Atenix-100' 'Atenix-25' 'Atenix-50' 'Atenolol'
 'Atenolol component of polycap' 'Atenolol component of tenoretic'
 'Ibinolo' 'Kentol' 'Tenormin' 'Tenormin 25' 'Tenormin l.s.' 'Totamol'
 'Unibloc' 'Vasaten']",Small molecule,"angina pectoris, cardiovascular disease, coronary atherosclerosis, diabetes mellitus, hypertension, myocardial infarction, stroke",Beta-1 adrenergic receptor,ADRB1,Membrane receptor,Beta-1 adrenergic receptor antagonist
ATEZOLIZUMAB,['Atezolizumab component of tecentriq hybreza' 'Tecentriq'],Antibody,"Transitional Cell Carcinoma, benign urinary system neoplasm, breast cancer, breast neoplasm, lung cancer, neoplasm, non-small cell lung carcinoma, small cell lung carcinoma, urothelial carcinoma",Programmed cell death 1 ligand 1,CD274,Unclassified protein,Programmed cell death 1 ligand 1 inhibitor
ATIDARSAGENE AUTOTEMCEL,['Lenmeldy' 'Libmeldy'],Gene,metachromatic leukodystrophy,ARSA,ARSA,Enzyme,ARSA exogenous gene
ATOGEPANT,['Aquipta' 'Qulipta'],Small molecule,migraine disorder,Calcitonin gene-related peptide type 1 receptor,CALCRL,"Membrane receptor, Unclassified protein",Calcitonin gene-related peptide type 1 receptor antagonist
ATOMOXETINE,"['Atomoxetine component of ad-109' 'Atomoxetine component of ad-313'
 'Atomoxetine component of ad109' 'Atomoxetine component of ad313']",Small molecule,attention deficit hyperactivity disorder,Sodium-dependent noradrenaline transporter,SLC6A2,Transporter,Norepinephrine transporter inhibitor
ATOMOXETINE HYDROCHLORIDE,['Atomoxetine hydrochloride' 'Strattera'],Small molecule,attention deficit hyperactivity disorder,Sodium-dependent noradrenaline transporter,SLC6A2,Transporter,Norepinephrine transporter inhibitor
ATORVASTATIN,['Cardyl' 'Lipitor' 'Prevencor' 'Sortis' 'Tahor' 'Zarator'],Small molecule,cardiovascular disease,3-hydroxy-3-methylglutaryl-coenzyme A reductase,HMGCR,"Enzyme, Unclassified protein",HMG-CoA reductase inhibitor
ATORVASTATIN CALCIUM,"['Atorvaliq' 'Atorvastatin calcium'
 'Atorvastatin calcium component of caduet'
 'Atorvastatin calcium component of liptruzet'
 'Atorvastatin calcium component of ocustatin   trihydrate' 'Lipitor'
 'Torvast' 'Totalip']",Small molecule,"Abnormal circulating lipid concentration, Hypercholesterolemia, acute myocardial infarction, angina pectoris, congestive heart failure, coronary artery disease, familial hypercholesterolemia, hyperlipidemia, hypertension, myocardial infarction, stroke",3-hydroxy-3-methylglutaryl-coenzyme A reductase,HMGCR,"Enzyme, Unclassified protein",HMG-CoA reductase inhibitor
ATOSIBAN ACETATE,['Atosiban sun' 'Tractocile'],Protein,premature birth,Oxytocin receptor,OXTR,Membrane receptor,Oxytocin receptor antagonist
ATROPINE,"['Atroject' 'Atropen' 'Atrophate' 'Atropine' 'Atropine (autoinjector)'
 'Atropine component of atnaa' 'Atropine component of duodote']",Small molecule,"Mydriasis, gastrointestinal disease, poisoning","Muscarinic acetylcholine receptor M1, Muscarinic acetylcholine receptor M2, Muscarinic acetylcholine receptor M3","CHRM1, CHRM2, CHRM3",Membrane receptor,"Muscarinic acetylcholine receptor M1 antagonist, Muscarinic acetylcholine receptor M2 antagonist, Muscarinic acetylcholine receptor M3 antagonist"
ATROPINE SULFATE,"['Atropine sulfate' 'Atropine sulfate ansyr plastic syringe'
 'Atropine sulfate component of colonaid'
 'Atropine sulfate component of di-atro'
 'Atropine sulfate component of enlon-plus'
 'Atropine sulfate component of lo-trol'
 'Atropine sulfate component of logen'
 'Atropine sulfate component of lomanate'
 'Atropine sulfate component of lomotil'
 'Atropine sulfate component of lonox'
 'Atropine sulfate component of low-quel'
 'Atropine sulfate component of motofen'
 'Atropine sulfate lifeshield abboject syringe' 'Atropisol'
 'Isopto atropine']",Small molecule,"Mydriasis, Parkinson disease, Peptic ulcer, allergic rhinitis, seasonal allergic rhinitis","Muscarinic acetylcholine receptor M1, Muscarinic acetylcholine receptor M2, Muscarinic acetylcholine receptor M3","CHRM1, CHRM2, CHRM3",Membrane receptor,"Muscarinic acetylcholine receptor M1 antagonist, Muscarinic acetylcholine receptor M2 antagonist, Muscarinic acetylcholine receptor M3 antagonist"
AUTOLOGOUS CD34+ ENRICHED CELL FRACTION THAT CONTAINS CD34+ CELLS TRANSDUCED WITH RETROVIRAL VECTOR THAT ENCODES FOR THE HUMAN ADA CDNA SEQUENCE,['Strimvelis'],Unknown,severe combined immunodeficiency,ADA,ADA,Enzyme,ADA exogenous gene
AVACOPAN,['Tavneos'],Small molecule,"Granulomatosis with Polyangiitis, anti-neutrophil cytoplasmic antibody-associated vasculitis, microscopic polyangiitis",C5a anaphylatoxin chemotactic receptor 1,C5AR1,Membrane receptor,C5a anaphylatoxin chemotactic receptor antagonist
AVANAFIL,['Spedra' 'Stendra'],Small molecule,"Impotence, erectile dysfunction","cGMP-specific 3',5'-cyclic phosphodiesterase",PDE5A,Enzyme,Phosphodiesterase 5A inhibitor
AVAPRITINIB,['Ayvakit' 'Ayvakyt'],Small molecule,"gastrointestinal stromal tumor, neoplasm","Mast/stem cell growth factor receptor Kit, Platelet-derived growth factor receptor alpha","KIT, PDGFRA",Enzyme,"Platelet-derived growth factor receptor alpha inhibitor, Stem cell growth factor receptor inhibitor"
AVATROMBOPAG,[],Small molecule,hemorrhage,Thrombopoietin receptor,MPL,Membrane receptor,Thrombopoietin receptor agonist
AVATROMBOPAG MALEATE,['Doptelet'],Small molecule,"Thrombocytopenia, liver disease",Thrombopoietin receptor,MPL,Membrane receptor,Thrombopoietin receptor agonist
AVELUMAB,['Bavencio'],Antibody,"Merkel cell skin cancer, neoplasm, neuroendocrine neoplasm, urothelial carcinoma",Programmed cell death 1 ligand 1,CD274,Unclassified protein,Programmed cell death 1 ligand 1 other
AXICABTAGENE CILOLEUCEL,['Yescarta'],Gene,"diffuse large B-cell lymphoma, follicular lymphoma",B-lymphocyte antigen CD19,CD19,Surface antigen,B-lymphocyte antigen CD19 binding agent
AXITINIB,['Inlyta'],Small molecule,"neoplasm, renal cell carcinoma",Vascular endothelial growth factor receptor,"FLT1, FLT4, KDR","Enzyme, Secreted protein, Unclassified protein",Vascular endothelial growth factor receptor inhibitor
AZACITIDINE,"['Azacitidine' 'Azacitidine accord' 'Azacitidine betapharm'
 'Azacitidine celgene' 'Azacitidine kabi' 'Azacitidine mylan' 'Onureg'
 'Vidaza']",Small molecule,"acute myeloid leukemia, chronic myelomonocytic leukemia, myelodysplastic syndrome, neoplasm, refractory anemia with excess blasts","DNA (cytosine-5)-methyltransferase 1, DNA (cytosine-5)-methyltransferase 3A","DNMT1, DNMT3A",Epigenetic regulator,"DNA (cytosine-5)-methyltransferase 1 inhibitor, DNA (cytosine-5)-methyltransferase 3A inhibitor"
AZATADINE,[],Small molecule,allergic disease,Histamine H1 receptor,HRH1,Membrane receptor,Histamine H1 receptor antagonist
AZATHIOPRINE,"['Azamune' 'Azapress' 'Azasan' 'Azathioprine' 'Berkaprine' 'Immunoprin 50'
 'Imuran' 'Jayempi' 'Kentaprine' 'Oprisine 50']",Small molecule,"immune system disease, rheumatoid arthritis",Amidophosphoribosyltransferase,PPAT,Enzyme,Amidophosphoribosyltransferase inhibitor
AZELASTINE,[],Small molecule,"Nasal congestion, allergic disease, eye allergy",Histamine H1 receptor,HRH1,Membrane receptor,Histamine H1 receptor antagonist
AZELASTINE HYDROCHLORIDE,"['Astelin' 'Astepro' 'Astepro allergy' 'Azelastine hydrochloride'
 'Azelastine hydrochloride component of dymista'
 ""Children's astepro allergy"" 'Optilast' 'Optivar' 'Rhinolast'
 'Rhinolast allergy']",Small molecule,"Nasal congestion, Rhinitis, Allergic, Perennial, allergic conjunctivitis, allergic rhinitis, seasonal allergic rhinitis, vasomotor rhinitis",Histamine H1 receptor,HRH1,Membrane receptor,Histamine H1 receptor antagonist
AZILSARTAN KAMEDOXOMIL,['Azilsartan kamedoxomil component of edarbyclor' 'Edarbi' 'Ipreziv'],Small molecule,"hypertension, stroke",Type-1 angiotensin II receptor,AGTR1,Membrane receptor,Type-1 angiotensin II receptor antagonist
BACLOFEN,"['Baclofen' 'Baclospas-10' 'Fleqsuvy' 'Gablofen' 'Kemstro' 'Lioresal'
 'Lioresal intrath' 'Lyflex' 'Lyvispah' 'Ozobax' 'Ozobax ds']",Small molecule,"Rigidity, Spasticity, brain injury, cerebral palsy, multiple sclerosis, spinal cord disease, spinal cord injury",GABA-B receptor,"GABBR1, GABBR2",Membrane receptor,GABA-B receptor agonist
BALSALAZIDE DISODIUM,['Balsalazide disodium' 'Colazal' 'Colazide' 'Giazo'],Small molecule,ulcerative colitis,"Cyclooxygenase, Peroxisome proliferator-activated receptor gamma, Polyunsaturated fatty acid 5-lipoxygenase","ALOX5, PPARG, PTGS1, PTGS2","Enzyme, Epigenetic regulator, Other cytosolic protein, Transcription factor","Arachidonate 5-lipoxygenase inhibitor, Cyclooxygenase inhibitor, Peroxisome proliferator-activated receptor gamma agonist"
BARICITINIB,['Olumiant'],Small molecule,rheumatoid arthritis,"Tyrosine-protein kinase JAK1, Tyrosine-protein kinase JAK2","JAK1, JAK2",Enzyme,"Tyrosine-protein kinase JAK1 inhibitor, Tyrosine-protein kinase JAK2 inhibitor"
BASILIXIMAB,['Simulect'],Antibody,"immune system disease, kidney transplant",Interleukin-2 receptor,IL2RA,Membrane receptor,Interleukin-2 receptor inhibitor
BAZEDOXIFENE ACETATE,['Bazedoxifene acetate component of duavee' 'Conbriza'],Small molecule,postmenopausal osteoporosis,Estrogen receptor,"ESR1, ESR2","Other cytosolic protein, Transcription factor, Unclassified protein",Estrogen receptor modulator
BECAPLERMIN,['Bf-platelet derived growth factor .beta. polypeptide' 'Regranex'],Protein,Skin ulcer,Platelet-derived growth factor receptor,"PDGFRA, PDGFRB","Enzyme, Unclassified protein",Platelet-derived growth factor receptor agonist
BECLOMETHASONE DIPROPIONATE,"['Aerobec 100' 'Aerobec 50' 'Aerobec fte 250' 'Asmabec clickhaler'
 'Asmabec spacehaler' 'Beclazone 100' 'Beclazone 100 e-breathe'
 'Beclazone 200' 'Beclazone 250' 'Beclazone 250 e-breathe' 'Beclazone 50'
 'Beclazone 50 e-breathe' 'Becloaqua 50' 'Becloforte'
 'Becloforte e-breathe' 'Becloforte integra' 'Becloforte-vm' 'Beclomet'
 'Beclomet diprop' 'Beclomet hayfever'
 'Beclomethasone dipropionate component of trimbow' 'Beclomist'
 'Beclotaide' 'Beclovent' 'Becodisks' 'Beconase' 'Beconase aq' 'Becotide'
 'Becotide 100' 'Becotide 100 e-breathe' 'Becotide 200' 'Becotide 50'
 'Becotide 50 e-breathe' 'Clenil modulite' 'Clipper' 'Filair 100'
 'Filair 50' 'Filair fte' 'Fostair' 'Fostair nexthaler' 'Nasobec aq'
 'Nasobec hayfever' 'Orbeshield' 'Propaderm' 'Propaderm fte' 'Propaderm-a'
 'Propaderm-c' 'Pulvinal beclomet' 'Qnasl' 'Qvar' 'Qvar 100'
 'Qvar 100 e-breathe' 'Qvar 40' 'Qvar 50' 'Qvar 50 e-breathe' 'Qvar 80'
 'Qvar redihaler' 'Rino clenil' 'Sanasthmax' 'Topster' 'Vancenase'
 'Vancenase aq' 'Vancenase pockethaler' 'Vanceril'
 'Vanceril double strength' 'Ventide' 'Ventolair' 'Vivabec'
 'Zonivent aquanasal']",Small molecule,"Airway obstruction, Nasal congestion, Rhinitis, Allergic, Perennial, allergic rhinitis, asthma, seasonal allergic rhinitis",Glucocorticoid receptor,NR3C1,Transcription factor,Glucocorticoid receptor agonist
BELANTAMAB MAFODOTIN,['Blenrep'],Antibody drug conjugate,"multiple myeloma, neoplasm","Tubulin, Tumor necrosis factor receptor superfamily member 17","TNFRSF17, TUBB, TUBB1, TUBB2A, TUBB2B, TUBB3, TUBB4A, TUBB4B, TUBB6, TUBB8","Membrane receptor, Structural protein, Unclassified protein","Tubulin inhibitor, Tumor necrosis factor receptor superfamily member 17 binding agent"
BELATACEPT,['Nujolix' 'Nulojix'],Protein,"immune system disease, kidney transplant","T-lymphocyte activation antigen CD80, T-lymphocyte activation antigen CD86","CD80, CD86",Surface antigen,"T-lymphocyte activation antigen CD80 inhibitor, T-lymphocyte activation antigen CD86 inhibitor"
BELIMUMAB,['Benlysta' 'Lymphostat-b' 'Lymphostat-b benlysta'],Antibody,"lupus nephritis, systemic lupus erythematosus",Tumor necrosis factor ligand superfamily member 13B,TNFSF13B,Secreted protein,Tumor necrosis factor ligand superfamily member 13B inhibitor
BELINOSTAT,['Beleodaq'],Small molecule,"T-cell non-Hodgkin lymphoma, neoplasm, unspecified peripheral T-cell lymphoma",Histone deacetylase,"HDAC1, HDAC10, HDAC11, HDAC2, HDAC3, HDAC4, HDAC5, HDAC6, HDAC7, HDAC8, HDAC9","Epigenetic regulator, Unclassified protein",Histone deacetylase inhibitor
BELUMOSUDIL,[],Small molecule,immune system disease,Rho-associated protein kinase,"ROCK1, ROCK2",Enzyme,Rho-associated protein kinase inhibitor
BELUMOSUDIL MESYLATE,['Rezurock'],Small molecule,graft versus host disease,Rho-associated protein kinase,"ROCK1, ROCK2",Enzyme,Rho-associated protein kinase inhibitor
BELZUTIFAN,['Welireg'],Small molecule,"hemangioblastoma, neoplasm, pancreatic neuroendocrine tumor, renal cell carcinoma, von Hippel-Lindau disease",Endothelial PAS domain-containing protein 1,EPAS1,"Transcription factor, Unclassified protein",Endothelial PAS domain-containing protein 1 inhibitor
BEMPEDOIC ACID,['Bempedoic acid component of nexlizet' 'Nexletol' 'Nilemdo'],Small molecule,"Abnormal circulating lipid concentration, Hypercholesterolemia, atherosclerosis, cardiovascular disease, coronary artery disease, familial hypercholesterolemia",ATP-citrate synthase,ACLY,Enzyme,ATP-citrate synthase inhibitor
BENAZEPRIL,[],Small molecule,cardiovascular disease,Angiotensin-converting enzyme,ACE,Enzyme,Angiotensin-converting enzyme inhibitor
BENAZEPRIL HYDROCHLORIDE,"['Benazepril hydrochloride'
 'Benazepril hydrochloride component of cardalis'
 'Benazepril hydrochloride component of fortekor plus'
 'Benazepril hydrochloride component of lotensin hct'
 'Benazepril hydrochloride component of lotrel' 'Cibacen' 'Lotensin']",Small molecule,"diabetes mellitus, hypertension, kidney failure, stroke",Angiotensin-converting enzyme,ACE,Enzyme,Angiotensin-converting enzyme inhibitor
BENDAZAC,[],Small molecule,"Arthralgia, Myalgia, eye inflammation",Xanthine dehydrogenase/oxidase,XDH,Enzyme,Xanthine dehydrogenase inhibitor
BENDROFLUMETHIAZIDE,"['Aprinox' 'Bendroflumethiazide component of corzide' 'Berkozide' 'Centyl'
 'Naturetin' 'Naturetin-10' 'Naturetin-2.5' 'Naturetin-5'
 'Neo-bendromax 2.5' 'Neo-bendromax 5' 'Neo-naclex' 'Urizide']",Small molecule,"cardiovascular disease, hypertension",Solute carrier family 12 member 3,SLC12A3,Transporter,Thiazide-sensitive sodium-chloride cotransporter inhibitor
BENFLUOREX,[],Small molecule,diabetes mellitus,Sterol O-acyltransferase 1,SOAT1,Enzyme,Acyl coenzyme A:cholesterol acyltransferase 1 inhibitor
BENOXAPROFEN,['Oraflex'],Small molecule,rheumatic disease,Polyunsaturated fatty acid lipoxygenase ALOX12,ALOX12,Enzyme,Arachidonate 12-lipoxygenase inhibitor
BENOXINATE,[],Small molecule,Pruritus,Sodium channel alpha subunit,"SCN10A, SCN11A, SCN1A, SCN2A, SCN3A, SCN4A, SCN5A, SCN7A, SCN8A, SCN9A","Ion channel, Unclassified protein",Sodium channel alpha subunit blocker
BENPERIDOL,['Anquil' 'Benquil'],Small molecule,psychosis,D(2) dopamine receptor,DRD2,Membrane receptor,Dopamine D2 receptor antagonist
BENRALIZUMAB,['Fasenra'],Antibody,"Airway obstruction, asthma",Interleukin-5 receptor subunit alpha,IL5RA,Membrane receptor,Interleukin-5 receptor subunit alpha inhibitor
BENZBROMARONE,['Desuric' 'Narcaricin mite'],Small molecule,gout,Solute carrier family 22 member 12,SLC22A12,Transporter,Solute carrier family 22 member 12 inhibitor
BENZHYDROCODONE HYDROCHLORIDE,['Benzhydrocodone hydrochloride component of apadaz'],Small molecule,Pain,Opioid receptors; mu/kappa/delta,"OPRD1, OPRK1, OPRM1",Membrane receptor,Opioid receptors; mu/kappa/delta agonist
BENZIODARONE,[],Small molecule,cardiovascular disease,Calmodulin-1,CALM1,Unclassified protein,Calmodulin inhibitor
BENZPHETAMINE HYDROCHLORIDE,['Benzphetamine hydrochloride' 'Didrex'],Small molecule,obesity,"Sodium-dependent noradrenaline transporter, Synaptic vesicular amine transporter","SLC18A2, SLC6A2",Transporter,"Norepinephrine transporter releasing agent, Synaptic vesicular amine transporter inhibitor"
BENZTROPINE,[],Small molecule,Parkinson disease,Muscarinic acetylcholine receptor M1,CHRM1,Membrane receptor,Muscarinic acetylcholine receptor M1 antagonist
BENZTROPINE MESYLATE,['Benztropine mesylate' 'Cogentin'],Small molecule,Parkinson disease,Muscarinic acetylcholine receptor M1,CHRM1,Membrane receptor,Muscarinic acetylcholine receptor M1 antagonist
BENZYDAMINE,[],Small molecule,"Arthralgia, Myalgia, rheumatic disease, vaginal inflammation",Cyclooxygenase,"PTGS1, PTGS2",Enzyme,Cyclooxygenase inhibitor
BEPOTASTINE BESYLATE,['Bepreve'],Small molecule,"Pruritus, allergic conjunctivitis",Histamine H1 receptor,HRH1,Membrane receptor,Histamine H1 receptor antagonist
BEPRIDIL,[],Small molecule,cardiovascular disease,Voltage-gated calcium channel,"CACNA1A, CACNA1B, CACNA1C, CACNA1D, CACNA1E, CACNA1F, CACNA1G, CACNA1H, CACNA1I, CACNA1S, CACNA2D1, CACNA2D2, CACNA2D3, CACNA2D4, CACNB1, CACNB2, CACNB3, CACNB4, CACNG1, CACNG2, CACNG3, CACNG4, CACNG5, CACNG6, CACNG7, CACNG8","Auxiliary transport protein, Ion channel",Voltage-gated calcium channel blocker
BETAHISTINE,['Histalean' 'Vestibo'],Small molecule,Vertigo,"Histamine H1 receptor, Histamine H3 receptor","HRH1, HRH3",Membrane receptor,"Histamine H1 receptor agonist, Histamine H3 receptor antagonist"
BETAINE,['Amversio' 'Cystadane'],Small molecule,homocystinuria,Betaine-homocysteine S-methyltransferase,"BHMT, BHMT2",Enzyme,Betaine-homocysteine S-methyltransferase substrate
BETAMETHASONE,['Betasolan' 'Betnelan' 'Celestone' 'Rinderon'],Small molecule,"Airway obstruction, Nasal congestion, eye inflammation, hemorrhoid",Glucocorticoid receptor,NR3C1,Transcription factor,Glucocorticoid receptor agonist
BETAMETHASONE ACETATE,"['Betamethasone acetate component of celestone soluspan'
 'Betamethasone acetate component of osurnia']",Small molecule,"anemia, asthma, dermatitis, nephrotic syndrome, type III hypersensitivity reaction disease, ulcerative colitis",Glucocorticoid receptor,NR3C1,Transcription factor,Glucocorticoid receptor agonist
BETAMETHASONE DIPROPIONATE,"['Alphatrex' 'Betamethasone dipropionate'
 'Betamethasone dipropionate component of enstilar'
 'Betamethasone dipropionate component of leo-90100'
 'Betamethasone dipropionate component of lotrisone'
 'Betamethasone dipropionate component of taclonex'
 'Betamethasone dipropionate component of wynzora' 'Diprolene'
 'Diprolene af' 'Diprosone' 'Sernivo']",Small molecule,"infection, psoriasis, psoriasis vulgaris, skin disease",Glucocorticoid receptor,NR3C1,Transcription factor,Glucocorticoid receptor agonist
BETAMETHASONE SODIUM PHOSPHATE,"['Betam-ophtal' 'Betamethasone sodium phosphate'
 'Betamethasone sodium phosphate component of celestone soluspan'
 'Betnesol' 'Betnesol-n' 'Celestone' 'Vistamethasone' 'Vistamethasone n']",Small molecule,ulcerative colitis,Glucocorticoid receptor,NR3C1,Transcription factor,Glucocorticoid receptor agonist
BETAMETHASONE VALERATE,"['Audavate' 'Audavate rd' 'Beta-val' 'Betacap' 'Betaderm'
 'Betameth val in coal tar' 'Betamethasone valerate' 'Betatrex' 'Betesil'
 'Betnovate rd' 'Betnovate-c' 'Betnovate-n' 'Bettamousse' 'Bextasol'
 'Dermabet' 'Fucibet' 'Luxiq' 'Valisone' 'Valnac' 'Xemacort']",Small molecule,skin disease,Glucocorticoid receptor,NR3C1,Transcription factor,Glucocorticoid receptor agonist
BETAXOLOL,['Betoptic' 'Betoptic susp'],Small molecule,"cardiovascular disease, glaucoma",Beta-1 adrenergic receptor,ADRB1,Membrane receptor,Beta-1 adrenergic receptor antagonist
BETAXOLOL HYDROCHLORIDE,"['Betaxolol hydrochloride'
 'Betaxolol hydrochloride component of betoptic pilo'
 'Betaxolol hydrochloride component of kerledex' 'Betoptic' 'Betoptic s'
 'Kerlone']",Small molecule,"hypertension, ocular hypertension, open-angle glaucoma",Beta-1 adrenergic receptor,ADRB1,Membrane receptor,Beta-1 adrenergic receptor antagonist
BETHANECHOL CHLORIDE,"['Bethanechol chloride' 'Duvoid' 'Myocholine' 'Myotonachol' 'Myotonine'
 'Urecholine']",Small molecule,Urinary retention,"Muscarinic acetylcholine receptor M2, Muscarinic acetylcholine receptor M3","CHRM2, CHRM3",Membrane receptor,"Muscarinic acetylcholine receptor M2 agonist, Muscarinic acetylcholine receptor M3 agonist"
BETHANIDINE,[],Small molecule,hypertension,Sodium-dependent noradrenaline transporter,SLC6A2,Transporter,Norepinephrine transporter substrate
BETIBEGLOGENE AUTOTEMCEL,['Zynteglo'],Gene,Beta-thalassemia,Hemoglobin subunit beta,HBB,Secreted protein,Hemoglobin beta chain exogenous gene
BETRIXABAN,['Bevyxxa'],Small molecule,"Recurrent thrombophlebitis, venous thromboembolism",Coagulation factor X,F10,"Enzyme, Secreted protein",Coagulation factor X inhibitor
BEVACIZUMAB,"['Abevmy' 'Alymsys' 'Avastin' 'Avzivi' 'Aybintio' 'Equidacent' 'Lextemy'
 'Mvasi' 'Onbevzi' 'Oyavas' 'Vegzelma' 'Zirabev']",Antibody,"Fallopian Tube Carcinoma, breast cancer, breast carcinoma, breast neoplasm, cervical cancer, colonic neoplasm, colorectal adenocarcinoma, colorectal cancer, colorectal neoplasm, glioblastoma multiforme, neoplasm, non-small cell lung carcinoma, ocular vascular disease, ovarian cancer, ovarian carcinoma, ovarian neoplasm, peritoneal neoplasm, renal cell carcinoma","Vascular endothelial growth factor A, long form",VEGFA,"Enzyme, Secreted protein",Vascular endothelial growth factor A inhibitor
BEXAGLIFLOZIN,['Brenzavvy'],Small molecule,type 2 diabetes mellitus,Sodium/glucose cotransporter 2,SLC5A2,Transporter,Sodium/glucose cotransporter 2 inhibitor
BEXAROTENE,['Bexarotene' 'Targretin' 'Targretine'],Small molecule,"Cutaneous T-cell lymphoma, T-cell non-Hodgkin lymphoma, neoplasm",Retinoid X receptor,"RXRA, RXRB, RXRG",Transcription factor,Retinoid X receptor agonist
BEZAFIBRATE,"['Bezagen xl' 'Bezalip' 'Bezalip-mono' 'Fibrazate xl' 'Liparol xl'
 'Zimbacol xl']",Small molecule,cardiovascular disease,Peroxisome proliferator-activated receptor,"PPARA, PPARD, PPARG","Epigenetic regulator, Transcription factor",Peroxisome proliferator-activated receptor agonist
BICALUTAMIDE,['Bicalutamide' 'Calutide' 'Casodex' 'Cosudex' 'Kalumid'],Small molecule,"carcinoma, neoplasm",Androgen receptor,AR,Transcription factor,Androgen Receptor antagonist
BILASTINE,['Ilaxten'],Small molecule,"allergic disease, eye allergy",Histamine H1 receptor,HRH1,Membrane receptor,Histamine H1 receptor inverse agonist
BIMATOPROST,"['Bimatoprost' 'Bimatoprost component of ganfort' 'Durysta' 'Latisse'
 'Lumigan']",Small molecule,"glaucoma, hypotrichosis, hypotrichosis simplex, ocular hypertension, open-angle glaucoma",Prostaglandin F2-alpha receptor,PTGFR,Membrane receptor,Prostanoid FP receptor agonist
BIMEKIZUMAB,['Bimzelx'],Antibody,"immune system disease, parapsoriasis, psoriasis","Interleukin-17A, Interleukin-17F","IL17A, IL17F",Secreted protein,"Interleukin 17A inhibitor, Interleukin-17F inhibitor"
BINIMETINIB,['Mektovi'],Small molecule,"melanoma, metastatic melanoma, neoplasm","Dual specificity mitogen-activated protein kinase kinase 1, Dual specificity mitogen-activated protein kinase kinase 2","MAP2K1, MAP2K2",Enzyme,"Dual specificity mitogen-activated protein kinase kinase 1 inhibitor, Dual specificity mitogen-activated protein kinase kinase 2 inhibitor"
BIPERIDEN,[],Small molecule,Parkinson disease,Muscarinic acetylcholine receptor M1,CHRM1,Membrane receptor,Muscarinic acetylcholine receptor M1 antagonist
BISMUTH SUBGALLATE,[],Small molecule,flatulence,Coagulation factor XII,F12,Enzyme,Coagulation factor XII activator
BISMUTH SUBSALICYLATE,"['Bismukote' 'Bismuth subsalicylate component of helidac'
 'Corrective suspension' 'Gastro-cote' 'Pepto-bismol']",Small molecule,"Diarrhea, Nausea",Cyclooxygenase,"PTGS1, PTGS2",Enzyme,Cyclooxygenase inhibitor
BISOPROLOL,[],Small molecule,cardiovascular disease,Beta-1 adrenergic receptor,ADRB1,Membrane receptor,Beta-1 adrenergic receptor antagonist
BISOPROLOL FUMARATE,"['Bipranix' 'Bisoprolol fumarate' 'Bisoprolol fumarate component of ziac'
 'Cardicor' 'Concor' 'Congescor' 'Emcor' 'Emcor ls' 'Isoten mitis'
 'Monocor' 'Soloc' 'Soprol' 'Vivacor' 'Zebeta']",Small molecule,hypertension,Beta-1 adrenergic receptor,ADRB1,Membrane receptor,Beta-1 adrenergic receptor antagonist
BITOLTEROL,[],Small molecule,Airway obstruction,Beta-2 adrenergic receptor,ADRB2,Membrane receptor,Beta-2 adrenergic receptor agonist
BIVALIRUDIN,"['Angiomax' 'Angiomax rtu' 'Angiox' 'Bivalirudin'
 'Bivalirudin in 0.9% sodium chloride']",Protein,"Recurrent thrombophlebitis, Thrombocytopenia, acute coronary syndrome, intermediate coronary syndrome, thrombotic disease",Prothrombin,F2,Enzyme,Thrombin inhibitor
BLINATUMOMAB,['Blincyto'],Antibody,"acute lymphoblastic leukemia, lymphoid leukemia, neoplasm","B-lymphocyte antigen CD19, T cell surface glycoprotein CD3","CD19, CD3D, CD3E, CD3G","Membrane receptor, Surface antigen, Unclassified protein","B-lymphocyte antigen CD19 cross-linking agent, T cell surface glycoprotein CD3 cross-linking agent"
BOSENTAN,['Stayveer' 'Tracleer'],Small molecule,"congenital heart disease, hypertension, pulmonary arterial hypertension, pulmonary hypertension, systemic scleroderma","Endothelin receptor, ET-A/ET-B","EDNRA, EDNRB",Membrane receptor,"Endothelin receptor, ET-A/ET-B antagonist"
BOSUTINIB MONOHYDRATE,['Bosulif'],Small molecule,"chronic myelogenous leukemia, myeloid leukemia",Bcr/Abl fusion protein,"ABL1, BCR","Enzyme, Other cytosolic protein, Unclassified protein",Bcr/Abl fusion protein inhibitor
BOTULINUM TOXIN TYPE A,['Nuceiva'],Protein,"migraine disorder, overactive bladder, skin aging, urgency urinary incontinence",Synaptosomal-associated protein 25,SNAP25,Other cytosolic protein,Synaptosomal nerve-associated protein 25 (SNAP-25) hydrolytic enzyme
BREMELANOTIDE ACETATE,['Vyleesi (autoinjector)'],Protein,"mental or behavioural disorder, sexual dysfunction",Melanocortin receptor 4,MC4R,Membrane receptor,Melanocortin receptor 4 agonist
BRENTUXIMAB VEDOTIN,['Adcetris'],Antibody drug conjugate,"Hodgkins lymphoma, anaplastic large cell lymphoma, neoplasm, non-Hodgkins lymphoma","Tubulin, Tumor necrosis factor receptor superfamily member 8","TNFRSF8, TUBB, TUBB1, TUBB2A, TUBB2B, TUBB3, TUBB4A, TUBB4B, TUBB6, TUBB8","Secreted protein, Structural protein, Unclassified protein","Tubulin inhibitor, Tumor necrosis factor receptor superfamily member 8 binding agent"
BRETYLIUM TOSYLATE,['Bretylium tosylate' 'Bretylol'],Small molecule,"Ventricular arrhythmia, cardiac arrhythmia, ventricular fibrillation",Sodium-dependent noradrenaline transporter,SLC6A2,Transporter,Norepinephrine transporter substrate
BREXANOLONE,['Zulresso'],Small molecule,"depressive disorder, postpartum depression",GABA-A receptor; anion channel,"GABRA1, GABRA2, GABRA3, GABRA4, GABRA5, GABRA6, GABRB1, GABRB2, GABRB3, GABRD, GABRE, GABRG1, GABRG2, GABRG3, GABRP, GABRQ",Ion channel,GABA-A receptor; anion channel positive allosteric modulator
BREXPIPRAZOLE,['Rexulti' 'Rxulti'],Small molecule,"major depressive disorder, psychosis, schizophrenia","5-hydroxytryptamine receptor 1A, 5-hydroxytryptamine receptor 2A, D(2) dopamine receptor","DRD2, HTR1A, HTR2A",Membrane receptor,"Dopamine D2 receptor partial agonist, Serotonin 1a (5-HT1a) receptor partial agonist, Serotonin 2a (5-HT2a) receptor antagonist"
BREXUCABTAGENE AUTOLEUCEL,['Tecartus'],Gene,Mantle cell lymphoma,B-lymphocyte antigen CD19,CD19,Surface antigen,B-lymphocyte antigen CD19 binding agent
BRIGATINIB,['Alunbrig'],Small molecule,"neoplasm, non-small cell lung carcinoma","ALK tyrosine kinase receptor, Epidermal growth factor receptor","ALK, EGFR","Enzyme, Other nuclear protein, Unclassified protein","ALK tyrosine kinase receptor inhibitor, Epidermal growth factor receptor erbB1 inhibitor"
BRIMONIDINE,[],Small molecule,"eye allergy, glaucoma",Adrenergic receptor alpha-2,"ADRA2A, ADRA2B, ADRA2C",Membrane receptor,Adrenergic receptor alpha-2 agonist
BRINZOLAMIDE,"['Azopt' 'Brinzolamide component of azarga'
 'Brinzolamide component of simbrinza']",Small molecule,"glaucoma, ocular hypertension, open-angle glaucoma",Carbonic anhydrase 2,CA2,Enzyme,Carbonic anhydrase II inhibitor
BRIVARACETAM,"['Briviact' 'Briviact (in italy:  nubriveo)'
 'Briviact (in italy: nubriveo)']",Small molecule,"Seizure, epilepsy",Synaptic vesicle glycoprotein 2A,SV2A,"Transporter, Unclassified protein",Synaptic vesicle glycoprotein 2A modulator
BRODALUMAB,['Kyntheum' 'Siliq'],Antibody,"immune system disease, psoriasis, psoriasis vulgaris",Interleukin-17 receptor A,IL17RA,Membrane receptor,Interleukin-17 receptor A antagonist
BROLUCIZUMAB,['Beovu'],Antibody,"ocular vascular disease, wet macular degeneration","Vascular endothelial growth factor A, long form",VEGFA,"Enzyme, Secreted protein",Vascular endothelial growth factor A inhibitor
BROMAZEPAM,['Lectopam' 'Lexotan'],Small molecule,Anxiety,Gamma-aminobutyric acid receptor subunit alpha-2,GABRA2,Ion channel,GABA receptor alpha-2 subunit positive allosteric modulator
BROMFENAC,[],Small molecule,eye inflammation,Cyclooxygenase,"PTGS1, PTGS2",Enzyme,Cyclooxygenase inhibitor
BROMFENAC SODIUM,['Bromday' 'Bromfenac sodium' 'Bromsite' 'Prolensa' 'Xibrom' 'Yellox'],Small molecule,"Ocular pain, Pain, cataract, inflammation",Cyclooxygenase,"PTGS1, PTGS2",Enzyme,Cyclooxygenase inhibitor
BROMOCRIPTINE,['Parlodel'],Small molecule,Parkinson disease,D2-like dopamine receptor,"DRD2, DRD3, DRD4",Membrane receptor,D2-like dopamine receptor agonist
BROMOCRIPTINE MESYLATE,['Bromocriptine mesylate' 'Cycloset' 'Parlodel'],Small molecule,"Parkinson disease, acromegaly, adenoma, hyperprolactinemia, hypogonadism, infertility, type 2 diabetes mellitus",D2-like dopamine receptor,"DRD2, DRD3, DRD4",Membrane receptor,D2-like dopamine receptor agonist
BROMODIPHENHYDRAMINE,[],Small molecule,allergic disease,Histamine H1 receptor,HRH1,Membrane receptor,Histamine H1 receptor antagonist
BROMPERIDOL,['Impromen'],Small molecule,psychosis,D(2) dopamine receptor,DRD2,Membrane receptor,Dopamine D2 receptor antagonist
BROMPHENIRAMINE,[],Small molecule,allergic disease,Histamine H1 receptor,HRH1,Membrane receptor,Histamine H1 receptor antagonist
BROMPHENIRAMINE MALEATE,"['Brompheniramine maleate' 'Brompheniramine maleate component of biphetap'
 'Brompheniramine maleate component of bromanate'
 'Brompheniramine maleate component of bromanate dc'
 'Brompheniramine maleate component of bromanate dm'
 'Brompheniramine maleate component of bromatapp'
 'Brompheniramine maleate component of bromfed-dm'
 'Brompheniramine maleate component of dimetane-dc'
 'Brompheniramine maleate component of dimetane-dx'
 'Brompheniramine maleate component of dimetapp'
 'Brompheniramine maleate component of myphetane dc' 'Dimegan' 'Dimetane'
 'Dimetane-ten' 'Dimotane' 'Dimotane l.a.']",Small molecule,"Cough, Nasal congestion, allergic disease, common cold, seasonal allergic rhinitis, sinusitis",Histamine H1 receptor,HRH1,Membrane receptor,Histamine H1 receptor antagonist
BUCLIZINE,[],Small molecule,allergic disease,Histamine H1 receptor,HRH1,Membrane receptor,Histamine H1 receptor antagonist
BUDESONIDE,"['Aircort' 'Budeflam aquanase' 'Budelin novolizer' 'Budenofalk'
 'Budesonide' 'Budesonide component of airsupra'
 'Budesonide component of breztri' 'Budesonide component of symbicort'
 'Budesonide component of uceris' 'Cortiment' 'Duoresp spiromax'
 'Entocort' 'Entocort cr' 'Entocort ec' 'Eohilia' 'Jorveza' 'Kinpeygo'
 'Ortikos' 'Preferid' 'Pulmaxan' 'Pulmicort' 'Pulmicort flexhaler'
 'Pulmicort l.s.' 'Pulmicort respules' 'Rhinocort' 'Rhinocort allergy'
 'Rhinocort aqua' 'Rhinocort aqua 64' 'Symbicort' 'Tarpeyo' 'Uceris']",Small molecule,"Airway obstruction, Crohn's disease, Nasal congestion, Rhinitis, Allergic, Perennial, allergic rhinitis, asthma, chronic bronchitis, chronic obstructive pulmonary disease, emphysema, esophageal disease, seasonal allergic rhinitis, ulcerative colitis",Glucocorticoid receptor,NR3C1,Transcription factor,Glucocorticoid receptor agonist
BULEVIRTIDE,['Hepcludextm' 'Myrcludex'],Protein,viral disease,Hepatic sodium/bile acid cotransporter,SLC10A1,Transporter,Bile acid transporter inhibitor
BULEVIRTIDE ACETATE,['Hepcludex'],Protein,hepatitis D virus infection,Hepatic sodium/bile acid cotransporter,SLC10A1,Transporter,Bile acid transporter inhibitor
BUMETANIDE,['Betinex' 'Bumetanide' 'Bumex' 'Burinex' 'Lixil'],Small molecule,"cardiovascular disease, congestive heart failure, heart failure, kidney disease, nephrotic syndrome",Solute carrier family 12 member 1,SLC12A1,Transporter,Sodium-(potassium)-chloride cotransporter 2 inhibitor
BUPIVACAINE,"['Anekain' 'Bupivacaine component of zynrelef' 'Exparel'
 'Exparel liposomal' 'Posimir']",Small molecule,"Hernia, Pain",Sodium channel protein type 4 subunit alpha,SCN4A,Ion channel,Sodium channel protein type IV alpha subunit blocker
BUPIVACAINE HYDROCHLORIDE,"['Bupivac hcl' 'Bupivacaine hydrochloride'
 'Bupivacaine hydrochloride component of duocaine'
 'Bupivacaine hydrochloride component of sensorcaine'
 'Bupivacaine hydrochloride kit'
 'Bupivacaine hydrochloride preservative free' 'Marcain' 'Marcaine'
 'Marcaine hydrochloride' 'Marcaine hydrochloride preservative free'
 'Sensorcaine' 'Xaracoll']",Small molecule,Pain,Sodium channel protein type 4 subunit alpha,SCN4A,Ion channel,Sodium channel protein type IV alpha subunit blocker
BUPRENORPHINE,"['Brixadi' 'Bupeaze' 'Buplast' 'Butec' 'Butrans' 'Buvidal' 'Hapoctasin'
 'Panitaz' 'Prenotrix' 'Reletrans' 'Sevodyne' 'Sublocade' 'Temgesic'
 'Tephine' 'Transtec']",Small molecule,"Chronic pain, Pain, drug dependence, opioid dependence, opioid use disorder, overdose","Kappa-type opioid receptor, Mu-type opioid receptor","OPRK1, OPRM1",Membrane receptor,"Kappa opioid receptor agonist, Mu opioid receptor agonist"
BUPRENORPHINE HYDROCHLORIDE,"['Belbuca' 'Buprenex' 'Buprenorphine hydrochloride'
 'Buprenorphine hydrochloride component of bunavail'
 'Buprenorphine hydrochloride component of cassipa'
 'Buprenorphine hydrochloride component of suboxone'
 'Buprenorphine hydrochloride component of zubsolv' 'Espranor' 'Gabup'
 'Natzon' 'Prefibin' 'Probuphine' 'Sixmo' 'Subutex']",Small molecule,"drug dependence, opioid dependence","Kappa-type opioid receptor, Mu-type opioid receptor","OPRK1, OPRM1",Membrane receptor,"Kappa opioid receptor agonist, Mu opioid receptor agonist"
BUPROPION,[],Small molecule,"depressive disorder, major depressive disorder","Sodium-dependent dopamine transporter, Sodium-dependent noradrenaline transporter","SLC6A2, SLC6A3",Transporter,"Dopamine transporter inhibitor, Norepinephrine transporter inhibitor"
BUPROPION HYDROBROMIDE,['Aplenzin'],Small molecule,major depressive disorder,"Sodium-dependent dopamine transporter, Sodium-dependent noradrenaline transporter","SLC6A2, SLC6A3",Transporter,"Dopamine transporter inhibitor, Norepinephrine transporter inhibitor"
BUPROPION HYDROCHLORIDE,"['Bupropion hydrochloride' 'Bupropion hydrochloride component of auvelity'
 'Bupropion hydrochloride component of contrave' 'Forfivo xl' 'Wellbutrin'
 'Wellbutrin 100' 'Wellbutrin 75' 'Wellbutrin sr' 'Wellbutrin xl' 'Zyban']",Small molecule,"depressive disorder, major depressive disorder, mood disorder","Sodium-dependent dopamine transporter, Sodium-dependent noradrenaline transporter","SLC6A2, SLC6A3",Transporter,"Dopamine transporter inhibitor, Norepinephrine transporter inhibitor"
BUROSUMAB,['Crysvita'],Antibody,"Hypophosphatemia, X-linked hypophosphatemia, bone disease, osteomalacia",Fibroblast growth factor 23,FGF23,Secreted protein,Fibroblast growth factor 23 inhibitor
BUSERELIN,['Suprecur' 'Suprefact'],Protein,neoplasm,Gonadotropin-releasing hormone receptor,GNRHR,Membrane receptor,Gonadotropin-releasing hormone receptor agonist
BUSPIRONE,[],Small molecule,Anxiety,5-hydroxytryptamine receptor 1A,HTR1A,Membrane receptor,Serotonin 1a (5-HT1a) receptor partial agonist
BUSPIRONE HYDROCHLORIDE,['Buspar' 'Buspirone hydrochloride'],Small molecule,"anxiety disorder, depressive disorder, generalized anxiety disorder",5-hydroxytryptamine receptor 1A,HTR1A,Membrane receptor,Serotonin 1a (5-HT1a) receptor partial agonist
BUTALBITAL,"['Butalbital component of anoquan' 'Butalbital component of axotal'
 'Butalbital component of bancap' 'Butalbital component of bucet'
 'Butalbital component of butapap' 'Butalbital component of esgic'
 'Butalbital component of femcet' 'Butalbital component of fioricet'
 'Butalbital component of fiorinal' 'Butalbital component of lanorinal'
 'Butalbital component of phrenilin' 'Butalbital component of sedapap'
 'Butalbital component of tencon' 'Butalbital component of triad'
 'Butalbital component of triaprin' 'Sandoptal']",Small molecule,migraine disorder,GABA-A receptor; anion channel,"GABRB1, GABRB2, GABRB3",Ion channel,GABA-A receptor; anion channel positive allosteric modulator
BUTORPHANOL,[],Small molecule,Pain,"Kappa-type opioid receptor, Mu-type opioid receptor","OPRK1, OPRM1",Membrane receptor,"Kappa opioid receptor partial agonist, Mu opioid receptor partial agonist"
BUTORPHANOL TARTRATE,"['Butorphanol tartrate' 'Butorphanol tartrate preservative free' 'Stadol'
 'Stadol ns' 'Stadol preservative free']",Small molecule,drug dependence,"Kappa-type opioid receptor, Mu-type opioid receptor","OPRK1, OPRM1",Membrane receptor,"Kappa opioid receptor partial agonist, Mu opioid receptor partial agonist"
CABAZITAXEL,['Cabazitaxel accord' 'Jevtana' 'Jevtana kit'],Small molecule,"neoplasm, prostate cancer, prostate neoplasm",Tubulin,"TUBB, TUBB1, TUBB2A, TUBB2B, TUBB3, TUBB4A, TUBB4B, TUBB6, TUBB8","Structural protein, Unclassified protein",Tubulin inhibitor
CABERGOLINE,['Cabaser' 'Cabergoline' 'Dostinex' 'Velactis'],Small molecule,"Parkinson disease, hypothalamic neoplasm",D(2) dopamine receptor,DRD2,Membrane receptor,Dopamine D2 receptor agonist
CABOZANTINIB,[],Small molecule,neoplasm,"Hepatocyte growth factor receptor, Vascular endothelial growth factor receptor 2","KDR, MET","Enzyme, Unclassified protein","Hepatocyte growth factor receptor inhibitor, Vascular endothelial growth factor receptor 2 inhibitor"
CABOZANTINIB S-MALATE,['Cabometyx' 'Cometriq'],Small molecule,"hepatocellular carcinoma, renal cell carcinoma, thyroid carcinoma","Hepatocyte growth factor receptor, Vascular endothelial growth factor receptor 2","KDR, MET","Enzyme, Unclassified protein","Hepatocyte growth factor receptor inhibitor, Vascular endothelial growth factor receptor 2 inhibitor"
CAFFEINE,"['Caffeine component of anoquan' 'Caffeine component of cafergot'
 'Caffeine component of darvon compound' 'Caffeine component of dhc plus'
 'Caffeine component of esgic' 'Caffeine component of excedrin'
 'Caffeine component of femcet' 'Caffeine component of fioricet'
 'Caffeine component of fiorinal' 'Caffeine component of invagesic'
 'Caffeine component of invagesic forte' 'Caffeine component of lanorinal'
 'Caffeine component of medigesic plus' 'Caffeine component of migergot'
 'Caffeine component of norgesic' 'Caffeine component of orphengesic'
 'Caffeine component of orphengesic forte'
 'Caffeine component of synalgos-dc' 'Caffeine component of synalgos-dc-a'
 'Caffeine component of trezix' 'Caffeine component of triad'
 'Caffeine component of wigraine' 'Nodoz' 'Pro-plus' 'Yeast-vite'
 'Zanthine']",Small molecule,"Apnea, Pain, attention deficit hyperactivity disorder, migraine disorder",Adenosine receptor,"ADORA1, ADORA2A, ADORA2B, ADORA3",Membrane receptor,Adenosine receptor antagonist
CAFFEINE CITRATE,"['Cafcit' 'Caffeine citrate' 'Gencebok' 'Peyona'
 'Peyona (previously nymusa)']",Small molecule,Apnea,Adenosine receptor,"ADORA1, ADORA2A, ADORA2B, ADORA3",Membrane receptor,Adenosine receptor antagonist
CALCIFEDIOL,['Calderol' 'Rayaldee'],Small molecule,"chronic kidney disease, parathyroid disease, secondary hyperparathyroidism",Vitamin D3 receptor,VDR,"Transcription factor, Unclassified protein",Vitamin D receptor agonist
CALCIPOTRIENE,"['Calcipotriene' 'Calcipotriene component of enstilar'
 'Calcipotriene component of taclonex'
 'Calcipotriene component of wynzora'
 'Calcipotriene hydrate component of taclonex' 'Dovobet' 'Dovonex'
 'Enstilar' 'Sorilux' 'Xamiol']",Small molecule,"psoriasis, psoriasis vulgaris",Vitamin D3 receptor,VDR,"Transcription factor, Unclassified protein",Vitamin D receptor agonist
CALCITONIN HUMAN,['Cibacalcin'],Protein,parathyroid disease,Calcitonin receptor,CALCR,"Membrane receptor, Other membrane protein, Unclassified protein",Calcitonin receptor agonist
CALCITONIN SALMON,['Calcimar' 'Calcitonin-salmon' 'Forcaltonin' 'Fortical' 'Miacalcin'],Protein,"Hypercalcemia, osteitis deformans, parathyroid disease, postmenopausal osteoporosis",Calcitonin receptor,CALCR,"Membrane receptor, Other membrane protein, Unclassified protein",Calcitonin receptor agonist
CALCITRIOL,"['Calcijex' 'Calcitriol' 'Dihydroxyvitamin d 3' 'Rocaltrol' 'Silkis'
 'Vectical']",Small molecule,"Hypocalcemia, chronic kidney disease, hypoparathyroidism, psoriasis, psoriasis vulgaris",Vitamin D3 receptor,VDR,"Transcription factor, Unclassified protein",Vitamin D receptor agonist
CANAGLIFLOZIN,['Canagliflozin component of invokamet' 'Invokana'],Small molecule,"diabetes mellitus, type 2 diabetes mellitus",Sodium/glucose cotransporter 2,SLC5A2,Transporter,Sodium/glucose cotransporter 2 inhibitor
CANAKINUMAB,['Ilaris'],Antibody,"Muckle-Wells syndrome, cryopyrin-associated periodic syndrome, familial Mediterranean fever, gout, immune system disease, juvenile idiopathic arthritis, mevalonate kinase deficiency",Interleukin-1 beta,IL1B,Secreted protein,Interleukin-1 beta inhibitor
CANDESARTAN CILEXETIL,['Amias' 'Atacand' 'Candesartan cilexetil' 'Ratacand'],Small molecule,"angina pectoris, congestive heart failure, diabetes mellitus, heart failure, hypertension, myocardial infarction, stroke",Type-1 angiotensin II receptor,AGTR1,Membrane receptor,Type-1 angiotensin II receptor antagonist
CANGRELOR,['Kengreal'],Small molecule,"Recurrent thrombophlebitis, myocardial infarction",P2Y purinoceptor 12,P2RY12,Membrane receptor,Purinergic receptor P2Y12 inhibitor
CANGRELOR TETRASODIUM,['Kengrexal'],Small molecule,"Recurrent thrombophlebitis, myocardial infarction",P2Y purinoceptor 12,P2RY12,Membrane receptor,Purinergic receptor P2Y12 antagonist
CANNABIDIOL,['Epidiolex' 'Epidyolex'],Small molecule,"Lennox-Gastaut syndrome, Seizure, epilepsy, hamartoma",Cannabinoid receptor 1,CNR1,Membrane receptor,Cannabinoid CB1 receptor negative allosteric modulator
CANRENOATE POTASSIUM,['Soldactone' 'Spiroctan-m'],Small molecule,cardiovascular disease,Mineralocorticoid receptor,NR3C2,Transcription factor,Mineralocorticoid receptor antagonist
CANRENONE,[],Small molecule,cardiovascular disease,Mineralocorticoid receptor,NR3C2,Transcription factor,Mineralocorticoid receptor antagonist
CAPECITABINE,"['Capecitabine' 'Capecitabine accord'
 'Capecitabine component of xeliri  capecitibine'
 'Capecitabine component of xelox' 'Capecitabine medac' 'Capecitabine sun'
 'Capecitabine teva' 'Ecansya (previously capecitabine krka)' 'Xeloda']",Small molecule,"breast cancer, breast carcinoma, breast neoplasm, colonic neoplasm, colorectal cancer, colorectal neoplasm, gastric adenocarcinoma, neoplasm, stomach neoplasm",Thymidylate synthase,TYMS,Enzyme,Thymidylate synthase inhibitor
CAPLACIZUMAB,['Cablivi'],Antibody,"Recurrent thrombophlebitis, thrombotic thrombocytopenic purpura",von Willebrand factor,VWF,Adhesion,von Willebrand factor inhibitor
CAPMATINIB,[],Small molecule,neoplasm,Hepatocyte growth factor receptor,MET,Enzyme,Hepatocyte growth factor receptor inhibitor
CAPMATINIB HYDROCHLORIDE,['Tabrecta'],Small molecule,non-small cell lung carcinoma,Hepatocyte growth factor receptor,MET,Enzyme,Hepatocyte growth factor receptor inhibitor
CAPSAICIN,['Qutenza' 'Zacin' 'Zostrix' 'Zostrix hp'],Small molecule,"Arthralgia, Back pain, Muscle spasm, Myalgia, Pain, Tendinopathy, arthritis, frozen shoulder, neuralgia, neuropathic pain, osteoarthritis, sprain",Transient receptor potential cation channel subfamily V member 1,TRPV1,Ion channel,Vanilloid receptor opener
CAPTOPRIL,"['Acepril' 'Capoten' 'Captomex' 'Captopril' 'Ecopace' 'Hyteneze 12.5'
 'Hyteneze 25' 'Hyteneze 50' 'Kaplon' 'Lopril' 'Noyada' 'Tensobon']",Small molecule,"cardiovascular disease, congestive heart failure, diabetic nephropathy, diabetic retinopathy, heart failure, hypertension, kidney failure, myocardial infarction, rheumatic disease",Angiotensin-converting enzyme,ACE,Enzyme,Angiotensin-converting enzyme inhibitor
CARBACHOL,['Carbachol' 'Carbastat' 'Doryl' 'Miostat'],Small molecule,"Miosis, cataract, glaucoma",Muscarinic acetylcholine receptor M3,CHRM3,Membrane receptor,Muscarinic acetylcholine receptor M3 agonist
CARBAMAZEPINE,"['Arbil mr' 'Carbagen sr' 'Carbamazepine' 'Carbatrol' 'Carnexiv' 'Epimaz'
 'Epimaz ret' 'Epitol' 'Equetro' 'Sirtal ret' 'Tegretol'
 'Tegretol chewtab' 'Tegretol prolonged release' 'Tegretol xr'
 'Tegretol-xr' 'Teril' 'Teril ret' 'Timonil 200 ret' 'Timonil 400 ret']",Small molecule,"Seizure, bipolar I disorder, bipolar disorder, epilepsy, partial epilepsy, trigeminal neuralgia",Sodium channel alpha subunit,"SCN10A, SCN11A, SCN1A, SCN2A, SCN3A, SCN4A, SCN5A, SCN7A, SCN8A, SCN9A","Ion channel, Unclassified protein",Sodium channel alpha subunit blocker
CARBENOXOLONE,[],Small molecule,"Peptic ulcer, gastroesophageal reflux disease",11-beta-hydroxysteroid dehydrogenase,"HSD11B1, HSD11B2",Enzyme,11-beta-hydroxysteroid dehydrogenase inhibitor
CARBETAPENTANE CITRATE,['Toclase'],Small molecule,sinusitis,Sigma non-opioid intracellular receptor 1,SIGMAR1,Membrane receptor,Sigma opioid receptor agonist
CARBIDOPA,"['Carbidopa' 'Carbidopa component of corbilta'
 'Carbidopa component of crexont' 'Carbidopa component of dhivy'
 'Carbidopa component of dopasnap' 'Carbidopa component of duopa'
 'Carbidopa component of ipx-203'
 'Carbidopa component of levodopa//entacapone orion'
 'Carbidopa component of rytary' 'Carbidopa component of sinemet'
 'Carbidopa component of stalevo' 'Lodosyn']",Small molecule,"Parkinson disease, injury, postencephalitic Parkinson disease, secondary Parkinson disease",Aromatic-L-amino-acid decarboxylase,DDC,Enzyme,DOPA decarboxylase inhibitor
CARBIMAZOLE,['Neo-mercazole 20' 'Neo-mercazole 5'],Small molecule,Abnormality of the thyroid gland,Thyroid peroxidase,TPO,Enzyme,Thyroid peroxidase inhibitor
CARBINOXAMINE,[],Small molecule,allergic disease,Histamine H1 receptor,HRH1,Membrane receptor,Histamine H1 receptor antagonist
CARBINOXAMINE MALEATE,['Carbinoxamine maleate' 'Clistin' 'Davenol' 'Karbinal er'],Small molecule,"Rhinitis, Allergic, Perennial, allergic conjunctivitis, angioedema, seasonal allergic rhinitis, urticaria, vasomotor rhinitis",Histamine H1 receptor,HRH1,Membrane receptor,Histamine H1 receptor antagonist
CARBOPROST TROMETHAMINE,['Hemabate' 'Prostin/15m'],Small molecule,"hemorrhage, postpartum hemorrhage",Prostaglandin F2-alpha receptor,PTGFR,Membrane receptor,Prostanoid FP receptor agonist
CARFILZOMIB,['Kyprolis'],Protein,"multiple myeloma, neoplasm",26S proteasome,PSMB5,Enzyme,26S proteasome inhibitor
CARGLUMIC ACID,['Carbaglu' 'Ucedane'],Small molecule,"Hyperammonemia, Hyperammonemia due to N-acetylglutamate synthetase deficiency, inborn disorder of amino acid metabolism","Carbamoyl-phosphate synthase [ammonia], mitochondrial",CPS1,Enzyme,"Carbamoyl-phosphate synthase [ammonia], mitochondrial positive allosteric modulator"
CARIPRAZINE,['Reagila'],Small molecule,psychosis,"D(2) dopamine receptor, D(3) dopamine receptor","DRD2, DRD3",Membrane receptor,"Dopamine D2 receptor modulator, Dopamine D3 receptor modulator"
CARIPRAZINE HYDROCHLORIDE,['Reagila' 'Vraylar'],Small molecule,"bipolar I disorder, bipolar disorder, schizophrenia","D(2) dopamine receptor, D(3) dopamine receptor","DRD2, DRD3",Membrane receptor,"Dopamine D2 receptor modulator, Dopamine D3 receptor modulator"
CARMUSTINE,"['Bicnu' 'Carmustine medac (previously carmustine obvius)'
 'Carmustine obvius' 'Gliadel']",Small molecule,"Hodgkins lymphoma, astrocytoma, ependymoma, glioblastoma multiforme, glioma, medulloblastoma, multiple myeloma, neoplasm, non-Hodgkins lymphoma","Glutathione reductase, mitochondrial",GSR,Enzyme,Glutathione reductase inhibitor
CARTEOLOL,[],Small molecule,"cardiovascular disease, glaucoma",Adrenergic receptor beta,"ADRB1, ADRB2, ADRB3",Membrane receptor,Adrenergic receptor beta antagonist
CARTEOLOL HYDROCHLORIDE,['Carteolol hydrochloride' 'Cartrol' 'Ocupress' 'Teoptic'],Small molecule,open-angle glaucoma,Adrenergic receptor beta,"ADRB1, ADRB2, ADRB3",Membrane receptor,Adrenergic receptor beta antagonist
CARVEDILOL,"['Artist' 'Carvedilol' 'Coreg' 'Eucardic 12.5' 'Eucardic 25'
 'Eucardic 3.125' 'Eucardic 6.25' 'Querto']",Small molecule,"cardiovascular disease, congestive heart failure, heart failure, hypertension, myocardial infarction","Adrenergic receptor alpha-1, Adrenergic receptor beta","ADRA1A, ADRA1B, ADRA1D, ADRB1, ADRB2, ADRB3",Membrane receptor,"Adrenergic receptor alpha-1 antagonist, Adrenergic receptor beta antagonist"
CARVEDILOL PHOSPHATE,['Coreg cr'],Small molecule,"hypertension, myocardial infarction","Adrenergic receptor alpha-1, Adrenergic receptor beta","ADRA1A, ADRA1B, ADRA1D, ADRB1, ADRB2, ADRB3",Membrane receptor,"Adrenergic receptor alpha-1 antagonist, Adrenergic receptor beta antagonist"
CASIMERSEN,['Amondys 45'],Oligonucleotide,"Duchenne muscular dystrophy, muscular dystrophy",Dystrophin pre-mRNA,DMD,Unclassified protein,Dystrophin pre-mRNA positive modulator
CATRIDECACOG,['Novothirteen'],Protein,"Rare genetic coagulation disorder, hemorrhage",Coagulation factor XIII A chain,F13A1,Enzyme,Coagulation factor XIII exogenous protein
CATUMAXOMAB,['Removab'],Antibody,"Ascites, neoplasm","Epithelial cell adhesion molecule, T cell surface glycoprotein CD3","CD3D, CD3E, CD3G, EPCAM","Membrane receptor, Unclassified protein","Epithelial cell adhesion molecule cross-linking agent, T cell surface glycoprotein CD3 cross-linking agent"
CEDAZURIDINE,['Cedazuridine component of inqovi'],Small molecule,myelodysplastic syndrome,Cytidine deaminase,CDA,Enzyme,Cytidine deaminase inhibitor
CELECOXIB,"['Celebra' 'Celebrex' 'Celecoxib' 'Celecoxib component of consensi'
 'Celecoxib component of seglentis' 'Elyxyb' 'Onsenal']",Small molecule,"Dysmenorrhea, Familial adenomatous polyposis, Pain, Peptic ulcer, ankylosing spondylitis, colorectal neoplasm, familial adenomatous polyposis 1, hemorrhage, juvenile idiopathic arthritis, migraine disorder, neoplasm, osteoarthritis, peptic ulcer disease, rheumatic disease, rheumatoid arthritis, spondylitis, stroke",Prostaglandin G/H synthase 2,PTGS2,Enzyme,Cyclooxygenase-2 inhibitor
CELIPROLOL,[],Small molecule,cardiovascular disease,"Adrenergic receptor alpha-2, Beta-1 adrenergic receptor, Beta-2 adrenergic receptor","ADRA2A, ADRA2B, ADRA2C, ADRB1, ADRB2",Membrane receptor,"Adrenergic receptor alpha-2 antagonist, Beta-1 adrenergic receptor antagonist, Beta-2 adrenergic receptor partial agonist"
CEMIPLIMAB,['Libtayo'],Antibody,"basal cell carcinoma, lung cancer, neoplasm, squamous cell carcinoma",Programmed cell death protein 1,PDCD1,Surface antigen,Programmed cell death protein 1 inhibitor
CENEGERMIN,['Oxervate'],Protein,"eye disease, keratitis",Neurotrophic tyrosine kinase receptor,"NTRK1, NTRK2, NTRK3",Enzyme,Neurotrophic tyrosine kinase receptor agonist
CENOBAMATE,['Ontozry' 'Xcopri'],Small molecule,"Focal-onset seizure, Seizure, epilepsy","GABA-A receptor; anion channel, Sodium channel alpha subunit","GABRA1, GABRA2, GABRA3, GABRA4, GABRA5, GABRA6, GABRB1, GABRB2, GABRB3, GABRD, GABRE, GABRG1, GABRG2, GABRG3, GABRP, GABRQ, SCN10A, SCN11A, SCN1A, SCN2A, SCN3A, SCN4A, SCN5A, SCN7A, SCN8A, SCN9A","Ion channel, Unclassified protein","GABA-A receptor; anion channel positive allosteric modulator, Sodium channel alpha subunit inhibitor"
CERITINIB,['Zykadia'],Small molecule,"cancer, neoplasm, non-small cell lung carcinoma","EML4-ALK, NPM/ALK (Nucleophosmin/ALK tyrosine kinase receptor)","ALK, EML4, NPM1","Enzyme, Other nuclear protein, Unclassified protein","EML4-ALK inhibitor, NPM/ALK (Nucleophosmin/ALK tyrosine kinase receptor) inhibitor"
CERIVASTATIN,['Lipobay'],Small molecule,cardiovascular disease,3-hydroxy-3-methylglutaryl-coenzyme A reductase,HMGCR,"Enzyme, Unclassified protein",HMG-CoA reductase inhibitor
CERTOLIZUMAB PEGOL,['Cimzia'],Antibody,"Crohn's disease, ankylosing spondylitis, immune system disease, inflammation, psoriatic arthritis, rheumatoid arthritis",Tumor necrosis factor,TNF,Secreted protein,TNF-alpha inhibitor
CETIRIZINE,[],Small molecule,"allergic disease, eye allergy",Histamine H1 receptor,HRH1,Membrane receptor,Histamine H1 receptor antagonist
CETIRIZINE HYDROCHLORIDE,"['Allacan' 'Allertek' 'Becoallergy' 'Cetec' 'Cetirizine hydrochloride'
 'Cetirizine hydrochloride allergy'
 'Cetirizine hydrochloride component of zyrtec-d'
 'Cetirizine hydrochloride hives' 'Cetirizine hydrochloride hives relief'
 'Cetirocol' ""Children's cetirizine hydrochloride allergy""
 ""Children's cetirizine hydrochloride hives relief""
 ""Children's zyrtec allergy"" ""Children's zyrtec hives relief"" 'Piriteze'
 'Pollenshield' 'Quzyttir' 'Zerviate' 'Ziralton' 'Zirtek' 'Zynor' 'Zyrtec'
 'Zyrtec allergy' 'Zyrtec hives relief']",Small molecule,"Nasal congestion, Pruritus, Rhinitis, Allergic, Perennial, allergic conjunctivitis, allergic rhinitis, seasonal allergic rhinitis, urticaria",Histamine H1 receptor,HRH1,Membrane receptor,Histamine H1 receptor antagonist
CETUXIMAB,['Erbitux'],Antibody,"colorectal adenocarcinoma, colorectal neoplasm, head and neck malignant neoplasia, head and neck neoplasia, malignant tumor of neck, neoplasm, squamous cell carcinoma, upper aerodigestive tract neoplasm",Epidermal growth factor receptor,EGFR,"Enzyme, Unclassified protein",Epidermal growth factor receptor erbB1 inhibitor
CEVIMELINE HYDROCHLORIDE,['Cevimeline hydrochloride' 'Evoxac'],Small molecule,xerostomia,"Muscarinic acetylcholine receptor M1, Muscarinic acetylcholine receptor M3","CHRM1, CHRM3",Membrane receptor,"Muscarinic acetylcholine receptor M1 agonist, Muscarinic acetylcholine receptor M3 agonist"
CHENODIOL,"['Chendol 125' 'Chendol 250' 'Chenix' 'Chenocedon'
 'Chenodeoxycholic acid leadiant (previously known as chenodeoxycholic acid sigma-tau)'
 'Chenodiol' 'Chenofalk' 'Combidol' 'Lithofalk' 'Xenbilox']",Small molecule,"cerebrotendinous xanthomatosis, inborn errors of metabolism",Bile acid receptor,NR1H4,Transcription factor,Bile acid receptor FXR agonist
CHLORDIAZEPOXIDE,"['Chlordiazepoxide component of limbitrol'
 'Chlordiazepoxide component of limbitrol ds'
 'Chlordiazepoxide component of menrium' 'Librelease' 'Libritabs' 'Sarlib'
 'Trakipeal' 'Zeisin']",Small molecule,"Anxiety, alcohol dependence, anxiety disorder",GABA-A receptor; anion channel,"GABRA1, GABRA2, GABRA3, GABRA5, GABRG1, GABRG2, GABRG3",Ion channel,GABA-A receptor; anion channel positive allosteric modulator
CHLOROTHIAZIDE,['Chlorothiazide' 'Diuril' 'Saluric'],Small molecule,"cardiovascular disease, chronic kidney disease, congestive heart failure, edema, glomerulonephritis, heart failure, hypertension, nephrotic syndrome, preeclampsia",Solute carrier family 12 member 3,SLC12A3,Transporter,Thiazide-sensitive sodium-chloride cotransporter inhibitor
CHLORPHENIRAMINE,[],Small molecule,allergic disease,Histamine H1 receptor,HRH1,Membrane receptor,Histamine H1 receptor antagonist
CHLORPHENIRAMINE MALEATE,"['Allercalm allergy relief' 'Allerief' 'Alunex' 'Antagonate' 'Calimal'
 'Chlor-trimeton' 'Chlorpheniramine maleate'
 'Chlorpheniramine maleate component of advil allergy sinus'
 'Chlorpheniramine maleate component of codimal-l.a. 12'
 'Chlorpheniramine maleate component of contac'
 'Chlorpheniramine maleate component of demazin'
 'Chlorpheniramine maleate component of drize'
 'Chlorpheniramine maleate component of isoclor'
 'Chlorpheniramine maleate component of ornade'
 'Chlorpheniramine maleate component of triaminic'
 'Chlorpheniramine maleate component of vituz'
 'Chlorpheniramine maleate component of zutripro'
 'Efidac 24 chlorpheniramine maleate' 'Hayleve' 'Kloromin' 'Phenetron'
 'Piriject' 'Piriton' 'Piriton allergy' 'Pyridamal 100'
 'Rhino-syrup allergy' 'Rimarin' 'Teldrin']",Small molecule,"Back pain, Cough, Fever, Headache, Nasal congestion, Pain, allergic disease, common cold, pharyngitis, seasonal allergic rhinitis, sinusitis",Histamine H1 receptor,HRH1,Membrane receptor,Histamine H1 receptor antagonist
CHLORPHENOXAMINE,[],Small molecule,"Pruritus, allergic disease",Histamine H1 receptor,HRH1,Membrane receptor,Histamine H1 receptor antagonist
CHLORPROMAZINE,['Elmarin' 'Megaphen' 'Thorazine'],Small molecule,"Nausea and vomiting, conduct disorder, mental or behavioural disorder, porphyria, psychosis, schizophrenia","5-hydroxytryptamine receptor 2A, D2-like dopamine receptor","DRD2, DRD3, DRD4, HTR2A",Membrane receptor,"D2-like dopamine receptor antagonist, Serotonin 2a (5-HT2a) receptor antagonist"
CHLORPROPAMIDE,['Chlorpropamide' 'Diabemide' 'Diabinese' 'Glucamide' 'Glymese' 'Melitase'],Small molecule,"diabetes mellitus, type 2 diabetes mellitus","Sulfonylurea receptor 1, Kir6.2","ABCC8, KCNJ11","Ion channel, Transporter","Sulfonylurea receptor 1, Kir6.2 blocker"
CHLORPROTHIXENE,['Taractan' 'Truxal'],Small molecule,psychosis,"5-hydroxytryptamine receptor 2A, 5-hydroxytryptamine receptor 2C, D(2) dopamine receptor, D(3) dopamine receptor","DRD2, DRD3, HTR2A, HTR2C",Membrane receptor,"Dopamine D2 receptor antagonist, Dopamine D3 receptor antagonist, Serotonin 2a (5-HT2a) receptor antagonist, Serotonin 2c (5-HT2c) receptor antagonist"
CHLORTHALIDONE,"['Chlorthalidone' 'Chlorthalidone component of clorpres'
 'Chlorthalidone component of combipres'
 'Chlorthalidone component of demi-regroton'
 'Chlorthalidone component of edarbyclor'
 'Chlorthalidone component of kerledex'
 'Chlorthalidone component of lopressidone'
 'Chlorthalidone component of regroton'
 'Chlorthalidone component of tenoretic' 'Hygroton' 'Thalitone']",Small molecule,"angina pectoris, cardiovascular disease, chronic kidney disease, congestive heart failure, glomerulonephritis, heart failure, hypertension, nephrotic syndrome, preeclampsia",Solute carrier family 12 member 3,SLC12A3,Transporter,Thiazide-sensitive sodium-chloride cotransporter inhibitor
CHOLECALCIFEROL,"['Accrete d3' 'Aciferol d3' 'Adcal-d3' 'Biolife vitamin d3' 'Cacit d3'
 'Calceos' 'Calci-d' 'Calcichew d3' 'Calcichew d3 fte'
 'Calcichew d3 once daily'
 'Cholecalciferol component of dp-r206  vitamin d3'
 'Cholecalciferol component of fosamax plus d' 'Colecal d3' 'Colekal-d3'
 'Cubicole d3' 'D-max' 'D3 lemon melts' 'Dekristol' 'Desunin'
 'Dihydrocholesterol' 'E-d3' 'Evacal d3' 'Fultium daily d3' 'Fultium-d3'
 'Hux d3' 'Invita d3' 'Kora liquid' 'Natecal d3' 'Osteocaps d3' 'Pro d3'
 'Pro d3 forte' 'Royalvit d3' 'Stexerol-d3' 'Sunvit-d3 1,000'
 'Sunvit-d3 10,000' 'Sunvit-d3 2,000' 'Sunvit-d3 2,000u/ml'
 'Sunvit-d3 20,000' 'Sunvit-d3 3,000' 'Sunvit-d3 400' 'Sunvit-d3 5,000'
 'Sunvit-d3 50,000' 'Sunvit-d3 800' 'Synervit-d3' 'Theical d-3' 'Thorens'
 'Vigantol' 'Vit d3 streuli' 'Vitamin d 3' 'Zymad']",Small molecule,"Iron deficiency anemia, anemia (phenotype), osteoporosis",Vitamin D3 receptor,VDR,"Transcription factor, Unclassified protein",Vitamin D receptor agonist
CHOLINE FENOFIBRATE,['Trilipix'],Small molecule,cardiovascular disease,Peroxisome proliferator-activated receptor alpha,PPARA,Transcription factor,Peroxisome proliferator-activated receptor alpha agonist
CHORIOGONADOTROPIN ALFA,['Ovidrel' 'Ovitrelle'],Protein,"anovulation, female infertility, hypogonadism, infertility, obesity, primary ovarian insufficiency",Lutropin-choriogonadotropic hormone receptor,LHCGR,Membrane receptor,Luteinizing hormone/Choriogonadotropin receptor agonist
CICLESONIDE,"['Alvesco' 'Alvesco 160' 'Alvesco 80' 'Aservo equihaler' 'Omnaris'
 'Zetonna']",Small molecule,"Airway obstruction, Nasal congestion, Rhinitis, Allergic, Perennial, allergic rhinitis, asthma, seasonal allergic rhinitis",Glucocorticoid receptor,NR3C1,Transcription factor,Glucocorticoid receptor agonist
CILASTATIN SODIUM,"['Cilastatin sodium component of mk-7655a'
 'Cilastatin sodium component of primaxin'
 'Cilastatin sodium component of recarbrio']",Small molecule,"Sepsis, endocarditis, infection, pneumonia, urinary tract infection",Dipeptidase 1,DPEP1,Enzyme,Renal dipeptidase inhibitor
CILAZAPRIL,['Inhibace' 'Vascace'],Small molecule,cardiovascular disease,Angiotensin-converting enzyme,ACE,Enzyme,Angiotensin-converting enzyme inhibitor
CILOSTAZOL,['Cilostazol' 'Pletal'],Small molecule,Recurrent thrombophlebitis,"cGMP-inhibited 3',5'-cyclic phosphodiesterase 3A",PDE3A,Enzyme,Phosphodiesterase 3A inhibitor
CILTACABTAGENE AUTOLEUCEL,['Carvykti'],Gene,multiple myeloma,Tumor necrosis factor receptor superfamily member 17,TNFRSF17,Membrane receptor,Tumor necrosis factor receptor superfamily member 17 binding agent
CIMETIDINE,"['Acid-eze' 'Acitak 200' 'Acitak 400' 'Acitak 800' 'Brumetadina'
 'Cimetidine' 'Dyspamet' 'Galenamet' 'Kentamet' 'Peptimax 200'
 'Peptimax 400' 'Peptimax 800' 'Tagadine' 'Tagamet' 'Tagamet 100'
 'Tagamet hb' 'Tagamet hb 200' 'Ultec' 'Valmagen' 'Zita']",Small molecule,"Peptic ulcer, duodenal ulcer, gastroesophageal reflux disease",Histamine H2 receptor,HRH2,Membrane receptor,Histamine H2 receptor antagonist
CINACALCET,[],Small molecule,parathyroid disease,Extracellular calcium-sensing receptor,CASR,Membrane receptor,Calcium sensing receptor positive allosteric modulator
CINACALCET HYDROCHLORIDE,"['Cinacalcet accordpharma' 'Cinacalcet mylan' 'Mimpara' 'Parareg'
 'Sensipar']",Small molecule,"Hypercalcemia, Parathyroid Gland Carcinoma, carcinoma, chronic kidney disease, hyperparathyroidism, secondary hyperparathyroidism",Extracellular calcium-sensing receptor,CASR,Membrane receptor,Calcium sensing receptor positive allosteric modulator
CINNARIZINE,['Marzine r.f.' 'Mylan travel sickness' 'Stugeron' 'Stugeron fte'],Small molecule,Vertigo,"Histamine H1 receptor, Voltage-gated L-type calcium channel","CACNA1C, CACNA1D, CACNA1F, CACNA1S, HRH1","Auxiliary transport protein, Ion channel, Membrane receptor","Histamine H1 receptor antagonist, Voltage-gated L-type calcium channel blocker"
CIPROFIBRATE,['Modalim'],Small molecule,cardiovascular disease,Peroxisome proliferator-activated receptor alpha,PPARA,Transcription factor,Peroxisome proliferator-activated receptor alpha agonist
CISAPRIDE,[],Small molecule,gastrointestinal disease,5-hydroxytryptamine receptor 4,HTR4,Membrane receptor,Serotonin 4 (5-HT4) receptor agonist
CITALOPRAM,[],Small molecule,"depressive disorder, major depressive disorder",Sodium-dependent serotonin transporter,SLC6A4,Transporter,Serotonin transporter inhibitor
CITALOPRAM HYDROBROMIDE,['Celexa' 'Cipramil' 'Citalopram hydrobromide' 'Paxoran'],Small molecule,major depressive disorder,Sodium-dependent serotonin transporter,SLC6A4,Transporter,Serotonin transporter inhibitor
CLASCOTERONE,['Breezula' 'Winlevi'],Small molecule,acne,Androgen receptor,AR,Transcription factor,Androgen Receptor antagonist
CLEBOPRIDE,['Clanzoflat'],Small molecule,gastrointestinal disease,"5-hydroxytryptamine receptor 4, D(2) dopamine receptor","DRD2, HTR4",Membrane receptor,"Dopamine D2 receptor antagonist, Serotonin 4 (5-HT4) receptor agonist"
CLEMASTINE,[],Small molecule,"Pruritus, allergic disease",Histamine H1 receptor,HRH1,Membrane receptor,Histamine H1 receptor antagonist
CLEMASTINE FUMARATE,"['Clemastine fumarate' 'Clemastine fumarate component of tavist-d'
 'Tavegil' 'Tavist' 'Tavist-1']",Small molecule,"allergic rhinitis, common cold, seasonal allergic rhinitis, urticaria",Histamine H1 receptor,HRH1,Membrane receptor,Histamine H1 receptor antagonist
CLENBUTEROL,['Spiropent' 'Spiropent mite'],Small molecule,Airway obstruction,Beta-2 adrenergic receptor,ADRB2,Membrane receptor,Beta-2 adrenergic receptor agonist
CLEVIDIPINE,['Cleviprex'],Small molecule,cardiovascular disease,Voltage-gated L-type calcium channel,"CACNA1C, CACNA1D, CACNA1F, CACNA1S","Auxiliary transport protein, Ion channel",Voltage-gated L-type calcium channel blocker
CLIDINIUM BROMIDE,['Clidinium bromide component of librax' 'Quarzan'],Small molecule,gastrointestinal disease,"Muscarinic acetylcholine receptor M1, Muscarinic acetylcholine receptor M3","CHRM1, CHRM3",Membrane receptor,"Muscarinic acetylcholine receptor M1 antagonist, Muscarinic acetylcholine receptor M3 antagonist"
CLOBAZAM,['Frisium' 'Onfi' 'Perizam' 'Sympazan' 'Tapclob' 'Urbanyl'],Small molecule,"Anxiety, Lennox-Gastaut syndrome, Seizure",GABA-A receptor; anion channel,"GABRA1, GABRA2, GABRA3, GABRA5, GABRG1, GABRG2, GABRG3",Ion channel,GABA-A receptor; anion channel positive allosteric modulator
CLOBETASOL PROPIONATE,"['Clarelux' 'Clobaderm' 'Clobetasol propionate'
 'Clobetasol propionate (emollient)' 'Clobex' 'Cormax' 'Dermovate'
 'Dermovate nn' 'Embeline' 'Embeline e' 'Etrivex' 'Impeklo' 'Impoyz'
 'Olux' 'Olux e' 'Temovate' 'Temovate e']",Small molecule,"psoriasis, psoriasis vulgaris, skin disease",Glucocorticoid receptor,NR3C1,Transcription factor,Glucocorticoid receptor agonist
CLOFARABINE,['Clolar' 'Evoltra' 'Ivozall'],Small molecule,"acute lymphoblastic leukemia, lymphoid leukemia, neoplasm","DNA polymerase (alpha/delta/epsilon), Ribonucleoside-diphosphate reductase RR1","POLA1, POLA2, POLD1, POLD2, POLD3, POLD4, POLE, POLE2, POLE3, PRIM1, PRIM2, RRM1","Enzyme, Unclassified protein","DNA polymerase (alpha/delta/epsilon) inhibitor, Ribonucleoside-diphosphate reductase RR1 inhibitor"
CLOFIBRATE,['Atromid' 'Atromid-s' 'Clofibrate'],Small molecule,cardiovascular disease,Peroxisome proliferator-activated receptor alpha,PPARA,Transcription factor,Peroxisome proliferator-activated receptor alpha agonist
CLOMIPHENE CITRATE,['Clomid' 'Clomiphene citrate' 'Clophene' 'Milophene' 'Serophene'],Small molecule,"hemorrhage, infertility, polycystic ovary syndrome",Estrogen receptor,ESR1,"Other cytosolic protein, Transcription factor, Unclassified protein",Estrogen receptor alpha modulator
CLOMIPRAMINE,[],Small molecule,depressive disorder,Sodium-dependent serotonin transporter,SLC6A4,Transporter,Serotonin transporter inhibitor
CLOMIPRAMINE HYDROCHLORIDE,"['Anafranil' 'Anafranil sr' 'Clomicalm' 'Clomipramine hydrochloride'
 'Tranquax']",Small molecule,obsessive-compulsive disorder,Sodium-dependent serotonin transporter,SLC6A4,Transporter,Serotonin transporter inhibitor
CLONAZEPAM,['Clonazepam' 'Klonopin' 'Klonopin rapidly disintegrating' 'Rivotril'],Small molecule,"Seizure, epilepsy, panic disorder",GABA-A receptor; anion channel,"GABRA1, GABRA2, GABRA3, GABRA5, GABRG1, GABRG2, GABRG3",Ion channel,GABA-A receptor; anion channel positive allosteric modulator
CLONIDINE,"['Catapres-tts-1' 'Catapres-tts-2' 'Catapres-tts-3' 'Clonidine'
 'Nexiclon xr']",Small molecule,"cancer, glaucoma, hypertension, migraine disorder, neuropathic pain",Adrenergic receptor alpha-2,"ADRA2A, ADRA2B, ADRA2C",Membrane receptor,Adrenergic receptor alpha-2 agonist
CLONIDINE HYDROCHLORIDE,"['Catapres' 'Catapres p.l.' 'Catapres tts 1' 'Catapres tts 2'
 'Catapres tts 3' 'Clonidine hydrochloride'
 'Clonidine hydrochloride component of clorpres'
 'Clonidine hydrochloride component of combipres' 'Dixarit' 'Duraclon'
 'Jenloga' 'Kapvay' 'Onyda xr']",Small molecule,"attention deficit hyperactivity disorder, hypertension",Adrenergic receptor alpha-2,"ADRA2A, ADRA2B, ADRA2C",Membrane receptor,Adrenergic receptor alpha-2 agonist
CLOPIDOGREL,[],Small molecule,"Recurrent thrombophlebitis, thrombotic disease",P2Y purinoceptor 12,P2RY12,Membrane receptor,Purinergic receptor P2Y12 antagonist
CLOPIDOGREL BISULFATE,"['Clopidogrel bgr (previously zylagren)' 'Clopidogrel bisulfate'
 'Clopidogrel bisulfate component of clopidogrel/acetylsalicyclic acid teva'
 'Clopidogrel bisulfate component of duocover'
 'Clopidogrel bisulfate component of duoplavin' 'Clopidogrel bms'
 'Clopidogrel ratiopharm' 'Clopidogrel teva (hydrogen sulphate)'
 'Clopidogrel zentiva (previously clopidogrel winthrop)' 'Iscover'
 'Plavix' 'Zyllt']",Small molecule,"acute coronary syndrome, intermediate coronary syndrome, ischemia, myocardial infarction, peripheral arterial disease, stroke",P2Y purinoceptor 12,P2RY12,Membrane receptor,Purinergic receptor P2Y12 antagonist
CLORAZEPATE DIPOTASSIUM,['Clorazepate dipotassium' 'Gen-xene' 'Tranxene' 'Tranxene sd'],Small molecule,"Seizure, anxiety disorder",GABA-A receptor; anion channel,"GABRA1, GABRA2, GABRA3, GABRA5, GABRG1, GABRG2, GABRG3",Ion channel,GABA-A receptor; anion channel positive allosteric modulator
CLOTHIAPINE,[],Small molecule,psychosis,"D(4) dopamine receptor, Serotonin 2 (5-HT2) receptor, Serotonin 3 (5-HT3) receptor","DRD4, HTR2A, HTR2B, HTR2C, HTR3A, HTR3B, HTR3C, HTR3D, HTR3E","Ion channel, Membrane receptor","Dopamine D4 receptor antagonist, Serotonin 2 (5-HT2) receptor antagonist, Serotonin 3 (5-HT3) receptor antagonist"
CLOTIAZEPAM,['Clozan' 'Rize'],Small molecule,Anxiety,GABA-A receptor; anion channel,"GABRA1, GABRA2, GABRA3, GABRA5, GABRG1, GABRG2, GABRG3",Ion channel,GABA-A receptor; anion channel positive allosteric modulator
CLOZAPINE,['Clozapine' 'Clozaril' 'Fazaclo' 'Fazaclo odt' 'Versacloz' 'Zaponex'],Small molecule,"psychosis, schizoaffective disorder, schizophrenia","5-hydroxytryptamine receptor 2A, D(2) dopamine receptor","DRD2, HTR2A",Membrane receptor,"Dopamine D2 receptor antagonist, Serotonin 2a (5-HT2a) receptor antagonist"
COAGULATION FACTOR IX HUMAN,"['Coagulation factor ix human component of balfaxar' 'Mononine' 'Nonafact'
 'Replenine']",Unknown,hemophilia B,Coagulation factor IX,F9,"Enzyme, Secreted protein",Coagulation factor IX exogenous protein
COAGULATION FACTOR IX RECOMBINANT HUMAN,['Benefix' 'Rixubis'],Protein,hemophilia B,Coagulation factor IX,F9,"Enzyme, Secreted protein",Coagulation factor IX exogenous protein
COAGULATION FACTOR X HUMAN,['Coagadex' 'Coagulation factor x human component of balfaxar'],Unknown,"factor X deficiency, hemorrhage",Coagulation factor X,F10,"Enzyme, Secreted protein",Coagulation factor X exogenous protein
COBICISTAT,"['Cobicistat component of evotaz' 'Cobicistat component of genvoya'
 'Cobicistat component of prezcobix' 'Cobicistat component of rezolsta'
 'Cobicistat component of stribild' 'Cobicistat component of symtuza'
 'Tybost']",Small molecule,"HIV infection, HIV-1 infection, infection",Cytochrome P450 3A,"CYP3A4, CYP3A43, CYP3A5, CYP3A7",Enzyme,Cytochrome P450 3A inhibitor
COBIMETINIB,[],Small molecule,neoplasm,"Dual specificity mitogen-activated protein kinase kinase 1, Dual specificity mitogen-activated protein kinase kinase 2","MAP2K1, MAP2K2",Enzyme,"Dual specificity mitogen-activated protein kinase kinase 1 inhibitor, Dual specificity mitogen-activated protein kinase kinase 2 inhibitor"
COBIMETINIB FUMARATE,['Cotellic'],Small molecule,"melanoma, metastatic melanoma","Dual specificity mitogen-activated protein kinase kinase 1, Dual specificity mitogen-activated protein kinase kinase 2","MAP2K1, MAP2K2",Enzyme,"Dual specificity mitogen-activated protein kinase kinase 1 inhibitor, Dual specificity mitogen-activated protein kinase kinase 2 inhibitor"
CODEINE,[],Small molecule,"Cough, Pain",Opioid receptors; mu/kappa/delta,"OPRD1, OPRK1, OPRM1",Membrane receptor,Opioid receptors; mu/kappa/delta agonist
CODEINE SULFATE,['Codeine sulfate'],Small molecule,"Pain, drug dependence",Opioid receptors; mu/kappa/delta,"OPRD1, OPRK1, OPRM1",Membrane receptor,Opioid receptors; mu/kappa/delta agonist
COLCHICINE,"['Colchicine component of col-probenecid'
 'Colchicine component of colbenemid' 'Colchicine component of mitigare'
 'Colchicine component of proben-c' 'Colcrys' 'Gloperba' 'Lodoco'
 'Mitigare']",Small molecule,"familial Mediterranean fever, gout",Tubulin,"TUBB, TUBB1, TUBB2A, TUBB2B, TUBB3, TUBB4A, TUBB4B, TUBB6, TUBB8","Structural protein, Unclassified protein",Tubulin inhibitor
COLLAGENASE CLOSTRIDIUM HISTOLYTICUM,['Qwo' 'Santyl' 'Xiaflex' 'Xiapex'],Enzyme,"Abnormality of connective tissue, Dupuytren Contracture, Palmar Fibromatosis, Penile Fibromatosis, Peyronie disease, Skin ulcer, ulcer disease",Collagen,"COL11A1, COL11A2, COL15A1, COL18A1, COL1A1, COL1A2, COL24A1, COL27A1, COL28A1, COL2A1, COL3A1, COL4A1, COL4A2, COL4A3, COL4A4, COL4A5, COL4A6, COL5A1, COL5A2, COL5A3, COL6A1, COL6A2, COL6A3, COL6A5, COL6A6",Structural protein,Collagen hydrolytic enzyme
CONESTAT ALFA,['Ruconest'],Protein,hereditary angioedema,Plasma protease C1 inhibitor,SERPING1,Unclassified protein,Plasma protease C1 inhibitor exogenous protein
CONIVAPTAN,[],Small molecule,cardiovascular disease,"Vasopressin V1a receptor, Vasopressin V2 receptor","AVPR1A, AVPR2",Membrane receptor,"Vasopressin V1a receptor antagonist, Vasopressin V2 receptor antagonist"
CONIVAPTAN HYDROCHLORIDE,['Vaprisol'],Small molecule,heart failure,"Vasopressin V1a receptor, Vasopressin V2 receptor","AVPR1A, AVPR2",Membrane receptor,"Vasopressin V1a receptor antagonist, Vasopressin V2 receptor antagonist"
COPANLISIB,[],Small molecule,neoplasm,"Phosphatidylinositol 4,5-bisphosphate 3-kinase catalytic subunit alpha isoform, Phosphatidylinositol 4,5-bisphosphate 3-kinase catalytic subunit delta isoform","PIK3CA, PIK3CD",Enzyme,"PI3-kinase p110-alpha subunit inhibitor, PI3-kinase p110-delta subunit inhibitor"
COPANLISIB HYDROCHLORIDE,['Aliqopa'],Small molecule,"follicular lymphoma, neoplasm of mature B-cells","Phosphatidylinositol 4,5-bisphosphate 3-kinase catalytic subunit alpha isoform, Phosphatidylinositol 4,5-bisphosphate 3-kinase catalytic subunit delta isoform","PIK3CA, PIK3CD",Enzyme,"PI3-kinase p110-alpha subunit inhibitor, PI3-kinase p110-delta subunit inhibitor"
CORIFOLLITROPIN ALFA,['Elonva'],Protein,positive regulation of ovulation,Follicle-stimulating hormone receptor,FSHR,Membrane receptor,Follicle stimulating hormone receptor agonist
CORTICOTROPIN,"['Acth' 'Acthar' 'Acthar gel' 'Acthar gel (autoinjector)'
 'Adrenocorticotropin' 'Adrenomone' 'Corticotropin' 'H.p. acthar gel'
 'Purified cortrophin gel']",Unknown,"infantile spasms, multiple sclerosis",Adrenocorticotropic hormone receptor,MC2R,Membrane receptor,Melanocortin receptor 2 agonist
CORTISONE ACETATE,['Cortate' 'Cortelan' 'Cortisone acetate' 'Cortistab' 'Cortisyl' 'Cortone'],Small molecule,"Aplastic anemia, Hypercalcemia, Iridocyclitis, Peptic ulcer, Stevens-Johnson syndrome, Thrombocytopenia, allergic disease, asthma, atopic eczema, autoimmune thrombocytopenic purpura, classic congenital adrenal hyperplasia due to 21-hydroxylase deficiency, congenital adrenal hyperplasia, contact dermatitis, dermatitis herpetiformis, dermatomyositis, enteritis, erythema multiforme, exfoliative dermatitis, eye inflammation, frozen shoulder, gout, hemolytic anemia, iritis, juvenile idiopathic arthritis, lateral epicondylitis, leukemia, lymphoma, meningeal tuberculosis, nephrotic syndrome, ophthalmic herpes zoster, osteoarthritis, pneumonia, polymyositis, posterior uveitis, primary adrenal insufficiency, psoriatic arthritis, pulmonary tuberculosis, rheumatoid arthritis, seborrheic dermatitis, subacute thyroiditis, sympathetic ophthalmia, synovitis, systemic lupus erythematosus, tenosynovitis",Glucocorticoid receptor,NR3C1,Transcription factor,Glucocorticoid receptor agonist
CRISABOROLE,['Eucrisa' 'Staquis'],Small molecule,"Eczematoid dermatitis, atopic eczema",Phosphodiesterase 4,"PDE4A, PDE4B, PDE4C, PDE4D",Enzyme,Phosphodiesterase 4 inhibitor
CRIZANLIZUMAB,['Adakveo'],Antibody,sickle cell disease,P-selectin,SELP,Adhesion,P-selectin blocker
CRIZOTINIB,['Xalkori'],Small molecule,"neoplasm, non-small cell lung carcinoma","EML4-ALK, Hepatocyte growth factor receptor, NPM/ALK (Nucleophosmin/ALK tyrosine kinase receptor)","ALK, EML4, MET, NPM1","Enzyme, Other nuclear protein, Unclassified protein","EML4-ALK inhibitor, Hepatocyte growth factor receptor inhibitor, NPM/ALK (Nucleophosmin/ALK tyrosine kinase receptor) inhibitor"
CROFELEMER,['Fulyzaq' 'Mytesi' 'Provir' 'Virend'],Small molecule,Diarrhea,"Anoctamin-1, Cystic fibrosis transmembrane conductance regulator","ANO1, CFTR","Ion channel, Unclassified protein","Anoctamin-1 blocker, Cystic fibrosis transmembrane conductance regulator inhibitor"
CYCLIZINE,[],Small molecule,allergic disease,Histamine H1 receptor,HRH1,Membrane receptor,Histamine H1 receptor antagonist
CYCLOBENZAPRINE HYDROCHLORIDE,['Amrix' 'Cyclobenzaprine hydrochloride' 'Flexeril'],Small molecule,"Muscle spasm, Myalgia, Spasticity, cerebral palsy, spinal cord disease","5-hydroxytryptamine receptor 2A, 5-hydroxytryptamine receptor 2C","HTR2A, HTR2C",Membrane receptor,"Serotonin 2a (5-HT2a) receptor antagonist, Serotonin 2c (5-HT2c) receptor antagonist"
CYCLOPENTOLATE HYDROCHLORIDE,"['Ak-pentolate' 'Akpentolate' 'Alnide' 'Cyclogyl'
 'Cyclopentolate hydrochloride'
 'Cyclopentolate hydrochloride component of cyclomydril' 'Mydrilate'
 'Pentolair']",Small molecule,Mydriasis,Muscarinic acetylcholine receptor M3,CHRM3,Membrane receptor,Muscarinic acetylcholine receptor M3 antagonist
CYCLOSPORINE,"['Capimune' 'Capsorin' 'Cequa' 'Cyclosporine' 'Deximune' 'Gengraf'
 'Ikervis' 'Neoral' 'Optimmune' 'Restasis' 'Restasis multidose'
 'Sandimmun' 'Sandimmune' 'Sangcya' 'Vanquoral' 'Verkazia' 'Vevye']",Protein,"corneal disease, eye disease, immune system disease, inflammation, keratitis, keratoconjunctivitis, psoriasis, rheumatoid arthritis",Peptidyl-prolyl cis-trans isomerase A,PPIA,Enzyme,Cyclophilin A modulator
CYCLOTHIAZIDE,['Anhydron' 'Fluidil'],Small molecule,cardiovascular disease,Solute carrier family 12 member 3,SLC12A3,Transporter,Thiazide-sensitive sodium-chloride cotransporter inhibitor
CYPROHEPTADINE,[],Small molecule,allergic disease,Histamine H1 receptor,HRH1,Membrane receptor,Histamine H1 receptor antagonist
CYPROHEPTADINE HYDROCHLORIDE,['Cyproheptadine hydrochloride' 'Cyproheptadine hydrocloride' 'Periactin'],Small molecule,"allergic conjunctivitis, seasonal allergic rhinitis, urticaria",Histamine H1 receptor,HRH1,Membrane receptor,Histamine H1 receptor antagonist
CYTARABINE,"['Alexan' 'Alexan 100' 'Cytarabine' 'Cytarabine component of vyxeos'
 'Cytosar' 'Cytosar-u' 'Depocyt' 'Depocyte' 'Tarabine pfs']",Small molecule,"acute lymphoblastic leukemia, acute myeloid leukemia, leptomeningeal metastasis, lymphoid leukemia, meningeal neoplasm, neoplasm",DNA polymerase (alpha/delta/epsilon),"POLA1, POLA2, POLD1, POLD2, POLD3, POLD4, POLE, POLE2, POLE3, PRIM1, PRIM2","Enzyme, Unclassified protein",DNA polymerase (alpha/delta/epsilon) inhibitor
DABIGATRAN ETEXILATE,['Pradaxa' 'Prazaxa'],Small molecule,Recurrent thrombophlebitis,Prothrombin,F2,Enzyme,Thrombin inhibitor
DABIGATRAN ETEXILATE MESYLATE,"['Dabigatran etexilate accord' 'Dabigatran etexilate leon farma' 'Pradaxa'
 'Pradaxa (dabigatran etexilate mesylate)']",Small molecule,"atrial fibrillation, deep vein thrombosis, pulmonary embolism, stroke, total joint arthroplasty, venous thromboembolism",Prothrombin,F2,Enzyme,Thrombin inhibitor
DABRAFENIB,['Tafinlar'],Small molecule,neoplasm,Serine/threonine-protein kinase B-raf,BRAF,"Enzyme, Unclassified protein",Serine/threonine-protein kinase B-raf inhibitor
DABRAFENIB MESYLATE,['Finlee' 'Tafinlar'],Small molecule,"melanoma, metastatic melanoma",Serine/threonine-protein kinase B-raf,BRAF,"Enzyme, Unclassified protein",Serine/threonine-protein kinase B-raf inhibitor
DACLIZUMAB,['Zenapax' 'Zinbryta'],Antibody,"immune system disease, multiple sclerosis, relapsing-remitting multiple sclerosis",Interleukin-2 receptor,IL2RA,Membrane receptor,Interleukin-2 receptor inhibitor
DACOMITINIB,['Vizimpro'],Small molecule,"neoplasm, non-small cell lung carcinoma","Epidermal growth factor receptor, Receptor tyrosine-protein kinase erbB-2, Receptor tyrosine-protein kinase erbB-4","EGFR, ERBB2, ERBB4","Enzyme, Unclassified protein","Epidermal growth factor receptor erbB1 inhibitor, Receptor protein-tyrosine kinase erbB-2 inhibitor, Receptor protein-tyrosine kinase erbB-4 inhibitor"
DALFAMPRIDINE,['Ampyra' 'Ampyra extended release' 'Fampridine accord' 'Fampyra'],Small molecule,multiple sclerosis,Voltage-gated potassium channel,"KCNA1, KCNA10, KCNA2, KCNA3, KCNA4, KCNA5, KCNA6, KCNA7, KCNB1, KCNB2, KCNC1, KCNC2, KCNC3, KCNC4, KCND1, KCND2, KCND3, KCNF1, KCNG1, KCNG2, KCNG3, KCNG4, KCNH1, KCNH2, KCNH3, KCNH4, KCNH5, KCNH6, KCNH7, KCNH8, KCNQ1, KCNQ2, KCNQ3, KCNQ4, KCNQ5, KCNS1, KCNS2, KCNS3, KCNV1, KCNV2","Ion channel, Transporter",Voltage-gated potassium channel blocker
DALTEPARIN SODIUM,['Fragmin' 'Low liquemine'],Oligosaccharide,"Recurrent thrombophlebitis, Venous thrombosis, deep vein thrombosis, venous thromboembolism",Antithrombin-III,SERPINC1,Secreted protein,Antithrombin-III activator
DAMOCTOCOG ALFA PEGOL,['Jivi'],Protein,hemophilia A,Coagulation factor VIII,F8,"Enzyme, Secreted protein",Coagulation factor VIII exogenous protein
DANAPAROID SODIUM,['Orgaran'],Unknown,Recurrent thrombophlebitis,Antithrombin-III,SERPINC1,Secreted protein,Antithrombin-III activator
DANAZOL,['Danazol' 'Danocrine'],Small molecule,"breast fibrocystic disease, endometriosis","Androgen receptor, Progesterone receptor","AR, PGR","Transcription factor, Unclassified protein","Androgen Receptor agonist, Progesterone receptor agonist"
DANTHRON,['Dorbane' 'Istizin'],Small molecule,Constipation,Retinoic acid receptor RXR-alpha,RXRA,Transcription factor,Retinoid X receptor alpha antagonist
DANTROLENE SODIUM,['Agilus' 'Dantrium' 'Dantrolene sodium' 'Revonto' 'Ryanodex'],Small molecule,"Fever, Spasticity, cerebral palsy, multiple sclerosis, spinal cord injury, stroke","Ryanodine receptor 1, Ryanodine receptor 3","RYR1, RYR3",Ion channel,"Ryanodine receptor 1 antagonist, Ryanodine receptor 3 antagonist"
DAPAGLIFLOZIN,"['Dapagliflozin component of br1019' 'Dapagliflozin component of qtern'
 'Dapagliflozin component of qternmet'
 'Dapagliflozin component of qternmet  dapaglifozin'
 'Dapagliflozin component of qternmet xr' 'Dapagliflozin viatris']",Small molecule,"chronic kidney disease, diabetes mellitus, heart failure, type 2 diabetes mellitus",Sodium/glucose cotransporter 2,SLC5A2,Transporter,Sodium/glucose cotransporter 2 inhibitor
DAPAGLIFLOZIN PROPANEDIOL,"['Dapagliflozin propanediol component of xigduo' 'Edistride' 'Farxiga'
 'Forxiga']",Small molecule,"heart failure, type 2 diabetes mellitus",Sodium/glucose cotransporter 2,SLC5A2,Transporter,Sodium/glucose cotransporter 2 inhibitor
DAPIPRAZOLE,[],Small molecule,glaucoma,Alpha-1A adrenergic receptor,ADRA1A,Membrane receptor,Alpha-1a adrenergic receptor antagonist
DAPIPRAZOLE HYDROCHLORIDE,['Dapiprazole hydrochloride' 'Rev-eyes'],Small molecule,"Mydriasis, open-angle glaucoma",Alpha-1A adrenergic receptor,ADRA1A,Membrane receptor,Alpha-1a adrenergic receptor antagonist
DAPRODUSTAT,['Jesduvroq'],Small molecule,"anemia, anemia (phenotype), chronic kidney disease",Hypoxia-inducible factor prolyl hydroxylase,"EGLN1, EGLN2, EGLN3, P4HTM",Enzyme,Hypoxia-inducible factor prolyl hydroxylase inhibitor
DARATUMUMAB,['Daratumumab component of darzalex faspro' 'Darzalex'],Antibody,"multiple myeloma, neoplasm",ADP-ribosyl cyclase/cyclic ADP-ribose hydrolase 1,CD38,Enzyme,Lymphocyte differentiation antigen CD38 inhibitor
DARBEPOETIN ALFA,['Aranesp' 'Aranesp sureclick' 'Nespo'],Protein,"anemia, anemia (phenotype), cancer, chronic kidney disease",Erythropoietin receptor,EPOR,Membrane receptor,Erythropoietin receptor agonist
DARIDOREXANT HYDROCHLORIDE,['Quviviq'],Small molecule,insomnia,"Orexin receptor type 2, Orexin/Hypocretin receptor type 1","HCRTR1, HCRTR2",Membrane receptor,"Orexin receptor 1 antagonist, Orexin receptor 2 antagonist"
DARIFENACIN,[],Small molecule,"Polyuria, Urinary incontinence","Muscarinic acetylcholine receptor M2, Muscarinic acetylcholine receptor M3","CHRM2, CHRM3",Membrane receptor,"Muscarinic acetylcholine receptor M2 antagonist, Muscarinic acetylcholine receptor M3 antagonist"
DARIFENACIN HYDROBROMIDE,['Darifenacin hydrobromide' 'Emselex' 'Enablex'],Small molecule,"overactive bladder, urgency urinary incontinence","Muscarinic acetylcholine receptor M2, Muscarinic acetylcholine receptor M3","CHRM2, CHRM3",Membrane receptor,"Muscarinic acetylcholine receptor M2 antagonist, Muscarinic acetylcholine receptor M3 antagonist"
DAROLUTAMIDE,['Nubeqa'],Small molecule,"neoplasm, prostate cancer, prostate neoplasm",Androgen receptor,AR,Transcription factor,Androgen Receptor antagonist
DASATINIB ANHYDROUS,['Dasatinib accord' 'Dasatinib accordpharma'],Small molecule,"Blast Phase Chronic Myelogenous Leukemia, BCR-ABL1 Positive, acute lymphoblastic leukemia, chronic myelogenous leukemia, lymphoid leukemia, neoplasm","Bcr/Abl fusion protein, Ephrin type-A receptor 2, Mast/stem cell growth factor receptor Kit, Platelet-derived growth factor receptor beta, SRC, Tyrosine-protein kinase ABL1","ABL1, BCR, BLK, EPHA2, FGR, FRK, FYN, HCK, KIT, LCK, LYN, PDGFRB, SRC, SRMS, YES1","Enzyme, Other cytosolic protein, Unclassified protein","Bcr/Abl fusion protein inhibitor, Ephrin type-A receptor 2 inhibitor, Platelet-derived growth factor receptor beta inhibitor, SRC inhibitor, Stem cell growth factor receptor inhibitor, Tyrosine-protein kinase ABL inhibitor"
DASIGLUCAGON HYDROCHLORIDE,['Zegalogue' 'Zegalogue (autoinjector)'],Protein,"Hypoglycemia, type 1 diabetes mellitus",Glucagon receptor,GCGR,Membrane receptor,Glucagon receptor agonist
DAUNORUBICIN,['Daunorubicin component of vyxeos' 'Daunoxome'],Small molecule,"acute myeloid leukemia, neoplasm",DNA topoisomerase 2-alpha,TOP2A,Enzyme,DNA topoisomerase II alpha inhibitor
DAUNORUBICIN HYDROCHLORIDE,['Cerubidine' 'Daunorubicin hydrochloride'],Small molecule,lymphoid leukemia,DNA topoisomerase 2-alpha,TOP2A,Enzyme,DNA topoisomerase II alpha inhibitor
DAXIBOTULINUMTOXINA,['Daxxify'],Unknown,skin aging,Synaptosomal-associated protein 25,SNAP25,Other cytosolic protein,Synaptosomal nerve-associated protein 25 (SNAP-25) inhibitor
DEBRISOQUIN,[],Small molecule,hypertension,Sodium-dependent noradrenaline transporter,SLC6A2,Transporter,Norepinephrine transporter inhibitor
DECITABINE,"['Dacogen' 'Decitabine' 'Decitabine component of astx-727'
 'Decitabine component of astx727' 'Decitabine component of inqovi']",Small molecule,"anemia, chronic myelomonocytic leukemia, myelodysplastic syndrome, myeloid leukemia, neoplasm, refractory anemia with excess blasts","DNA (cytosine-5)-methyltransferase 1, DNA (cytosine-5)-methyltransferase 3A","DNMT1, DNMT3A",Epigenetic regulator,"DNA (cytosine-5)-methyltransferase 1 inhibitor, DNA (cytosine-5)-methyltransferase 3A inhibitor"
DEFIBROTIDE SODIUM,['Defitelio'],Oligonucleotide,hepatic veno-occlusive disease,Plasminogen,PLG,Enzyme,Plasminogen activator
DEFLAZACORT,['Calcort' 'Emflaza' 'Zamene'],Small molecule,"Duchenne muscular dystrophy, muscular dystrophy",Glucocorticoid receptor,NR3C1,Transcription factor,Glucocorticoid receptor agonist
DEGARELIX ACETATE,['Degarelix accord' 'Firmagon'],Protein,"prostate cancer, prostate carcinoma",Gonadotropin-releasing hormone receptor,GNRHR,Membrane receptor,Gonadotropin-releasing hormone receptor antagonist
DEMECARIUM,[],Small molecule,glaucoma,Acetylcholinesterase,ACHE,Enzyme,Acetylcholinesterase inhibitor
DENILEUKIN DIFTITOX,['Ontak'],Protein,"Cutaneous T-cell lymphoma, neoplasm","Elongation factor 2, Interleukin-2 receptor","EEF2, IL2RA, IL2RB","Membrane receptor, Other cytosolic protein","Elongation factor 2 inhibitor, Interleukin-2 receptor binding agent"
DENOSUMAB,"['Jubbonti' 'Prolia' 'Prolia, ranmark xgeva' 'Prolia, xgeva' 'Wyost'
 'Xgeva']",Antibody,"Hypercalcemia, bone disease, bone metastasis, bone resorption disease, breast cancer, giant cell tumor, metastasis, osteoporosis, postmenopausal osteoporosis",Tumor necrosis factor ligand superfamily member 11,TNFSF11,Secreted protein,Tumor necrosis factor ligand superfamily member 11 inhibitor
DESERPIDINE,"['Deserpidine component of enduronyl'
 'Deserpidine component of oreticyl forte' 'Harmonyl']",Small molecule,hypertension,Synaptic vesicular amine transporter,SLC18A2,Transporter,Synaptic vesicular amine transporter inhibitor
DESIPRAMINE,[],Small molecule,"depressive disorder, major depressive disorder",Sodium-dependent noradrenaline transporter,SLC6A2,Transporter,Norepinephrine transporter inhibitor
DESIRUDIN,['Iprivask' 'Revasc'],Protein,"Recurrent thrombophlebitis, Venous thrombosis, deep vein thrombosis",Prothrombin,F2,Enzyme,Thrombin inhibitor
DESLANOSIDE,['Cedilanid-d'],Small molecule,cardiovascular disease,Sodium/potassium-transporting ATPase,"ATP1A1, ATP1A2, ATP1A3, ATP1A4","Enzyme, Transporter",Sodium/potassium-transporting ATPase inhibitor
DESLORATADINE,"['Aerius' 'Allex' 'Azomyr' 'Clarinex' 'Dasselta' 'Desloratadine'
 'Desloratadine actavis'
 'Desloratadine actavis (authorized: rhinitis, urticaria)'
 'Desloratadine component of clarinex-d' 'Desloratadine ratiopharm'
 'Desloratadine ratiopharm (authorized: rhinitis, urticaria)'
 'Desloratadine teva'
 'Desloratadine teva (authorized: rhinitis, urticaria)' 'Midetorin'
 'Neoclarityn' 'Opulis']",Small molecule,"Rhinitis, Allergic, Perennial, allergic disease, allergic rhinitis, seasonal allergic rhinitis, urticaria",Histamine H1 receptor,HRH1,Membrane receptor,Histamine H1 receptor antagonist
DESMOPRESSIN ACETATE,"['Concentraid' 'Ddavp' 'Ddavp (needs no refrigeration)' 'Desmomelt'
 'Desmopressin acetate' 'Desmopressin acetate (needs no refrigeration)'
 'Desmopressin acetate preservative free' 'Desmospray' 'Desmotabs'
 'Minirin' 'Nocdurna' 'Noctiva' 'Nocutil' 'Noqdirna' 'Octim' 'Octostim'
 'Presinex' 'Stimate' 'Stimate (needs no refrigeration)']",Protein,"Central diabetes insipidus, Nasal congestion, diabetes insipidus, enuresis, head injury, hemorrhage, von Willebrand disease (hereditary or acquired)",Vasopressin receptor,"AVPR1A, AVPR1B, AVPR2",Membrane receptor,Vasopressin receptor agonist
DESONIDE,"['Desonate' 'Desonide' 'Desonide component of tridesilon' 'Desowen'
 'Tridesilon' 'Verdeso']",Small molecule,"atopic eczema, eye inflammation, skin disease",Glucocorticoid receptor,NR3C1,Transcription factor,Glucocorticoid receptor agonist
DESOXIMETASONE,"['Desoximetasone' 'Stiedex' 'Stiedex lp' 'Stiedex lpn' 'Topicort'
 'Topicort lp']",Small molecule,"psoriasis, psoriasis vulgaris, skin disease",Glucocorticoid receptor,NR3C1,Transcription factor,Glucocorticoid receptor agonist
DESVENLAFAXINE,['Desvenlafaxine' 'Khedezla'],Small molecule,"depressive disorder, major depressive disorder","Sodium-dependent noradrenaline transporter, Sodium-dependent serotonin transporter","SLC6A2, SLC6A4",Transporter,"Norepinephrine transporter inhibitor, Serotonin transporter inhibitor"
DESVENLAFAXINE SUCCINATE,['Desvenlafaxine succinate' 'Pristiq'],Small molecule,major depressive disorder,"Sodium-dependent noradrenaline transporter, Sodium-dependent serotonin transporter","SLC6A2, SLC6A4",Transporter,"Norepinephrine transporter inhibitor, Serotonin transporter inhibitor"
DEUCRAVACITINIB,['Sotyktu'],Small molecule,"psoriasis, psoriasis vulgaris",Non-receptor tyrosine-protein kinase TYK2,TYK2,Enzyme,Tyrosine-protein kinase TYK2 negative allosteric modulator
DEUTETRABENAZINE,['Austedo' 'Austedo xr'],Small molecule,"Huntington disease, chorea",Synaptic vesicular amine transporter,SLC18A2,Transporter,Synaptic vesicular amine transporter inhibitor
DEXAMETHASONE,"['Aeroseb-dex' 'Decaderm' 'Decadron' 'Decadron-75' 'Decaspray' 'Dexa-sine'
 'Dexacortal' 'Dexacortin' 'Dexacortisyl' 'Dexafree' 'Dexamethasone'
 'Dexamethasone component of ciprodex'
 'Dexamethasone component of dexacidin'
 'Dexamethasone component of dexasporin'
 'Dexamethasone component of maxitrol'
 'Dexamethasone component of tobradex'
 'Dexamethasone component of tobradex st' 'Dexamethasone intensol'
 'Dexamonozon' 'Dexapos' 'Dexasite' 'Dexasone' 'Dexone' 'Dexone 0.5'
 'Dexone 0.75' 'Dexone 1.5' 'Dexone 4' 'Dexsol' 'Dextenza' 'Dexycu kit'
 'Dropodex' 'Fortecortin' 'Gppe ear spy' 'Hemady' 'Hexadrol' 'Isopto-dex'
 'Kortico injection' 'Loverine' 'Luxazone' 'Martapan' 'Maxidex' 'Maxitrol'
 'Oradexon' 'Otomize' 'Ozurdex' 'Sofradex' 'Spersadex comp' 'Tobradex']",Small molecule,"Aplastic anemia, Chorioretinitis, Corneal scarring, Crohn's disease, Herpes simplex infection, Hypercalcemia, Iridocyclitis, Nasal congestion, Peptic ulcer, Stevens-Johnson syndrome, Thrombocytopenia, acne, adrenal gland disease, adrenal gland hyperfunction, allergic conjunctivitis, allergic rhinitis, ankylosing spondylitis, asthma, atopic eczema, autoimmune thrombocytopenic purpura, cancer, choroiditis, classic congenital adrenal hyperplasia due to 21-hydroxylase deficiency, congenital adrenal hyperplasia, contact dermatitis, dermatitis, dermatitis herpetiformis, diabetic retinopathy, eosinophilic pneumonia, erythema multiforme, exfoliative dermatitis, eye inflammation, frozen shoulder, gout, hemolytic anemia, hemorrhoid, infection, inflammation, iritis, juvenile idiopathic arthritis, keratitis, lateral epicondylitis, leukemia, lymphoma, macular retinal edema, meningeal tuberculosis, multiple sclerosis, mycosis fungoides, myocarditis, neoplasm, nephrotic syndrome, ophthalmic herpes zoster, optic neuritis, osteoarthritis, pemphigus vulgaris, pneumonia, posterior uveitis, primary adrenal insufficiency, psoriasis, psoriatic arthritis, pulmonary tuberculosis, rheumatoid arthritis, sarcoidosis, seasonal allergic rhinitis, seborrheic dermatitis, subacute thyroiditis, sympathetic ophthalmia, synovitis, systemic lupus erythematosus, tenosynovitis, trichinosis, type III hypersensitivity reaction disease, ulcerative colitis, uveitis",Glucocorticoid receptor,NR3C1,Transcription factor,Glucocorticoid receptor agonist
DEXAMETHASONE SODIUM PHOSPHATE,"['Ak-dex' 'Dalalone' 'Decadron' 'Decadron phosphate' 'Dexabene'
 'Dexacen-4' 'Dexacort' 'Dexair' 'Dexamethasone sodium phosphate'
 'Dexamethasone sodium phosphate component of neodecadron'
 'Dexamethasone sodium phosphate preservative free' 'Hexadrol' 'Maxidex'
 'Mephamesone' 'Orgadrone' 'Prodex' 'Soldesam' 'Soludecadron' 'Solupen n'
 'Totocortin']",Small molecule,"Aplastic anemia, Chorioretinitis, Crohn's disease, Herpes simplex infection, Hypercalcemia, Iridocyclitis, Peptic ulcer, Stevens-Johnson syndrome, Thrombocytopenia, adrenocortical insufficiency, allergic conjunctivitis, allergic rhinitis, ankylosing spondylitis, asthma, atopic eczema, autoimmune thrombocytopenic purpura, brain edema, choroiditis, classic congenital adrenal hyperplasia due to 21-hydroxylase deficiency, contact dermatitis, dermatitis herpetiformis, eosinophilic pneumonia, erythema multiforme, exfoliative dermatitis, frozen shoulder, gout, hemolytic anemia, inflammation, iritis, juvenile idiopathic arthritis, keratitis, lateral epicondylitis, leukemia, lymphoma, meningeal tuberculosis, mycosis fungoides, myocarditis, nephrotic syndrome, ophthalmic herpes zoster, optic neuritis, osteoarthritis, pemphigus vulgaris, pneumonia, posterior uveitis, primary adrenal insufficiency, psoriasis, psoriatic arthritis, pulmonary tuberculosis, rheumatoid arthritis, sarcoidosis, seasonal allergic rhinitis, seborrheic dermatitis, subacute thyroiditis, sympathetic ophthalmia, synovitis, systemic lupus erythematosus, tenosynovitis, trichinosis, type III hypersensitivity reaction disease, ulcerative colitis",Glucocorticoid receptor,NR3C1,Transcription factor,Glucocorticoid receptor agonist
DEXBROMPHENIRAMINE,[],Small molecule,allergic disease,Histamine H1 receptor,HRH1,Membrane receptor,Histamine H1 receptor antagonist
DEXBROMPHENIRAMINE MALEATE,"['Dexbrompheniramine maleate component of brompheril'
 'Dexbrompheniramine maleate component of disobrom'
 'Dexbrompheniramine maleate component of disophrol'
 'Dexbrompheniramine maleate component of drixoral'
 'Dexbrompheniramine maleate component of drixoral plus'
 'Dexbrompheniramine maleate component of resporal' 'Disomer']",Small molecule,seasonal allergic rhinitis,Histamine H1 receptor,HRH1,Membrane receptor,Histamine H1 receptor antagonist
DEXCHLORPHENIRAMINE MALEATE,['Dexchlorpheniramine maleate' 'Polaramine'],Small molecule,"Rhinitis, Allergic, Perennial, allergic conjunctivitis, angioedema, seasonal allergic rhinitis, urticaria, vasomotor rhinitis",Histamine H1 receptor,HRH1,Membrane receptor,Histamine H1 receptor antagonist
DEXFENFLURAMINE,[],Small molecule,obesity,Serotonin (5-HT) receptor,"HTR1A, HTR1B, HTR1D, HTR1E, HTR1F, HTR2A, HTR2B, HTR2C, HTR3A, HTR3B, HTR3C, HTR3D, HTR3E, HTR4, HTR5A, HTR6, HTR7","Ion channel, Membrane receptor",Serotonin (5-HT) receptor agonist
DEXIBUPROFEN,['Seractil'],Small molecule,rheumatic disease,Cyclooxygenase,"PTGS1, PTGS2",Enzyme,Cyclooxygenase inhibitor
DEXKETOPROFEN,['Keral'],Small molecule,"Arthralgia, Myalgia, rheumatic disease",Cyclooxygenase,"PTGS1, PTGS2",Enzyme,Cyclooxygenase inhibitor
DEXLANSOPRAZOLE,['Dexilant' 'Dexilant solutab'],Small molecule,"Esophagitis, Peptic ulcer, gastroesophageal reflux disease",Potassium-transporting ATPase,ATP4A,Transporter,Potassium-transporting ATPase inhibitor
DEXMETHYLPHENIDATE,[],Small molecule,attention deficit hyperactivity disorder,"Sodium-dependent dopamine transporter, Sodium-dependent noradrenaline transporter","SLC6A2, SLC6A3",Transporter,"Dopamine transporter inhibitor, Norepinephrine transporter inhibitor"
DEXMETHYLPHENIDATE HYDROCHLORIDE,"['Dexmethylphenidate hydrochloride'
 'Dexmethylphenidate hydrochloride component of azstarys' 'Focalin'
 'Focalin xr']",Small molecule,attention deficit hyperactivity disorder,"Sodium-dependent dopamine transporter, Sodium-dependent noradrenaline transporter","SLC6A2, SLC6A3",Transporter,"Dopamine transporter inhibitor, Norepinephrine transporter inhibitor"
DEXRAZOXANE HYDROCHLORIDE,['Dexrazoxane hydrochloride' 'Savene' 'Totect' 'Zinecard'],Small molecule,"breast cancer, cardiomyopathy",DNA topoisomerase II,"TOP2A, TOP2B",Enzyme,DNA topoisomerase II inhibitor
DEXTROAMPHETAMINE,['Xelstrym'],Small molecule,"arteriosclerosis disorder, attention deficit hyperactivity disorder, drug dependence, narcolepsy-cataplexy syndrome","Sodium-dependent dopamine transporter, Sodium-dependent noradrenaline transporter, Synaptic vesicular amine transporter","SLC18A2, SLC6A2, SLC6A3",Transporter,"Dopamine transporter releasing agent, Norepinephrine transporter releasing agent, Synaptic vesicular amine transporter inhibitor"
DEXTROAMPHETAMINE SACCHARATE,['Dextroamphetamine saccharate component of mydayis'],Small molecule,"attention deficit hyperactivity disorder, narcolepsy-cataplexy syndrome","Sodium-dependent dopamine transporter, Sodium-dependent noradrenaline transporter, Synaptic vesicular amine transporter","SLC18A2, SLC6A2, SLC6A3",Transporter,"Dopamine transporter releasing agent, Norepinephrine transporter releasing agent, Synaptic vesicular amine transporter inhibitor"
DEXTROAMPHETAMINE SULFATE,"['Dexampex' 'Dexedrine' 'Dexedrine spansule' 'Dextroamphetamine sulfate'
 'Dextroamphetamine sulfate component of delcobese'
 'Dextroamphetamine sulfate component of mydayis' 'Dextrostat' 'Ferndex']",Small molecule,"attention deficit hyperactivity disorder, narcolepsy-cataplexy syndrome","Sodium-dependent dopamine transporter, Sodium-dependent noradrenaline transporter, Synaptic vesicular amine transporter","SLC18A2, SLC6A2, SLC6A3",Transporter,"Dopamine transporter releasing agent, Norepinephrine transporter releasing agent, Synaptic vesicular amine transporter inhibitor"
DEXTROMETHORPHAN,[],Small molecule,Cough,"Glutamate receptor ionotropic, NMDA 2A, Sigma non-opioid intracellular receptor 1","GRIN2A, SIGMAR1","Ion channel, Membrane receptor","Glutamate [NMDA] receptor subunit epsilon 1 antagonist, Sigma opioid receptor agonist"
DEXTROMETHORPHAN HYDROBROMIDE,"['Beecham coughcaps' 'Brontyl' 'Contac coughcaps' 'Delsym'
 'Dextromethorphan hydrobromide component of auvelity'
 'Dextromethorphan hydrobromide component of avp-923'
 'Dextromethorphan hydrobromide component of bromanate dm'
 'Dextromethorphan hydrobromide component of bromfed-dm'
 'Dextromethorphan hydrobromide component of dimetane-dx'
 'Dextromethorphan hydrobromide component of mucinex dm'
 'Dextromethorphan hydrobromide component of nuedexta'
 'Dextromethorphan hydrobromide component of pherazine dm'
 'Dextromethorphan hydrobromide component of promethazine dm'
 'Franolyn dry' 'Franolyn sed' 'Nuedexta' 'St. joseph cough syrup'
 'Tussabron' 'Tuxium']",Small molecule,"Cough, Fever, Headache, Nasal congestion, allergic disease, common cold, sinusitis","Glutamate receptor ionotropic, NMDA 2A, Sigma non-opioid intracellular receptor 1","GRIN2A, SIGMAR1","Ion channel, Membrane receptor","Glutamate [NMDA] receptor subunit epsilon 1 antagonist, Sigma opioid receptor agonist"
DEXTROMORAMIDE,[],Small molecule,Pain,Opioid receptors; mu/kappa/delta,"OPRD1, OPRK1, OPRM1",Membrane receptor,Opioid receptors; mu/kappa/delta agonist
DEXTROTHYROXINE,[],Small molecule,cardiovascular disease,Thyroid hormone receptor,"THRA, THRB",Transcription factor,Thyroid hormone receptor agonist
DEZOCINE,['Dalgan'],Small molecule,Pain,"Kappa-type opioid receptor, Mu-type opioid receptor","OPRK1, OPRM1",Membrane receptor,"Kappa opioid receptor antagonist, Mu opioid receptor partial agonist"
DIAZEPAM,"['Alupram 10' 'Alupram 2' 'Alupram 5' 'Apozepam' 'Atensine' 'Dialar'
 'Dialar fte' 'Diastat' 'Diastat acudial' 'Diazepam' 'Diazepam intensol'
 'Dizac' 'E-pam' 'Libervant' 'Paxel' 'Q-pam' 'Relanium' 'Scriptopam'
 'Serenack' 'Solis' 'Stesolid' 'Tensium' 'Tranimul' 'Valclair' 'Valium'
 'Valrelease' 'Valtoco' 'Vivol']",Small molecule,"Agitation, Anxiety, Stiff-Person syndrome, anxiety disorder, cerebral palsy, epilepsy",GABA-A receptor; anion channel,"GABRA1, GABRA2, GABRA3, GABRA5, GABRG1, GABRG2, GABRG3",Ion channel,GABA-A receptor; anion channel positive allosteric modulator
DIAZOXIDE,['Diazoxide' 'Eudemine' 'Eudimine' 'Hyperstat' 'Mutabase' 'Proglycem'],Small molecule,"Hypoglycemia, hyperinsulinism, hypertension, pancreatic insulinoma","ATP-sensitive inward rectifier potassium channel 11, ATP-sensitive inward rectifier potassium channel 8","KCNJ11, KCNJ8",Ion channel,"Potassium channel, inwardly rectifying, subfamily J, member 11 opener, Potassium channel, inwardly rectifying, subfamily J, member 8 opener"
DIBOTERMIN ALFA,['Inductos' 'Truscient'],Protein,"bone disease, tibia fracture","Activin receptor type-1, Activin receptor type-2A, Activin receptor type-2B, Bone morphogenetic protein receptor type-1A, Bone morphogenetic protein receptor type-1B, Bone morphogenetic protein receptor type-2","ACVR1, ACVR2A, ACVR2B, BMPR1A, BMPR1B, BMPR2",Enzyme,"Activin receptor type-1 agonist, Activin receptor type-2A agonist, Activin receptor type-2B agonist, Bone morphogenetic protein receptor type-1A agonist, Bone morphogenetic protein receptor type-1B agonist, Bone morphogenetic protein receptor type-2 agonist"
DIBUCAINE,[],Small molecule,"Pruritus, hemorrhoid, sunburn","Sodium channel protein type 10 subunit alpha, Sodium channel protein type 5 subunit alpha","SCN10A, SCN5A",Ion channel,"Sodium channel protein type V alpha subunit blocker, Sodium channel protein type X alpha subunit blocker"
DICHLORPHENAMIDE,['Daranide' 'Keveyis' 'Oratrol'],Small molecule,glaucoma,"Carbonic anhydrase 1, Carbonic anhydrase 12, Carbonic anhydrase 2, Carbonic anhydrase 4","CA1, CA12, CA2, CA4",Enzyme,"Carbonic anhydrase I inhibitor, Carbonic anhydrase II inhibitor, Carbonic anhydrase IV inhibitor, Carbonic anhydrase XII inhibitor"
DICLOFENAC,['Voltaren ophthalmic' 'Voltaren xr' 'Zorvolex' 'Zorvolex capsules'],Small molecule,"Arthralgia, Dysmenorrhea, Myalgia, Pain, actinic keratosis, cataract, eye inflammation, inflammation, keratosis, migraine disorder, osteoarthritis, rheumatic disease, rheumatoid arthritis, sprain",Cyclooxygenase,"PTGS1, PTGS2",Enzyme,Cyclooxygenase inhibitor
DICLOFENAC EPOLAMINE,['Flector' 'Flector patch' 'Licart'],Small molecule,"Pain, sprain",Cyclooxygenase,"PTGS1, PTGS2",Enzyme,Cyclooxygenase inhibitor
DICLOFENAC POTASSIUM,"['Cambia' 'Cataflam' 'Diclofenac potassium' 'Voltarol joint pain'
 'Voltarol pain-eze' 'Voltarol pain-eze extra strgh' 'Voltarol rapid'
 'Zipsor']",Small molecule,"Pain, migraine disorder, osteoarthritis, rheumatoid arthritis",Cyclooxygenase,"PTGS1, PTGS2",Enzyme,Cyclooxygenase inhibitor
DICLOFENAC SODIUM,"['Acoflam' 'Acoflam ret' 'Acoflam sr' 'Arthronac' 'Arthrotec 50'
 'Arthrotec 75' 'Closteril 100' 'Defanac' 'Defanac retard' 'Defanac sr'
 'Dexomon ret' 'Dexomon sr' 'Diclofenac sodium'
 'Diclofenac sodium component of arthrotec' 'Dicloflex' 'Dicloflex ret'
 'Dicloflex sr' 'Diclomax ret' 'Diclomax sr' 'Diclotard 100 mr'
 'Diclotard 75 mr' 'Diclovol' 'Diclovol ret' 'Diclovol sr' 'Diclozip 25'
 'Diclozip 50' 'Difenor xl' 'Digenac xl 100' 'Dyloject' 'Econac'
 'Econac sr' 'Econac xl' 'Enstar sr' 'Enstar xl' 'Enzed' 'Fenactol'
 'Fenactol ret' 'Fenactol sr' 'Flamatak mr' 'Flamrase' 'Flamrase sr'
 'Flexotard mr' 'Isclofen' 'Lofensaid 25' 'Lofensaid 50'
 'Lofensaid ret 100' 'Lofensaid ret 75' 'Masidemen' 'Misofen' 'Mobigel'
 'Mobigel paineze' 'Motifene' 'Pennsaid' 'Rheumatac ret 75' 'Rhumalgan'
 'Rhumalgan cr 100' 'Rhumalgan cr 75' 'Rhumalgan sr' 'Rhumalgan xl'
 'Slofenac' 'Solaraze' 'Valdic 100 ret' 'Valdic 75 ret' 'Valenac'
 'Volraman' 'Volsaid ret 100' 'Volsaid ret 75' 'Voltaren'
 'Voltaren arthritis pain' 'Voltaren emulgel' 'Voltaren ret' 'Voltaren-xr'
 'Voltarene' 'Voltarene emulgel' 'Voltarene l.p.' 'Voltarene ret'
 'Voltarol' 'Voltarol 12 hour emulgel p' 'Voltarol active'
 'Voltarol emulgel' 'Voltarol emulgel p' 'Voltarol gel patch'
 'Voltarol ophtha' 'Voltarol pain-eze emulgel' 'Voltarol ret'
 'Voltarol sr']",Small molecule,"Pain, duodenal ulcer, hemorrhage, osteoarthritis, rheumatoid arthritis",Cyclooxygenase,"PTGS1, PTGS2",Enzyme,Cyclooxygenase inhibitor
DICUMAROL,['Dicumarol'],Small molecule,Recurrent thrombophlebitis,Vitamin K epoxide reductase complex subunit 1,VKORC1,Enzyme,Vitamin k epoxide reductase complex subunit 1 isoform 1 inhibitor
DICYCLOMINE,[],Small molecule,gastrointestinal disease,"Muscarinic acetylcholine receptor M1, Muscarinic acetylcholine receptor M3","CHRM1, CHRM3",Membrane receptor,"Muscarinic acetylcholine receptor M1 antagonist, Muscarinic acetylcholine receptor M3 antagonist"
DICYCLOMINE HYDROCHLORIDE,"['Bentyl' 'Bentyl preservative free' 'Dicyclomine hydrochloride'
 'Dicyclomine hydrochloride (preservative free)'
 'Dicyclomine hydrochloride (preservative-free)' 'Merbentyl'
 'Merbentyl 20']",Small molecule,irritable bowel syndrome,"Muscarinic acetylcholine receptor M1, Muscarinic acetylcholine receptor M3","CHRM1, CHRM3",Membrane receptor,"Muscarinic acetylcholine receptor M1 antagonist, Muscarinic acetylcholine receptor M3 antagonist"
DIETHYLPROPION,[],Small molecule,obesity,"Sodium-dependent dopamine transporter, Sodium-dependent noradrenaline transporter","SLC6A2, SLC6A3",Transporter,"Dopamine transporter inhibitor, Norepinephrine transporter inhibitor"
DIETHYLPROPION HYDROCHLORIDE,"['Apisate' 'Diethylpropion hydrochloride' 'Tenuate' 'Tenuate dospan'
 'Tepanil' 'Tepanil ten-tab']",Small molecule,obesity,"Sodium-dependent dopamine transporter, Sodium-dependent noradrenaline transporter","SLC6A2, SLC6A3",Transporter,"Dopamine transporter inhibitor, Norepinephrine transporter inhibitor"
DIETHYLSTILBESTROL,"['Apstil' 'Diethylstilbestrol' 'Distilbene' 'Stilbestrol' 'Stilbetin'
 'Stilboesterol' 'Tampovagan']",Small molecule,neoplasm,Estrogen receptor,ESR1,"Other cytosolic protein, Transcription factor, Unclassified protein",Estrogen receptor alpha agonist
DIETHYLSTILBESTROL DIPHOSPHATE,['Stilphostrol'],Small molecule,neoplasm,Estrogen receptor,"ESR1, ESR2","Other cytosolic protein, Transcription factor, Unclassified protein",Estrogen receptor agonist
DIFELIKEFALIN ACETATE,['Kapruvia' 'Korsuva'],Protein,"Pruritus, chronic kidney disease",Kappa-type opioid receptor,OPRK1,Membrane receptor,Kappa opioid receptor agonist
DIFLORASONE DIACETATE,['Diflorasone diacetate' 'Florone' 'Florone e' 'Psorcon' 'Psorcon e'],Small molecule,skin disease,Glucocorticoid receptor,NR3C1,Transcription factor,Glucocorticoid receptor agonist
DIFLUNISAL,['Diflunisal' 'Dolobid' 'Dolobid 500'],Small molecule,"Fever, Pain, osteoarthritis, rheumatoid arthritis",Cyclooxygenase,"PTGS1, PTGS2",Enzyme,Cyclooxygenase inhibitor
DIFLUPREDNATE,['Durezol'],Small molecule,"anterior uveitis, inflammation",Glucocorticoid receptor,NR3C1,Transcription factor,Glucocorticoid receptor agonist
DIGITOXIN,['Crystodigin' 'Digimerck' 'Nativelle digitaline'],Small molecule,cardiovascular disease,Sodium/potassium-transporting ATPase,"ATP1A1, ATP1A2, ATP1A3, ATP1A4","Enzyme, Transporter",Sodium/potassium-transporting ATPase inhibitor
DIGOXIN,"['Digamex' 'Digoxin' 'Digoxin pediatric' 'Lanoxicaps' 'Lanoxin'
 'Lanoxin pediatric' 'Lanoxin-125' 'Lanoxin-pg']",Small molecule,"atrial fibrillation, cardiovascular disease, congestive heart failure, heart failure",Sodium/potassium-transporting ATPase,"ATP1A1, ATP1A2, ATP1A3, ATP1A4","Enzyme, Transporter",Sodium/potassium-transporting ATPase inhibitor
DIHYDROCODEINE,[],Small molecule,Pain,Mu-type opioid receptor,OPRM1,Membrane receptor,Mu opioid receptor agonist
DIHYDROCODEINE BITARTRATE,"['Dihydrocodeine bitartrate component of dhc plus'
 'Dihydrocodeine bitartrate component of synalgos-dc'
 'Dihydrocodeine bitartrate component of synalgos-dc-a'
 'Dihydrocodeine bitartrate component of trezix']",Small molecule,Pain,Mu-type opioid receptor,OPRM1,Membrane receptor,Mu opioid receptor agonist
DIHYDROERGOTAMINE,[],Small molecule,migraine disorder,5-hydroxytryptamine receptor 1D,HTR1D,Membrane receptor,Serotonin 1d (5-HT1d) receptor agonist
DIHYDROERGOTAMINE MESYLATE,"['D.h.e. 45' 'Diergo' 'Dihydergot' 'Dihydroergotamine mesylate'
 'Dihydroergotamine mesylate component of embolex' 'Tonopan' 'Trudhesa']",Small molecule,migraine disorder,5-hydroxytryptamine receptor 1D,HTR1D,Membrane receptor,Serotonin 1d (5-HT1d) receptor agonist
DILTIAZEM,[],Small molecule,"cardiovascular disease, hemorrhoid",Voltage-gated L-type calcium channel,"CACNA1C, CACNA1D, CACNA1F, CACNA1S","Auxiliary transport protein, Ion channel",Voltage-gated L-type calcium channel blocker
DILTIAZEM HYDROCHLORIDE,"['Adizem-60' 'Adizem-sr' 'Adizem-xl' 'Angiozem 60' 'Angiozem cr 120'
 'Angiozem cr 90' 'Angitil sr 120' 'Angitil sr 180' 'Angitil sr 90'
 'Angitil xl 240' 'Angitil xl 300' 'Anoheal' 'Bi-carzem sr' 'Bi-carzem xl'
 'Britiazim' 'Calazem' 'Calcicard' 'Calcicard cr' 'Cardizem' 'Cardizem cd'
 'Cardizem la' 'Cardizem sr' 'Cartia xt' 'Dilacor' 'Dilacor xr'
 'Dilcardia sr' 'Dilcardia xl' 'Dilt-cd' 'Diltiazem hydrochloride'
 'Diltiazem hydrochloride in dextrose 5%' 'Diltzac' 'Dilzem sr 120'
 'Dilzem sr 60' 'Dilzem sr 90' 'Dilzem xl 120' 'Dilzem xl 180'
 'Dilzem xl 240' 'Disogram sr' 'Horizem sr 120' 'Horizem sr 60'
 'Horizem sr 90' 'Kentiazem' 'Kenzem sr' 'Optil' 'Optil sr 120'
 'Optil sr 180' 'Optil sr 90' 'Optil xl 240' 'Optil xl 300' 'Retalzem 60'
 'Slozem' 'Slozem 120' 'Slozem 180' 'Slozem 240' 'Taztia xt' 'Tiamex'
 'Tiazac' 'Tildiem' 'Tildiem la 200' 'Tildiem la 300' 'Tildiem ret 120'
 'Tildiem ret 90' 'Uard 120xl' 'Uard 180xl' 'Uard 240xl' 'Uard 300xl'
 'Viazem xl' 'Zemret 180 xl' 'Zemret 240 xl' 'Zemret 300 xl'
 'Zemtard 120 xl' 'Zemtard 180 xl' 'Zemtard 240 xl' 'Zemtard 300 xl'
 'Zildil sr']",Small molecule,"Coronary Vasospasm, angina pectoris, atrial fibrillation, hypertension",Voltage-gated L-type calcium channel,"CACNA1C, CACNA1D, CACNA1F, CACNA1S","Auxiliary transport protein, Ion channel",Voltage-gated L-type calcium channel blocker
DIMENHYDRINATE,['Antemin' 'Dimenhydrinate' 'Dramamine' 'Vertigo-vomex s'],Small molecule,allergic disease,Histamine H1 receptor,HRH1,Membrane receptor,Histamine H1 receptor antagonist
DIMETHYL FUMARATE,"['Dimethyl fumarate accord' 'Dimethyl fumarate mylan'
 'Dimethyl fumarate neuraxpharm' 'Dimethyl fumarate polpharma'
 'Dimethyl fumarate teva' 'Skilarence' 'Tecfidera']",Small molecule,"immune system disease, multiple sclerosis, psoriasis, relapsing-remitting multiple sclerosis",Kelch-like ECH-associated protein 1,KEAP1,"Other cytosolic protein, Transcription factor, Unclassified protein",Kelch-like ECH-associated protein 1 inhibitor
DIPHEMANIL,[],Small molecule,gastrointestinal disease,"Muscarinic acetylcholine receptor M1, Muscarinic acetylcholine receptor M3","CHRM1, CHRM3",Membrane receptor,"Muscarinic acetylcholine receptor M1 antagonist, Muscarinic acetylcholine receptor M3 antagonist"
DIPHENHYDRAMINE,[],Small molecule,"Pruritus, allergic disease",Histamine H1 receptor,HRH1,Membrane receptor,Histamine H1 receptor antagonist
DIPHENHYDRAMINE HYDROCHLORIDE,"['Antitussive' 'Beldin' 'Belix' 'Benadryl' 'Benadryl preservative free'
 'Benylin' 'Caladryl' 'Coltex' 'Dibenil' 'Diphen'
 'Diphenhydramine hydrochloride'
 'Diphenhydramine hydrochloride component of benylin'
 'Diphenhydramine hydrochloride preservative free' 'Dreemon' 'Fedril'
 'Gppe cough expect paed' 'Gppe oral soln' 'Histergan' 'Hydramine'
 'Medinex' 'Nightcalm' 'Nytol' 'Nytol one-a-night' 'Paxidorm' 'Silphen'
 'Sleepia' 'Tixylix catarrh' 'Vicks formula 44']",Small molecule,"Cough, Fever, Headache, Nasal congestion, Nausea, Nausea and vomiting, Pain, Pruritus, Vomiting, allergic rhinitis, burn, common cold, dizziness, insomnia, motion sickness, pharyngitis, seasonal allergic rhinitis, sunburn",Histamine H1 receptor,HRH1,Membrane receptor,Histamine H1 receptor antagonist
DIPHENYLPYRALINE,[],Small molecule,allergic disease,Histamine H1 receptor,HRH1,Membrane receptor,Histamine H1 receptor antagonist
DIPIVEFRIN,[],Small molecule,glaucoma,Adrenergic receptor,"ADRA1A, ADRA1B, ADRA1D, ADRA2A, ADRA2B, ADRA2C, ADRB1, ADRB2, ADRB3",Membrane receptor,Adrenergic receptor agonist
DIPYRIDAMOLE,"['Attia' 'Cerebrovase 100' 'Cerebrovase 25' 'Dipyridamole'
 'Dipyridamole component of aggrenox' 'Iv persantine' 'Modaplate'
 'Ofcram pr' 'Persantin' 'Persantin ret' 'Persantine' 'Pyridantin'
 'Vasyrol']",Small molecule,"Recurrent thrombophlebitis, coronary artery disease, stroke","3',5'-cyclic phosphodiesterase, Equilibrative nucleoside transporter 1","PDE10A, PDE1A, PDE1B, PDE1C, PDE2A, PDE3A, PDE3B, PDE4A, PDE4B, PDE4C, PDE4D, PDE5A, PDE6A, PDE6B, PDE6C, PDE6D, PDE6G, PDE6H, PDE7A, PDE7B, PDE8A, PDE8B, PDE9A, SLC29A1","Enzyme, Transporter, Unclassified protein","3',5'-cyclic phosphodiesterase inhibitor, Equilibrative nucleoside transporter 1 inhibitor"
DIPYRONE,['Diprofarn' 'Novaldin'],Small molecule,"Fever, Pain",Cyclooxygenase,"PTGS1, PTGS2",Enzyme,Cyclooxygenase inhibitor
DIROXIMEL FUMARATE,['Vumerity'],Small molecule,"immune system disease, multiple sclerosis, relapsing-remitting multiple sclerosis",Kelch-like ECH-associated protein 1,KEAP1,"Other cytosolic protein, Transcription factor, Unclassified protein",Kelch-like ECH-associated protein 1 inhibitor
DISOPYRAMIDE,[],Small molecule,cardiac arrhythmia,Sodium channel alpha subunit,"SCN10A, SCN11A, SCN1A, SCN2A, SCN3A, SCN4A, SCN5A, SCN7A, SCN8A, SCN9A","Ion channel, Unclassified protein",Sodium channel alpha subunit blocker
DISOPYRAMIDE PHOSPHATE,"['Dirythmin' 'Dirythmin-sa' 'Disopyramide phosphate' 'Isomide cr'
 'Norpace' 'Norpace cr' 'Rythmodan ret']",Small molecule,"Ventricular arrhythmia, cardiac arrhythmia",Sodium channel alpha subunit,"SCN10A, SCN11A, SCN1A, SCN2A, SCN3A, SCN4A, SCN5A, SCN7A, SCN8A, SCN9A","Ion channel, Unclassified protein",Sodium channel alpha subunit blocker
DISULFIRAM,['Antabuse' 'Disulfiram' 'Esperal'],Small molecule,"alcohol dependence, parasitic infection","Aldehyde dehydrogenase, mitochondrial",ALDH2,Enzyme,Aldehyde dehydrogenase inhibitor
DIVALPROEX SODIUM,['Depakote' 'Depakote cp' 'Depakote er' 'Divalproex sodium'],Small molecule,"Anorexia, Generalized non-motor (absence) seizure, Seizure, Vomiting, bipolar I disorder, bipolar disorder, complex partial epilepsy, epilepsy, migraine disorder","Succinate-semialdehyde dehydrogenase, mitochondrial",ALDH5A1,Enzyme,Succinate semialdehyde dehydrogenase inhibitor
DOBUTAMINE,[],Small molecule,cardiovascular disease,"Beta-1 adrenergic receptor, Beta-2 adrenergic receptor","ADRB1, ADRB2",Membrane receptor,"Beta-1 adrenergic receptor agonist, Beta-2 adrenergic receptor agonist"
DOBUTAMINE HYDROCHLORIDE,['Dobutamine hydrochloride' 'Dobutrex' 'Inotrex' 'Posiject'],Small molecule,congestive heart failure,"Beta-1 adrenergic receptor, Beta-2 adrenergic receptor","ADRB1, ADRB2",Membrane receptor,"Beta-1 adrenergic receptor agonist, Beta-2 adrenergic receptor agonist"
DOCETAXEL,"['Beizray' 'Docetaxel' 'Docetaxel accord' 'Docetaxel teva'
 'Docetaxel zentiva (previously docetaxel winthrop)' 'Docivyx' 'Taxceus'
 'Taxespira (previously docetaxel hospira uk limited )' 'Taxotere']",Small molecule,"adenocarcinoma, breast cancer, breast carcinoma, breast neoplasm, head and neck malignant neoplasia, head and neck neoplasia, neoplasm, non-small cell lung carcinoma, prostate adenocarcinoma, prostate cancer, stomach neoplasm, upper aerodigestive tract neoplasm",Tubulin,"TUBB, TUBB1, TUBB2A, TUBB2B, TUBB3, TUBB4A, TUBB4B, TUBB6, TUBB8","Structural protein, Unclassified protein",Tubulin inhibitor
DOCETAXEL ANHYDROUS,"['Docefrez' 'Docetaxel kabi' 'Docetaxel mylan' 'Docetaxel teva pharma'
 'Docetaxel winthrop']",Small molecule,"adenocarcinoma, breast neoplasm, head and neck neoplasia, non-small cell lung carcinoma, prostate cancer, stomach neoplasm",Tubulin,"TUBB, TUBB1, TUBB2A, TUBB2B, TUBB3, TUBB4A, TUBB4B, TUBB6, TUBB8","Structural protein, Unclassified protein",Tubulin stabiliser
DOFETILIDE,['Dofetilide' 'Tikosyn'],Small molecule,"Ventricular arrhythmia, atrial fibrillation, atrial flutter, cardiac arrhythmia",Voltage-gated inwardly rectifying potassium channel KCNH2,KCNH2,Ion channel,HERG blocker
DOLASETRON,[],Small molecule,"Chemotherapy-induced nausea and vomiting, Nausea",5-hydroxytryptamine receptor 3A,HTR3A,"Ion channel, Membrane receptor",Serotonin 3a (5-HT3a) receptor antagonist
DOLASETRON MESYLATE,['Anzemet'],Small molecule,"Nausea and vomiting, cancer, post operative nausea and vomiting",5-hydroxytryptamine receptor 3A,HTR3A,"Ion channel, Membrane receptor",Serotonin 3a (5-HT3a) receptor antagonist
DOMPERIDONE,"['Domilium' 'Evoxin' 'Motilium' 'Motilium 10' 'Motilium instants'
 'Vivadone']",Small molecule,gastrointestinal disease,D(2) dopamine receptor,DRD2,Membrane receptor,Dopamine D2 receptor antagonist
DONEPEZIL,[],Small molecule,Dementia,Acetylcholinesterase,ACHE,Enzyme,Acetylcholinesterase inhibitor
DONEPEZIL HYDROCHLORIDE,"['Adlarity' 'Aricept' 'Aricept evess' 'Aricept odt'
 'Donepezil hydrochloride' 'Donepezil hydrochloride component of namzaric']",Small molecule,"Alzheimer disease, Dementia",Acetylcholinesterase,ACHE,Enzyme,Acetylcholinesterase inhibitor
DOPAMINE,[],Small molecule,cardiovascular disease,Beta-1 adrenergic receptor,ADRB1,Membrane receptor,Beta-1 adrenergic receptor agonist
DOPAMINE HYDROCHLORIDE,"['Dopamin-natterman' 'Dopamine hydrochloride' 'Dopmin' 'Dynatra'
 'Intropin' 'Neoatricon' 'Sabax dopamin' 'Selectajet']",Small molecule,"congestive heart failure, kidney failure, myocardial infarction",Beta-1 adrenergic receptor,ADRB1,Membrane receptor,Beta-1 adrenergic receptor agonist
DORZOLAMIDE,['Dorzant' 'Trusopt'],Small molecule,glaucoma,Carbonic anhydrase 2,CA2,Enzyme,Carbonic anhydrase II inhibitor
DORZOLAMIDE HYDROCHLORIDE,"['Cosopt pf' 'Dorzolamide hydrochloride'
 'Dorzolamide hydrochloride component of cosopt' 'Trusopt']",Small molecule,"glaucoma, ocular hypertension, open-angle glaucoma",Carbonic anhydrase 2,CA2,Enzyme,Carbonic anhydrase II inhibitor
DOSTARLIMAB,['Jemperli'],Antibody,"endometrial cancer, endometrium neoplasm, neoplasm",Programmed cell death protein 1,PDCD1,Surface antigen,Programmed cell death protein 1 antagonist
DOXAPRAM,[],Small molecule,respiratory system disease,"Potassium channel subfamily K member 3, Potassium channel subfamily K member 9","KCNK3, KCNK9",Ion channel,"Potassium channel subfamily K member 3 blocker, Potassium channel subfamily K member 9 blocker"
DOXAPRAM HYDROCHLORIDE,['Dopram' 'Doxapram hydrochloride'],Small molecule,lung disease,"Potassium channel subfamily K member 3, Potassium channel subfamily K member 9","KCNK3, KCNK9",Ion channel,"Potassium channel subfamily K member 3 blocker, Potassium channel subfamily K member 9 blocker"
DOXAZOSIN,[],Small molecule,hypertension,Adrenergic receptor alpha-1,"ADRA1A, ADRA1B, ADRA1D",Membrane receptor,Adrenergic receptor alpha-1 antagonist
DOXAZOSIN MESYLATE,"['Cardozin xl' 'Cardura' 'Cardura xl' 'Cascor' 'Colixil xl' 'Doxadura'
 'Doxazosin mesylate' 'Doxzogen xl' 'Larbex xl' 'Oxandosin xl'
 'Raporsin xl' 'Slocinx xl']",Small molecule,"benign prostatic hyperplasia, hypertension, myocardial infarction",Adrenergic receptor alpha-1,"ADRA1A, ADRA1B, ADRA1D",Membrane receptor,Adrenergic receptor alpha-1 antagonist
DOXEPIN,['Sinepin' 'Sinequan'],Small molecule,Pruritus,Sodium-dependent noradrenaline transporter,SLC6A2,Transporter,Norepinephrine transporter inhibitor
DOXEPIN HYDROCHLORIDE,['Doxepin hydrochloride' 'Quitaxon' 'Silenor' 'Sinequan' 'Xepin' 'Zonalon'],Small molecule,"alcohol dependence, atopic eczema, bipolar disorder, insomnia",Sodium-dependent noradrenaline transporter,SLC6A2,Transporter,Norepinephrine transporter inhibitor
DOXERCALCIFEROL,['Doxercalciferol' 'Hectorol'],Small molecule,"chronic kidney disease, parathyroid disease, secondary hyperparathyroidism",Vitamin D3 receptor,VDR,"Transcription factor, Unclassified protein",Vitamin D receptor agonist
DOXORUBICIN,['Adriblastina'],Small molecule,neoplasm,DNA topoisomerase 2-alpha,TOP2A,Enzyme,DNA topoisomerase II alpha inhibitor
DOXORUBICIN HYDROCHLORIDE,"['Adriamycin' 'Adriamycin pfs' 'Adriamycin rdf' 'Caelyx'
 'Caelyx pegylated liposomal' 'Celdoxome pegylated liposomal' 'Doxil'
 'Doxil (liposomal)' 'Doxorubicin hydrochloride'
 'Doxorubicin hydrochloride (liposomal)'
 'Doxorubicin hydrochloride component of imx-110' 'Myocet'
 'Myocet liposomal (previously myocet)' 'Rubex'
 'Zolsketil pegylated liposomal']",Small molecule,"Hodgkins lymphoma, Kaposi's sarcoma, acute myelomonocytic leukemia, bone sarcoma, breast cancer, breast carcinoma, breast neoplasm, heart failure, multiple myeloma, non-Hodgkins lymphoma, ovarian cancer, ovarian carcinoma, ovarian neoplasm, sarcoma, urinary bladder carcinoma",DNA topoisomerase 2-alpha,TOP2A,Enzyme,DNA topoisomerase II alpha inhibitor
DOXYCYCLINE,['Doxirobe' 'Doxychel' 'Doxycycline' 'Monodox' 'Oracea' 'Vibramycin'],Small molecule,"Tularemia, Vibrio infectious disease, acne, anthrax infection, bacterial disease, brucellosis, gonorrhea, infection, malaria, ornithosis, periodontitis, pneumonia, rosacea, spotted fever, typhus","Collagenase 3, Interstitial collagenase, Matrilysin, Neutrophil collagenase","MMP1, MMP13, MMP7, MMP8",Enzyme,"Matrix metalloproteinase 13 inhibitor, Matrix metalloproteinase 7 inhibitor, Matrix metalloproteinase 8 inhibitor, Matrix metalloproteinase-1 inhibitor"
DOXYCYCLINE HYCLATE,"['Acticlate' 'Acticlate cap' 'Atridox' 'Cyclodox' 'Demix 100' 'Demix 50'
 'Doryx' 'Doryx mpc' 'Doxatet' 'Doxy' 'Doxy 100' 'Doxy 200' 'Doxy-lemmon'
 'Doxychel hyclate' 'Doxycycline hyclate' 'Doxylar' 'Lymepak' 'Nordox'
 'Periostat' 'Ramysis' 'Vibra-tabs' 'Vibramycin' 'Vibramycin 50'
 'Vibramycin acne pack' 'Vibramycin-d' 'Vibrox']",Small molecule,acne,"Collagenase 3, Interstitial collagenase, Matrilysin, Neutrophil collagenase","MMP1, MMP13, MMP7, MMP8",Enzyme,"Matrix metalloproteinase 13 inhibitor, Matrix metalloproteinase 7 inhibitor, Matrix metalloproteinase 8 inhibitor, Matrix metalloproteinase-1 inhibitor"
DRONABINOL,"['Dronabinol' 'Dronabinol component of ad-313'
 'Dronabinol component of ad313' 'Dronabinol component of sci-110'
 'Marinol' 'Syndros']",Small molecule,"Anorexia, Nausea, Nausea and vomiting, cancer",Cannabinoid receptor 1,CNR1,Membrane receptor,Cannabinoid CB1 receptor agonist
DRONEDARONE HYDROCHLORIDE,['Multaq'],Small molecule,atrial fibrillation,"Inward rectifier potassium channel 2, Potassium/sodium hyperpolarization-activated cyclic nucleotide-gated channel 4, Sodium channel alpha subunit, Voltage-gated L-type calcium channel","CACNA1C, CACNA1D, CACNA1F, CACNA1S, HCN4, KCNJ2, SCN10A, SCN11A, SCN1A, SCN2A, SCN3A, SCN4A, SCN5A, SCN7A, SCN8A, SCN9A","Auxiliary transport protein, Ion channel, Unclassified protein","Inward rectifier potassium channel 2 blocker, Potassium/sodium hyperpolarization-activated cyclic nucleotide-gated channel 4 blocker, Sodium channel alpha subunit blocker, Voltage-gated L-type calcium channel blocker"
DROPERIDOL,"['Dridol' 'Droleptan' 'Droperidol' 'Droperidol component of innovar'
 'Inapsine']",Small molecule,"Nausea and vomiting, post operative nausea and vomiting, psychosis","5-hydroxytryptamine receptor 2A, D2-like dopamine receptor","DRD2, DRD3, DRD4, HTR2A",Membrane receptor,"D2-like dopamine receptor antagonist, Serotonin 2a (5-HT2a) receptor antagonist"
DROSPIRENONE,"['Drospirenone component of angeliq' 'Drospirenone component of beyaz'
 'Drospirenone component of nextstellis'
 'Drospirenone component of safyral' 'Drospirenone component of yasmin'
 'Drospirenone component of yaz' 'Slynd']",Small molecule,acne,"Mineralocorticoid receptor, Progesterone receptor","NR3C2, PGR","Transcription factor, Unclassified protein","Mineralocorticoid receptor antagonist, Progesterone receptor agonist"
DROTRECOGIN ALFA (ACTIVATED),['Xigris'],Protein,"Multiple Organ Failure, Recurrent thrombophlebitis, Sepsis","Coagulation factor V, Coagulation factor VIII","F5, F8","Enzyme, Secreted protein","Coagulation factor V inhibitor, Coagulation factor VIII inhibitor"
DROXIDOPA,['Northera'],Small molecule,"cardiovascular disease, multiple system atrophy, orthostatic hypotension",Adrenergic receptor,"ADRA1A, ADRA1B, ADRA1D, ADRA2A, ADRA2B, ADRA2C, ADRB1, ADRB2, ADRB3",Membrane receptor,Adrenergic receptor agonist
DULAGLUTIDE,['Dulaglutide component of trulicity' 'Trulicity'],Protein,"diabetes mellitus, type 2 diabetes mellitus",Glucagon-like peptide 1 receptor,GLP1R,Membrane receptor,Glucagon-like peptide 1 receptor agonist
DULOXETINE HYDROCHLORIDE,"['Ariclaim' 'Cymbalta' 'Drizalma sprinkle' 'Duciltia'
 'Duloxetine boehringer ingelheim' 'Duloxetine hydrochloride'
 'Duloxetine lilly' 'Duloxetine mylan' 'Duloxetine zentiva'
 'Nodetrip (previously xeristar)' 'Yentreve']",Small molecule,"Chronic pain, Stress urinary incontinence, anxiety disorder, diabetic neuropathy, fibromyalgia, major depressive disorder, muscular disease, neuropathic pain","Sodium-dependent noradrenaline transporter, Sodium-dependent serotonin transporter","SLC6A2, SLC6A4",Transporter,"Norepinephrine transporter inhibitor, Serotonin transporter inhibitor"
DUPILUMAB,"['Dupixent' 'Regn668, sar231893']",Antibody,"Eczematoid dermatitis, Nasal polyposis, asthma, atopic eczema",Interleukin-4 receptor subunit alpha,IL4R,Secreted protein,Interleukin-4 receptor subunit alpha antagonist
DURVALUMAB,['Imfinzi'],Antibody,"neoplasm, non-small cell lung carcinoma, small cell lung carcinoma",Programmed cell death 1 ligand 1,CD274,Unclassified protein,Programmed cell death 1 ligand 1 inhibitor
DUTASTERIDE,['Avodart' 'Dutasteride' 'Dutasteride component of jalyn'],Small molecule,"benign prostatic hyperplasia, prostate carcinoma",Steroid 5-alpha-reductase,"SRD5A1, SRD5A2, SRD5A3",Enzyme,Steroid 5-alpha-reductase inhibitor
DUVELISIB,[],Small molecule,"chronic lymphocytic leukemia, follicular lymphoma","Phosphatidylinositol 4,5-bisphosphate 3-kinase catalytic subunit delta isoform, Phosphatidylinositol 4,5-bisphosphate 3-kinase catalytic subunit gamma isoform","PIK3CD, PIK3CG",Enzyme,"PI3-kinase p110-delta subunit inhibitor, PI3-kinase p110-gamma subunit inhibitor"
DUVELISIB MONOHYDRATE,['Copiktra'],Small molecule,"chronic lymphocytic leukemia, follicular lymphoma, lymphoma, neoplasm of mature B-cells","Phosphatidylinositol 4,5-bisphosphate 3-kinase catalytic subunit delta isoform, Phosphatidylinositol 4,5-bisphosphate 3-kinase catalytic subunit gamma isoform","PIK3CD, PIK3CG",Enzyme,"PI3-kinase p110-delta subunit inhibitor, PI3-kinase p110-gamma subunit inhibitor"
DYPHYLLINE,['Dilor' 'Dilor-400' 'Lufyllin' 'Neothylline'],Small molecule,Airway obstruction,"Phosphodiesterase 4, cGMP-inhibited 3',5'-cyclic phosphodiesterase 3A","PDE3A, PDE4A, PDE4B, PDE4C, PDE4D",Enzyme,"Phosphodiesterase 3A inhibitor, Phosphodiesterase 4 inhibitor"
EBASTINE,[],Small molecule,allergic disease,Histamine H1 receptor,HRH1,Membrane receptor,Histamine H1 receptor inverse agonist
ECALLANTIDE,[],Protein,hereditary angioedema,Plasma kallikrein,KLKB1,Enzyme,Plasma kallikrein inhibitor
ECHOTHIOPHATE,[],Small molecule,glaucoma,Acetylcholinesterase,ACHE,Enzyme,Acetylcholinesterase inhibitor
ECULIZUMAB,['Bekemv' 'Epysqli' 'Soliris'],Antibody,"atypical hemolytic-uremic syndrome, paroxysmal nocturnal hemoglobinuria",Complement C5,C5,Secreted protein,Complement C5 inhibitor
EDOXABAN,[],Small molecule,Recurrent thrombophlebitis,Coagulation factor X,F10,"Enzyme, Secreted protein",Coagulation factor X inhibitor
EDOXABAN TOSYLATE,['Lixiana' 'Roteas' 'Savaysa'],Small molecule,"atrial fibrillation, deep vein thrombosis, pulmonary embolism, stroke, venous thromboembolism",Coagulation factor X,F10,"Enzyme, Secreted protein",Coagulation factor X inhibitor
EFALIZUMAB,['Raptiva'],Antibody,psoriasis,Integrin alpha-L/beta-2 (LFA-1),ITGAL,Adhesion,Integrin alpha-L/beta-2 (LFA-1) inhibitor
EFBEMALENOGRASTIM ALFA,['Ryzneuta'],Protein,neoplasm,Granulocyte colony-stimulating factor receptor,CSF3R,Membrane receptor,Granulocyte colony stimulating factor receptor agonist
EFGARTIGIMOD ALFA,['Efgartigimod alfa component of vyvgart hytrulo' 'Vyvgart'],Protein,"Myasthenia gravis, immune system disease",IgG receptor FcRn large subunit p51,FCGRT,Unclassified protein,IgG receptor FcRn large subunit p51 antagonist
EFLAPEGRASTIM,['Rolvedon'],Protein,neoplasm,Granulocyte colony-stimulating factor receptor,CSF3R,Membrane receptor,Granulocyte colony stimulating factor receptor agonist
EFMOROCTOCOG ALFA,['Elocta'],Protein,hemophilia A,Coagulation factor VIII,F8,"Enzyme, Secreted protein",Coagulation factor VIII exogenous protein
EFTRENONACOG ALFA,['Alprolix'],Protein,hemophilia B,Coagulation factor IX,F9,"Enzyme, Secreted protein",Coagulation factor IX exogenous protein
ELACESTRANT HYDROCHLORIDE,['Orserdu'],Small molecule,"breast neoplasm, male breast carcinoma",Estrogen receptor,ESR1,"Other cytosolic protein, Transcription factor, Unclassified protein",Estrogen receptor alpha degrader
ELADOCAGENE EXUPARVOVEC,['Kebilidi' 'Upstaza'],Gene,inborn disorder of amino acid metabolism,DDC,DDC,Enzyme,DDC exogenous gene
ELAGOLIX SODIUM,['Elagolix sodium component of oriahnn' 'Orilissa'],Small molecule,endometriosis,Gonadotropin-releasing hormone receptor,GNRHR,Membrane receptor,Gonadotropin-releasing hormone receptor antagonist
ELETRIPTAN,['Relpax'],Small molecule,migraine disorder,"5-hydroxytryptamine receptor 1B, 5-hydroxytryptamine receptor 1D, 5-hydroxytryptamine receptor 1F","HTR1B, HTR1D, HTR1F","Ion channel, Membrane receptor","Serotonin 1b (5-HT1b) receptor agonist, Serotonin 1d (5-HT1d) receptor agonist, Serotonin 1f (5-HT1f) receptor agonist"
ELETRIPTAN HYDROBROMIDE,['Relpax'],Small molecule,migraine disorder,"5-hydroxytryptamine receptor 1B, 5-hydroxytryptamine receptor 1D, 5-hydroxytryptamine receptor 1F","HTR1B, HTR1D, HTR1F","Ion channel, Membrane receptor","Serotonin 1b (5-HT1b) receptor agonist, Serotonin 1d (5-HT1d) receptor agonist, Serotonin 1f (5-HT1f) receptor agonist"
ELIGLUSTAT,[],Small molecule,Gaucher disease,Ceramide glucosyltransferase,UGCG,Enzyme,Ceramide glucosyltransferase inhibitor
ELIVALDOGENE AUTOTEMCEL,['Skysona'],Gene,X-linked adrenoleukodystrophy,ABCD1,ABCD1,,ABCD1 exogenous gene
ELOTUZUMAB,['Empliciti'],Antibody,"multiple myeloma, neoplasm",SLAM family member 7,SLAMF7,Membrane receptor,SLAM family member 7 inhibitor
ELRANATAMAB,['Elrexfio'],Antibody,multiple myeloma,"T cell surface glycoprotein CD3, Tumor necrosis factor receptor superfamily member 17","CD3D, CD3E, CD3G, TNFRSF17","Membrane receptor, Unclassified protein","T cell surface glycoprotein CD3 binding agent, Tumor necrosis factor receptor superfamily member 17 binding agent"
ELTROMBOPAG OLAMINE,['Promacta' 'Promacta kit' 'Revolade'],Small molecule,"Thrombocytopenia, autoimmune thrombocytopenic purpura, chronic hepatitis C virus infection, severe aplastic anemia",Thrombopoietin receptor,MPL,Membrane receptor,Thrombopoietin receptor agonist
ELUXADOLINE,['Truberzi' 'Viberzi'],Small molecule,"diarrheal disease, irritable bowel syndrome",Mu-type opioid receptor,OPRM1,Membrane receptor,Mu opioid receptor agonist
EMAPALUMAB,['Gamifant'],Antibody,Primary hemophagocytic lymphohistiocytosis,Interferon gamma,IFNG,Secreted protein,Interferon gamma inhibitor
EMEDASTINE,[],Small molecule,eye allergy,Histamine H1 receptor,HRH1,Membrane receptor,Histamine H1 receptor antagonist
EMEDASTINE DIFUMARATE,['Emadine'],Small molecule,allergic conjunctivitis,Histamine H1 receptor,HRH1,Membrane receptor,Histamine H1 receptor antagonist
EMICIZUMAB,['Hemlibra'],Antibody,"hemophilia A, hemorrhage",Coagulation factor IX and X,"F10, F9","Enzyme, Secreted protein",Coagulation factor IX and X other
EMPAGLIFLOZIN,"['Bi 10773' 'Empagliflozin component of glyxambi'
 'Empagliflozin component of synjardy'
 'Empagliflozin component of trijardy xr' 'Jardiance']",Small molecule,"chronic kidney disease, diabetes mellitus, heart failure, type 2 diabetes mellitus",Sodium/glucose cotransporter 2,SLC5A2,Transporter,Sodium/glucose cotransporter 2 inhibitor
ENALAPRIL,[],Small molecule,cardiovascular disease,Angiotensin-converting enzyme,ACE,Enzyme,Angiotensin-converting enzyme inhibitor
ENALAPRIL MALEATE,"['Aqumeldi' 'Ednyt' 'Enalapril maleate'
 'Enalapril maleate component of lexxel'
 'Enalapril maleate component of teczem'
 'Enalapril maleate component of vaseretic' 'Enapren' 'Epaned'
 'Epaned kit' 'Innovace' 'Pralenal 10' 'Pralenal 2.5' 'Pralenal 20'
 'Pralenal 5' 'Pres' 'Renitec' 'Vasotec']",Small molecule,"congestive heart failure, heart failure, hypertension",Angiotensin-converting enzyme,ACE,Enzyme,Angiotensin-converting enzyme inhibitor
ENASIDENIB MESYLATE,['Idhifa'],Small molecule,acute myeloid leukemia,"Isocitrate dehydrogenase [NADP], mitochondrial",IDH2,Enzyme,"Isocitrate dehydrogenase [NADP], mitochondrial inhibitor"
ENCAINIDE,[],Small molecule,cardiac arrhythmia,Sodium channel alpha subunit,"SCN10A, SCN11A, SCN1A, SCN2A, SCN3A, SCN4A, SCN5A, SCN7A, SCN8A, SCN9A","Ion channel, Unclassified protein",Sodium channel alpha subunit blocker
ENCORAFENIB,['Braftovi'],Small molecule,"colorectal neoplasm, melanoma, metastatic melanoma, neoplasm",Serine/threonine-protein kinase B-raf,BRAF,"Enzyme, Unclassified protein",Serine/threonine-protein kinase B-raf inhibitor
ENFORTUMAB VEDOTIN,['Padcev'],Antibody drug conjugate,"Transitional Cell Carcinoma, benign urinary system neoplasm, cancer, neoplasm","Nectin-4, Tubulin","NECTIN4, TUBB, TUBB1, TUBB2A, TUBB2B, TUBB3, TUBB4A, TUBB4B, TUBB6, TUBB8","Adhesion, Structural protein, Unclassified protein","Nectin-4 binding agent, Tubulin inhibitor"
ENOXAPARIN SODIUM,"['Clexane' 'Enoxaparin sodium' 'Enoxaparin sodium (preservative free)'
 'Inhixa' 'Lovenox' 'Lovenox (preservative free)' 'Thorinane']",Oligosaccharide,"Recurrent thrombophlebitis, deep vein thrombosis, myocardial infarction, pulmonary embolism, venous thromboembolism",Antithrombin-III,SERPINC1,Secreted protein,Antithrombin-III activator
ENOXIMONE,['Perfan'],Small molecule,cardiovascular disease,Phosphodiesterase 3,"PDE3A, PDE3B",Enzyme,Phosphodiesterase 3 inhibitor
ENTACAPONE,"['Comtan' 'Comtess' 'Entacapone' 'Entacapone component of corbilta'
 'Entacapone component of levodopa/carbidopa/ orion'
 'Entacapone component of stalevo' 'Entacapone orion' 'Entacapone teva']",Small molecule,Parkinson disease,Catechol O-methyltransferase,COMT,Enzyme,Catechol O-methyltransferase inhibitor
ENTRECTINIB,['Rozlytrek'],Small molecule,"neoplasm, non-small cell lung carcinoma","ALK tyrosine kinase receptor, Neurotrophic tyrosine kinase receptor, Proto-oncogene tyrosine-protein kinase ROS","ALK, NTRK1, NTRK2, NTRK3, ROS1","Enzyme, Other nuclear protein, Unclassified protein","ALK tyrosine kinase receptor inhibitor, Neurotrophic tyrosine kinase receptor inhibitor, Proto-oncogene tyrosine-protein kinase ROS inhibitor"
ENZALUTAMIDE,['Xtandi'],Small molecule,"metastatic prostate cancer, neoplasm, prostate adenocarcinoma, prostate cancer, prostate carcinoma",Androgen receptor,AR,Transcription factor,Androgen Receptor antagonist
EPCORITAMAB,['Epkinly' 'Tepkinly'],Antibody,diffuse large B-cell lymphoma,"B-lymphocyte antigen CD20, T cell surface glycoprotein CD3","CD3D, CD3E, CD3G, MS4A1","Ion channel, Membrane receptor, Unclassified protein","B-lymphocyte antigen CD20 binding agent, T cell surface glycoprotein CD3 binding agent"
EPHEDRINE,[],Small molecule,"Nasal congestion, cardiovascular disease, obesity",Adrenergic receptor,"ADRA1A, ADRA1B, ADRA1D, ADRA2A, ADRA2B, ADRA2C, ADRB1, ADRB2, ADRB3",Membrane receptor,Adrenergic receptor agonist
EPHEDRINE HYDROCHLORIDE,"['Amesec' 'Asmapax' 'Bronchipax' 'C.a.m.' 'Do-do' 'Ephed hcl'
 'Ephed in nor saline' 'Expurhin' 'Franol' 'Haymine' 'Rezipres' 'Secron'
 'Tabasan' 'Taumasthman' 'Tedral' 'Tedral sa']",Small molecule,"Nasal congestion, asthma, common cold, hypotension, seasonal allergic rhinitis",Adrenergic receptor,"ADRA1A, ADRA1B, ADRA1D, ADRA2A, ADRA2B, ADRA2C, ADRB1, ADRB2, ADRB3",Membrane receptor,Adrenergic receptor agonist
EPHEDRINE SULFATE,"['Akovaz' 'Corphedra' 'Emerphed' 'Expansyl' 'Franol plus' 'Franol-plus'
 'Isofedrol']",Small molecule,"asthma, hypotension",Adrenergic receptor,"ADRA1A, ADRA1B, ADRA1D, ADRA2A, ADRA2B, ADRA2C, ADRB1, ADRB2, ADRB3",Membrane receptor,Adrenergic receptor agonist
EPINASTINE,[],Small molecule,"allergic disease, eye allergy",Histamine H1 receptor,HRH1,Membrane receptor,Histamine H1 receptor antagonist
EPINASTINE HYDROCHLORIDE,['Elestat' 'Epinastine hydrochloride' 'Relestat'],Small molecule,allergic conjunctivitis,Histamine H1 receptor,HRH1,Membrane receptor,Histamine H1 receptor antagonist
EPINEPHRINE,"['Adren co' 'Adrenaclick' 'Adrenalin' 'Ana-guard' 'Ana-kit' 'Anapen'
 'Anaphylactic shock drug kit' 'Asma-vydrin' 'Asthmahaler' 'Auvi-q'
 'Bronkaid mist' 'Brovon' 'Emerade' 'Epi e z pen jr' 'Epinephrine'
 'Epinephrine (copackaged)' 'Epinephrine component of duranest'
 'Epinephrine component of iontocaine'
 'Epinephrine component of lidosite topical system kit'
 'Epinephrine component of octocaine' 'Epipen' 'Epipen e z pen'
 'Epipen jr' 'Epipen jr.' 'Eppy' 'Gppe inh soln' 'Jext' 'Neffy'
 'Primatene' 'Primatene mist' 'Riddobron' 'Riddofan' 'Rybarvin' 'Simplene'
 'Soln made to rybarvin for' 'Sus-phrine' 'Sus-phrine sulfite free'
 'Sus-phrine sulfite-free' 'Symjepi' 'Twinject 0.15' 'Twinject 0.3']",Small molecule,"Airway obstruction, Mydriasis, Nasal congestion, allergic disease, allergic rhinitis, angioedema, asthma, cardiac arrest, cardiovascular disease, glaucoma, hemorrhage, muscle cramp, seasonal allergic rhinitis, septic shock, sinusitis, sudden cardiac arrest, type III hypersensitivity reaction disease, urticaria",Adrenergic receptor,"ADRA1A, ADRA1B, ADRA1D, ADRA2A, ADRA2B, ADRA2C, ADRB1, ADRB2, ADRB3",Membrane receptor,Adrenergic receptor agonist
EPINEPHRINE BITARTRATE,"['Bronitin' 'Bronitin mist' 'Epinephrine bitartrate component of duranest'
 'Epinephrine bitartrate component of lignospan forte'
 'Epinephrine bitartrate component of orabloc'
 'Epinephrine bitartrate component of sensorcaine'
 'Epinephrine bitartrate component of septocaine' 'Medihaler-epi']",Small molecule,Pain,Adrenergic receptor,"ADRA1A, ADRA1B, ADRA1D, ADRA2A, ADRA2B, ADRA2C, ADRB1, ADRB2, ADRB3",Membrane receptor,Adrenergic receptor agonist
EPLERENONE,['Eplerenone' 'Inspra'],Small molecule,"cardiovascular disease, congestive heart failure, heart failure, hypertension, myocardial infarction, stroke",Mineralocorticoid receptor,NR3C2,Transcription factor,Mineralocorticoid receptor antagonist
EPOETIN ALFA,['Abseamed' 'Binocrit' 'Epoetin alfa hexal' 'Eprex'],Protein,"HIV infection, anemia, anemia (phenotype), chronic kidney disease, chronic renal failure syndrome",Erythropoietin receptor,EPOR,Membrane receptor,Erythropoietin receptor agonist
EPOETIN BETA,"['Neorecormon' 'Neorecormon 1000' 'Neorecormon 10000' 'Neorecormon 2000'
 'Neorecormon 20000' 'Neorecormon 3000' 'Neorecormon 30000'
 'Neorecormon 4000' 'Neorecormon 500' 'Neorecormon 5000'
 'Neorecormon 6000' 'Recormon 1000' 'Recormon 10000' 'Recormon 2000'
 'Recormon 5000' 'Recormon s 1000' 'Recormon s 10000' 'Recormon s 2000'
 'Recormon s 5000']",Protein,"anemia (phenotype), chronic kidney disease",Erythropoietin receptor,EPOR,Membrane receptor,Erythropoietin receptor agonist
EPOETIN DELTA,['Dynepo'],Protein,"anemia (phenotype), chronic kidney disease",Erythropoietin receptor,EPOR,Membrane receptor,Erythropoietin receptor agonist
EPOETIN THETA,['Biopoin' 'Eporatio'],Protein,"anemia (phenotype), chronic kidney disease",Erythropoietin receptor,EPOR,Membrane receptor,Erythropoietin receptor agonist
EPOETIN ZETA,['Retacrit' 'Silapo'],Protein,"anemia (phenotype), chronic kidney disease",Erythropoietin receptor,EPOR,Membrane receptor,Erythropoietin receptor agonist
EPOPROSTENOL,[],Small molecule,Recurrent thrombophlebitis,Prostacyclin receptor,PTGIR,Membrane receptor,Prostanoid IP receptor agonist
EPOPROSTENOL SODIUM,['Epoprostenol sodium' 'Flolan' 'Veletri'],Small molecule,pulmonary arterial hypertension,Prostacyclin receptor,PTGIR,Membrane receptor,Prostanoid IP receptor agonist
EPROSARTAN,['Teveten'],Small molecule,cardiovascular disease,Type-1 angiotensin II receptor,AGTR1,Membrane receptor,Type-1 angiotensin II receptor antagonist
EPROSARTAN MESYLATE,"['Eprosartan mesylate' 'Eprosartan mesylate component of teveten hct'
 'Teveten']",Small molecule,hypertension,Type-1 angiotensin II receptor,AGTR1,Membrane receptor,Type-1 angiotensin II receptor antagonist
EPTACOG ALFA (ACTIVATED),['Novoseven'],Protein,"Glanzmann thrombasthenia, factor VII deficiency, hemophilia A, hemophilia B",Coagulation factor VII,F7,"Enzyme, Surface antigen",Coagulation factor VII exogenous protein
EPTACOG BETA (ACTIVATED),['Cevenfacta'],Unknown,"hemophilia A, hemophilia B",Coagulation factor VII,F7,"Enzyme, Surface antigen",Coagulation factor VII exogenous protein
EPTIFIBATIDE,['Eptifibatide' 'Eptifibatide accord' 'Integrilin'],Protein,"Recurrent thrombophlebitis, acute coronary syndrome, myocardial infarction",Integrin alpha-IIb/beta-3,"ITGA2B, ITGB3",Membrane receptor,Integrin alpha-IIb/beta-3 inhibitor
EPTINEZUMAB,['Vyepti'],Antibody,migraine disorder,Calcitonin gene-related peptide,"CALCA, CALCB",Secreted protein,Calcitonin gene-related peptide inhibitor
EPTOTERMIN ALFA,['Opgenra' 'Osigraft'],Protein,"bone disease, tibia fracture","Activin receptor type-1, Bone morphogenetic protein receptor type-1A, Bone morphogenetic protein receptor type-1B, Bone morphogenetic protein receptor type-2","ACVR1, BMPR1A, BMPR1B, BMPR2",Enzyme,"Activin receptor type-1 agonist, Bone morphogenetic protein receptor type-1A agonist, Bone morphogenetic protein receptor type-1B agonist, Bone morphogenetic protein receptor type-2 agonist"
ERDAFITINIB,['Balversa'],Small molecule,"neoplasm, urothelial carcinoma",Fibroblast growth factor receptor,"FGFR1, FGFR2, FGFR3, FGFR4","Enzyme, Secreted protein, Unclassified protein",Fibroblast growth factor receptor inhibitor
ERENUMAB,['Aimovig'],Antibody,migraine disorder,Calcitonin gene-related peptide type 1 receptor,CALCRL,"Membrane receptor, Unclassified protein",Calcitonin gene-related peptide type 1 receptor antagonist
ERGOCALCIFEROL,"['Deltalin' 'Drisdol' 'Eciferol d2' 'Ergo-d2' 'Ergocalciferol'
 'Ergocalciferol component of vitaped' 'Ergoral d2' 'Sterogyl'
 'Sterogyl 15h' 'Sterogyl-15' 'Uvesterol d' 'Vitamin d' 'Vitamin d 2']",Small molecule,"Hypophosphatemia, hypoparathyroidism, hypophosphatemic rickets",Vitamin D3 receptor,VDR,"Transcription factor, Unclassified protein",Vitamin D receptor agonist
ERGOLOID MESYLATES,"['Alkergot' 'Circanol' 'Deapril' 'Deapril-st' 'Ergoloid mesylates'
 'Gerimal' 'Hydergine' 'Hydergine lc' 'Hydrogenated ergot alkaloids']",Unknown,cardiovascular disease,"5-hydroxytryptamine receptor 1A, 5-hydroxytryptamine receptor 1B, Adrenergic receptor alpha, Dopamine receptor","ADRA1A, ADRA1B, ADRA1D, ADRA2A, ADRA2B, ADRA2C, DRD1, DRD2, DRD3, DRD4, DRD5, HTR1A, HTR1B",Membrane receptor,"Adrenergic receptor alpha antagonist, Dopamine receptor agonist, Serotonin 1a (5-HT1a) receptor agonist, Serotonin 1b (5-HT1b) receptor agonist"
ERGOTAMINE,[],Small molecule,migraine disorder,"5-hydroxytryptamine receptor 1D, Adrenergic receptor alpha","ADRA1A, ADRA1B, ADRA1D, ADRA2A, ADRA2B, ADRA2C, HTR1D",Membrane receptor,"Adrenergic receptor alpha agonist, Serotonin 1d (5-HT1d) receptor agonist"
ERGOTAMINE TARTRATE,"['Cafergot' 'Ergomar' 'Ergostat'
 'Ergotamine tartrate component of cafergot'
 'Ergotamine tartrate component of migergot'
 'Ergotamine tartrate component of wigraine' 'Femergin' 'Gynergen'
 'Lingraine' 'Medihaler ergotamine' 'Migril' 'Wigrettes']",Small molecule,"Headache, migraine disorder","5-hydroxytryptamine receptor 1D, Adrenergic receptor alpha","ADRA1A, ADRA1B, ADRA1D, ADRA2A, ADRA2B, ADRA2C, HTR1D",Membrane receptor,"Adrenergic receptor alpha agonist, Serotonin 1d (5-HT1d) receptor agonist"
ERIBULIN,[],Small molecule,neoplasm,Tubulin,"TUBB, TUBB1, TUBB2A, TUBB2B, TUBB3, TUBB4A, TUBB4B, TUBB6, TUBB8","Structural protein, Unclassified protein",Tubulin inhibitor
ERIBULIN MESYLATE,['Eribulin baxter' 'Halaven' 'Mevlyq'],Small molecule,"breast cancer, breast carcinoma, breast neoplasm, liposarcoma",Tubulin,"TUBB, TUBB1, TUBB2A, TUBB2B, TUBB3, TUBB4A, TUBB4B, TUBB6, TUBB8","Structural protein, Unclassified protein",Tubulin inhibitor
ERLOTINIB HYDROCHLORIDE,['Erlotinib hydrochloride' 'Tarceva'],Small molecule,non-small cell lung carcinoma,Epidermal growth factor receptor,EGFR,"Enzyme, Unclassified protein",Epidermal growth factor receptor erbB1 inhibitor
ERTUGLIFLOZIN PIDOLATE,"['Ertugliflozin pidolate component of segluromet'
 'Ertugliflozin pidolate component of steglujan' 'Steglatro']",Small molecule,type 2 diabetes mellitus,Sodium/glucose cotransporter 2,SLC5A2,Transporter,Sodium/glucose cotransporter 2 inhibitor
ESCITALOPRAM,['Cipralex'],Small molecule,"depressive disorder, major depressive disorder",Sodium-dependent serotonin transporter,SLC6A4,Transporter,Serotonin transporter inhibitor
ESCITALOPRAM OXALATE,['Escitalopram oxalate' 'Lexapro'],Small molecule,"anxiety disorder, generalized anxiety disorder, major depressive disorder",Sodium-dependent serotonin transporter,SLC6A4,Transporter,Serotonin transporter inhibitor
ESFLURBIPROFEN,[],Small molecule,"Arthralgia, Myalgia",Cyclooxygenase,"PTGS1, PTGS2",Enzyme,Cyclooxygenase inhibitor
ESKETAMINE,[],Small molecule,"depressive disorder, major depressive disorder",Glutamate [NMDA] receptor,"GRIN1, GRIN2A, GRIN2B, GRIN2C, GRIN2D, GRIN3A, GRIN3B",Ion channel,Glutamate [NMDA] receptor negative allosteric modulator
ESKETAMINE HYDROCHLORIDE,['Spravato'],Small molecule,"depressive disorder, major depressive disorder",Glutamate [NMDA] receptor,"GRIN1, GRIN2A, GRIN2B, GRIN2C, GRIN2D, GRIN3A, GRIN3B",Ion channel,Glutamate [NMDA] receptor negative allosteric modulator
ESLICARBAZEPINE,['Erelib' 'Pazzul' 'Stedesa'],Small molecule,epilepsy,Sodium channel alpha subunit,"SCN10A, SCN11A, SCN1A, SCN2A, SCN3A, SCN4A, SCN5A, SCN7A, SCN8A, SCN9A","Ion channel, Unclassified protein",Sodium channel alpha subunit blocker
ESLICARBAZEPINE ACETATE,['Aptiom' 'Erelib' 'Exalief' 'Pazzul' 'Stedesa' 'Zebinix'],Small molecule,Seizure,Sodium channel alpha subunit,"SCN10A, SCN11A, SCN1A, SCN2A, SCN3A, SCN4A, SCN5A, SCN7A, SCN8A, SCN9A","Ion channel, Unclassified protein",Sodium channel alpha subunit blocker
ESMOLOL,[],Small molecule,cardiovascular disease,"Beta-1 adrenergic receptor, Beta-2 adrenergic receptor","ADRB1, ADRB2",Membrane receptor,"Beta-1 adrenergic receptor antagonist, Beta-2 adrenergic receptor antagonist"
ESMOLOL HYDROCHLORIDE,['Brevibloc' 'Clol' 'Esmolol hydrochloride'],Small molecule,hypertension,"Beta-1 adrenergic receptor, Beta-2 adrenergic receptor","ADRB1, ADRB2",Membrane receptor,"Beta-1 adrenergic receptor antagonist, Beta-2 adrenergic receptor antagonist"
ESOMEPRAZOLE MAGNESIUM,"['Emozul' 'Esomeprazole magnesium'
 'Esomeprazole magnesium component of pn400'
 'Esomeprazole magnesium component of vimovo' 'Nexium' 'Nexium 24hr'
 'Nexium control' 'Nexium i.v.' 'Ventra']",Small molecule,"Esophagitis, Zollinger-Ellison Syndrome, ankylosing spondylitis, duodenal ulcer, gastric ulcer, gastroesophageal reflux disease, osteoarthritis, rheumatoid arthritis",Potassium-transporting ATPase,ATP4A,Transporter,Potassium-transporting ATPase inhibitor
ESOMEPRAZOLE SODIUM,['Esomeprazole sodium' 'Nexium iv'],Small molecule,"duodenal ulcer, gastroesophageal reflux disease",Potassium-transporting ATPase,ATP4A,Transporter,Potassium-transporting ATPase inhibitor
ESOMEPRAZOLE STRONTIUM,['Esomeprazole strontium'],Small molecule,"Zollinger-Ellison Syndrome, duodenal ulcer, gastric ulcer, gastroesophageal reflux disease",Potassium-transporting ATPase,ATP4A,Transporter,Potassium-transporting ATPase inhibitor
ESTAZOLAM,['Estazolam' 'Eurodin' 'Prosom'],Small molecule,insomnia,GABA-A receptor; anion channel,"GABRA1, GABRA2, GABRA3, GABRA5, GABRG1, GABRG2, GABRG3",Ion channel,GABA-A receptor; anion channel positive allosteric modulator
ESTRADIOL,"['Adgyn estro' 'Alora' 'Aquagen' 'Bedol' 'Climara' 'Dermestril 100'
 'Dermestril 25' 'Dermestril 50' 'Dermestril septem 25'
 'Dermestril septem 50' 'Dermestril septem 75' 'Divigel' 'E-cypionate'
 'Elestrim' 'Elestrin' 'Elleste solo' 'Elleste solo mx 40'
 'Elleste solo mx 80' 'Esclim' 'Estrace' 'Estraderm' 'Estraderm mx 100'
 'Estraderm mx 25' 'Estraderm mx 50' 'Estraderm mx 75' 'Estraderm tts 100'
 'Estraderm tts 25' 'Estraderm tts 50' 'Estradiol'
 'Estradiol component of activella' 'Estradiol component of angeliq'
 'Estradiol component of bijuva' 'Estradiol component of climara pro'
 'Estradiol component of combipatch' 'Estradiol component of myfembree'
 'Estradiol component of oriahnn' 'Estradiol component of prefest'
 'Estrasorb' 'Estring' 'Estrogel' 'Evamist' 'Evorel 100' 'Evorel 25'
 'Evorel 50' 'Evorel 75' 'Fematrix 40' 'Fematrix 80' 'Fempatch'
 'Femseven 100' 'Femseven 50' 'Femseven 75' 'Gynodiol' 'Gynogen' 'Imvexxy'
 'Innofem' 'Menorest 37.5' 'Menorest 50' 'Menorest 75' 'Menoring 50'
 'Menostar' 'Minivelle' 'Progynova ts' 'Sandrena' 'Vagifem' 'Vagifem 18'
 'Vagifem 8' 'Vivelle' 'Vivelle-dot' 'Zumenon']",Small molecule,"Atrophic Vaginitis, Atrophy, Dyspareunia, Premature ovarian insufficiency, breast cancer, hypogonadism, menopause, osteoporosis, postmenopausal atrophic vaginitis, postmenopausal osteoporosis, primary ovarian insufficiency",Estrogen receptor,ESR1,"Other cytosolic protein, Transcription factor, Unclassified protein",Estrogen receptor alpha agonist
ESTRADIOL ACETATE,['Femring' 'Femtrace'],Small molecule,"Atrophy, menopause",Estrogen receptor,ESR1,"Other cytosolic protein, Transcription factor, Unclassified protein",Estrogen receptor alpha agonist
ESTRADIOL VALERATE,"['Climaval' 'Deladumone' 'Delestrogen' 'Estradiol valerate'
 'Estradiol valerate component of ditate-ds'
 'Estradiol valerate component of natazia' 'Femtab' 'Progynon depot'
 'Progynon-depot-10' 'Progynova']",Small molecule,"Atrophy, Menorrhagia, Premature ovarian insufficiency, hypogonadism, menopause, primary ovarian insufficiency",Estrogen receptor,ESR1,"Other cytosolic protein, Transcription factor, Unclassified protein",Estrogen receptor alpha agonist
ESTRAMUSTINE PHOSPHATE SODIUM,['Emcyt'],Small molecule,carcinoma,Estrogen receptor beta,ESR2,"Transcription factor, Unclassified protein",Estrogen receptor beta modulator
"ESTROGENS, CONJUGATED","['Estrogens, conjugated component of duavee'
 'Estrogens, conjugated component of premphase  conjugated estrogens'
 'Estrogens, conjugated component of prempro'
 'Estrogens, conjugated component of prempro  conjugated estrogens'
 'Premarin']",Unknown,"Atrophy, Dyspareunia, breast cancer, hypogonadism, menopause, osteoporosis, postmenopausal atrophic vaginitis, postmenopausal osteoporosis, primary ovarian insufficiency",Estrogen receptor,"ESR1, ESR2","Other cytosolic protein, Transcription factor, Unclassified protein",Estrogen receptor agonist
"ESTROGENS, CONJUGATED SYNTHETIC A",['Cenestin' 'Synthetic conjugated estrogens a'],Unknown,"Atrophy, menopause",Estrogen receptor,"ESR1, ESR2","Other cytosolic protein, Transcription factor, Unclassified protein",Estrogen receptor agonist
"ESTROGENS, ESTERIFIED","['Amnestrogen' 'Esterified estrogens' 'Estratab'
 'Estrogens, esterified component of menrium' 'Evex' 'Femogen' 'Menest']",Unknown,"Atrophy, breast cancer, hypogonadism, menopause, primary ovarian insufficiency",Estrogen receptor,"ESR1, ESR2","Other cytosolic protein, Transcription factor, Unclassified protein",Estrogen receptor agonist
ESTROPIPATE,"['Estropipate' 'Harmogen' 'Ogen' 'Ogen .625' 'Ogen 1.25' 'Ogen 2.5'
 'Ogen 5' 'Ortho-est']",Small molecule,"Atrophy, hypogonadism, menopause, osteoporosis, primary ovarian insufficiency",Estrogen receptor,ESR1,"Other cytosolic protein, Transcription factor, Unclassified protein",Estrogen receptor alpha agonist
ESZOPICLONE,['Eszopiclone' 'Lunesta'],Small molecule,insomnia,GABA-A receptor; anion channel,"GABRA1, GABRA2, GABRA3, GABRA5, GABRG1, GABRG2, GABRG3",Ion channel,GABA-A receptor; anion channel positive allosteric modulator
ETANERCEPT,['Benepali' 'Enbrel' 'Erelzi' 'Lifmior' 'Nepexto'],Protein,"ankylosing spondylitis, immune system disease, juvenile idiopathic arthritis, psoriasis, psoriasis vulgaris, psoriatic arthritis, rheumatoid arthritis, spondylitis, spondyloarthropathy",Tumor necrosis factor,TNF,Secreted protein,TNF-alpha inhibitor
ETELCALCETIDE,[],Protein,"parathyroid disease, secondary hyperparathyroidism",Extracellular calcium-sensing receptor,CASR,Membrane receptor,Calcium sensing receptor agonist
ETELCALCETIDE HYDROCHLORIDE,['Parsabiv'],Protein,"chronic kidney disease, secondary hyperparathyroidism",Extracellular calcium-sensing receptor,CASR,Membrane receptor,Calcium sensing receptor agonist
ETEPLIRSEN,['Eteplirsen component of exondys 51' 'Exondys 51'],Oligonucleotide,"Duchenne muscular dystrophy, muscular dystrophy",Dystrophin pre-mRNA,DMD,Unclassified protein,Dystrophin pre-mRNA positive modulator
ETHACRYNIC ACID,['Edecrin' 'Ethacrynic acid' 'Hydromedin' 'Reomax'],Small molecule,"cardiovascular disease, cirrhosis of liver, congestive heart failure, nephrotic syndrome, pulmonary edema, urinary system disease",Solute carrier family 12 member 1,SLC12A1,Transporter,Sodium-(potassium)-chloride cotransporter 2 inhibitor
ETHINYL ESTRADIOL,"['Estinyl' 'Ethinyl estradiol component of alesse'
 'Ethinyl estradiol component of altavera'
 'Ethinyl estradiol component of annovera'
 'Ethinyl estradiol component of aranelle'
 'Ethinyl estradiol component of aviane'
 'Ethinyl estradiol component of balcoltra'
 'Ethinyl estradiol component of bekyree'
 'Ethinyl estradiol component of beyaz'
 'Ethinyl estradiol component of brevicon'
 'Ethinyl estradiol component of cryselle'
 'Ethinyl estradiol component of cyclessa'
 'Ethinyl estradiol component of desogen'
 'Ethinyl estradiol component of elifemme'
 'Ethinyl estradiol component of enpresse'
 'Ethinyl estradiol component of enskyce'
 'Ethinyl estradiol component of estrostep fe'
 'Ethinyl estradiol component of femcon fe'
 'Ethinyl estradiol component of femhrt'
 'Ethinyl estradiol component of femlyv'
 'Ethinyl estradiol component of introvale'
 'Ethinyl estradiol component of isibloom'
 'Ethinyl estradiol component of kariva'
 'Ethinyl estradiol component of kelnor'
 'Ethinyl estradiol component of kurvelo'
 'Ethinyl estradiol component of lessina'
 'Ethinyl estradiol component of levlite'
 'Ethinyl estradiol component of levonest'
 'Ethinyl estradiol component of levora'
 'Ethinyl estradiol component of lo loestrin fe'
 'Ethinyl estradiol component of lo minastrin fe'
 'Ethinyl estradiol component of loseasonique'
 'Ethinyl estradiol component of lybrel'
 'Ethinyl estradiol component of marlissa'
 'Ethinyl estradiol component of minastrin 24 fe'
 'Ethinyl estradiol component of mircette'
 'Ethinyl estradiol component of nordette'
 'Ethinyl estradiol component of norinyl'
 'Ethinyl estradiol component of norquest fe'
 'Ethinyl estradiol component of nuvaring'
 'Ethinyl estradiol component of orsythia'
 'Ethinyl estradiol component of ortho tri-cyclen'
 'Ethinyl estradiol component of ortho-cept'
 'Ethinyl estradiol component of ovral'
 'Ethinyl estradiol component of pimtrea'
 'Ethinyl estradiol component of portia'
 'Ethinyl estradiol component of preven'
 'Ethinyl estradiol component of previfem'
 'Ethinyl estradiol component of quartette'
 'Ethinyl estradiol component of quasense'
 'Ethinyl estradiol component of safyral'
 'Ethinyl estradiol component of seasonale'
 'Ethinyl estradiol component of seasonique'
 'Ethinyl estradiol component of setlakin'
 'Ethinyl estradiol component of sprintec'
 'Ethinyl estradiol component of taytulla'
 'Ethinyl estradiol component of tri lo sprintec'
 'Ethinyl estradiol component of tri-legest fe'
 'Ethinyl estradiol component of tri-previfem'
 'Ethinyl estradiol component of tri-sprintec'
 'Ethinyl estradiol component of triphasil'
 'Ethinyl estradiol component of trivora'
 'Ethinyl estradiol component of twirla'
 'Ethinyl estradiol component of tyblume'
 'Ethinyl estradiol component of velivet'
 'Ethinyl estradiol component of vienva'
 'Ethinyl estradiol component of viorele'
 'Ethinyl estradiol component of volnea'
 'Ethinyl estradiol component of vyfemla'
 'Ethinyl estradiol component of xulane'
 'Ethinyl estradiol component of yasmin'
 'Ethinyl estradiol component of yaz'
 'Ethinyl estradiol component of zovia' 'Etinestryl' 'Feminone'
 'Follicoral' 'Lynoral']",Small molecule,"acne, neoplasm",Estrogen receptor,ESR1,"Other cytosolic protein, Transcription factor, Unclassified protein",Estrogen receptor alpha agonist
ETHOPROPAZINE,[],Small molecule,Parkinson disease,Muscarinic acetylcholine receptor M1,CHRM1,Membrane receptor,Muscarinic acetylcholine receptor M1 antagonist
ETHOSUXIMIDE,['Emeside' 'Ethosuximide' 'Suxinutin' 'Zarontin'],Small molecule,epilepsy,Voltage-gated T-type calcium channel,"CACNA1G, CACNA1H, CACNA1I","Auxiliary transport protein, Ion channel",Voltage-gated T-type calcium channel blocker
ETHOTOIN,['Peganone'],Small molecule,"Seizure, epilepsy",Sodium channel alpha subunit,"SCN10A, SCN11A, SCN1A, SCN2A, SCN3A, SCN4A, SCN5A, SCN7A, SCN8A, SCN9A","Ion channel, Unclassified protein",Sodium channel alpha subunit blocker
ETODOLAC,"['Ebretin' 'Etodolac' 'Etolyn' 'Etopan xl' 'Lodine' 'Lodine sr'
 'Lodine xl' 'Ramodar']",Small molecule,"Pain, juvenile idiopathic arthritis, osteoarthritis, rheumatic disease, rheumatoid arthritis",Prostaglandin G/H synthase 2,PTGS2,Enzyme,Cyclooxygenase-2 inhibitor
ETOPOSIDE,['Etoposide' 'Toposar' 'Vepesid'],Small molecule,"lung cancer, neoplasm, small cell carcinoma, small cell lung carcinoma",DNA topoisomerase II,"TOP2A, TOP2B",Enzyme,DNA topoisomerase II inhibitor
ETORICOXIB,['Arcoxia'],Small molecule,rheumatic disease,Prostaglandin G/H synthase 2,PTGS2,Enzyme,Cyclooxygenase-2 inhibitor
ETRASIMOD ARGININE,['Velsipity'],Small molecule,ulcerative colitis,"Sphingosine 1-phosphate receptor 1, Sphingosine 1-phosphate receptor 4, Sphingosine 1-phosphate receptor 5","S1PR1, S1PR4, S1PR5",Membrane receptor,"Sphingosine 1-phosphate receptor Edg-1 modulator, Sphingosine 1-phosphate receptor Edg-6 modulator, Sphingosine 1-phosphate receptor Edg-8 modulator"
ETRETINATE,['Tegison' 'Tigason'],Small molecule,psoriasis,Retinoid receptor,"RARA, RARB, RARG, RXRA, RXRB, RXRG","Enzyme, Transcription factor",Retinoid receptor agonist
EVEROLIMUS,['Afinitor' 'Afinitor disperz' 'Certican' 'Votubia' 'Zortress'],Small molecule,"Adenoma sebaceum, angiomyolipoma, astrocytoma, breast cancer, breast carcinoma, hamartoma, kidney angiomyolipoma, neoplasm, neuroendocrine neoplasm, pancreatic neuroendocrine tumor, renal cell carcinoma, tuberous sclerosis",Peptidyl-prolyl cis-trans isomerase FKBP1A,FKBP1A,Enzyme,FK506-binding protein 1A inhibitor
EVINACUMAB,['Evkeeza'],Antibody,"Hypercholesterolemia, cardiovascular disease, familial hypercholesterolemia, homozygous familial hypercholesterolemia",Angiopoietin-related protein 3,ANGPTL3,Unclassified protein,Angiopoietin-related protein 3 inhibitor
EVOGLIPTIN,[],Small molecule,diabetes mellitus,Dipeptidyl peptidase 4,DPP4,Enzyme,Dipeptidyl peptidase IV inhibitor
EVOLOCUMAB,['Repatha' 'Repatha sureclick'],Antibody,"Abnormal circulating lipid concentration, Hypercholesterolemia, cardiovascular disease, coronary artery disease, familial hypercholesterolemia, homozygous familial hypercholesterolemia, myocardial infarction, stroke",Proprotein convertase subtilisin/kexin type 9,PCSK9,Enzyme,Subtilisin/kexin type 9 inhibitor
EXEMESTANE,['Aromasin' 'Exemestane'],Small molecule,"breast cancer, breast carcinoma, breast neoplasm, neoplasm",Aromatase,CYP19A1,"Enzyme, Unclassified protein",Cytochrome P450 19A1 inhibitor
EXENATIDE,['Bydureon' 'Bydureon bcise' 'Bydureon pen' 'Byetta'],Protein,"diabetes mellitus, type 2 diabetes mellitus",Glucagon-like peptide 1 receptor,GLP1R,Membrane receptor,Glucagon-like peptide 1 receptor agonist
EZETIMIBE,"['Ezetimibe' 'Ezetimibe component of k-924'
 'Ezetimibe component of liptruzet' 'Ezetimibe component of nexlizet'
 'Ezetimibe component of roszet' 'Ezetimibe component of vytorin'
 'Ezetrol' 'Zetia']",Small molecule,"Hypercholesterolemia, cardiovascular disease, familial hypercholesterolemia, hyperlipidemia",NPC1-like intracellular cholesterol transporter 1,NPC1L1,Other membrane protein,Niemann-Pick C1-like protein 1 inhibitor
EZOGABINE,['Potiga' 'Trobalt'],Small molecule,"Seizure, epilepsy",KCNQ (Kv7) potassium channel,"KCNQ1, KCNQ2, KCNQ3, KCNQ4, KCNQ5",Ion channel,KCNQ (Kv7) potassium channel opener
FAMOTIDINE,"['Famotidine' 'Famotidine component of duexis'
 'Famotidine component of pepcid complete' 'Famotidine preservative free'
 'Famotidine preservative free (pharmacy bulk)' 'Fluxid' 'Gaster' 'Pepcid'
 'Pepcid ac' 'Pepcid ac (geltab)' 'Pepcid preservative free' 'Pepcid rpd'
 'Pepcidine']",Small molecule,"Chest pain, Esophagitis, Peptic ulcer, duodenal ulcer, gastric ulcer, gastroesophageal reflux disease, osteoarthritis, rheumatoid arthritis, ulcer disease",Histamine H2 receptor,HRH2,Membrane receptor,Histamine H2 receptor antagonist
FARICIMAB,['Vabysmo'],Antibody,"cystoid macular edema, macrovascular complications of diabetes, macular retinal edema, ocular vascular disease, wet macular degeneration","Angiopoietin-2, Vascular endothelial growth factor A, long form","ANGPT2, VEGFA","Enzyme, Secreted protein, Unclassified protein","Angiopoietin-2 inhibitor, Vascular endothelial growth factor A inhibitor"
FEBUXOSTAT,"['Adenuric' 'Febuxostat krka' 'Febuxostat mylan'
 'Febuxostat viatris (previously febuxostat mylan)' 'Uloric']",Small molecule,"gout, hyperuricemia",Xanthine dehydrogenase/oxidase,XDH,Enzyme,Xanthine dehydrogenase inhibitor
FEDRATINIB,[],Small molecule,neoplasm,"Receptor-type tyrosine-protein kinase FLT3, Tyrosine-protein kinase JAK2","FLT3, JAK2",Enzyme,"Tyrosine-protein kinase JAK2 inhibitor, Tyrosine-protein kinase receptor FLT3 inhibitor"
FEDRATINIB HYDROCHLORIDE,['Inrebic'],Small molecule,"Myelofibrosis, myeloproliferative disorder, primary myelofibrosis","Receptor-type tyrosine-protein kinase FLT3, Tyrosine-protein kinase JAK2","FLT3, JAK2",Enzyme,"Tyrosine-protein kinase JAK2 inhibitor, Tyrosine-protein kinase receptor FLT3 inhibitor"
FELBAMATE,['Felbamate' 'Felbatol' 'Taloxa'],Small molecule,"Seizure, anemia, epilepsy",Glutamate [NMDA] receptor,"GRIN1, GRIN2A, GRIN2B, GRIN2C, GRIN2D, GRIN3A, GRIN3B",Ion channel,Glutamate [NMDA] receptor antagonist
FELODIPINE,"['Cabren' 'Cardioplen xl' 'Felodipine' 'Felodipine component of lexxel'
 'Felogen xl' 'Felotens xl' 'Folpik xl' 'Keloc sr' 'Neofel xl' 'Parmid xl'
 'Pinefeld xl' 'Plendil' 'Preslow' 'Vascalpha']",Small molecule,"cardiovascular disease, diabetes mellitus, hypertension","Mineralocorticoid receptor, Voltage-gated L-type calcium channel","CACNA1C, CACNA1D, CACNA1F, CACNA1S, NR3C2","Auxiliary transport protein, Ion channel, Transcription factor","Mineralocorticoid receptor antagonist, Voltage-gated L-type calcium channel blocker"
FENFLURAMINE,[],Small molecule,"epilepsy, obesity","5-hydroxytryptamine receptor 1D, 5-hydroxytryptamine receptor 2C, Sigma non-opioid intracellular receptor 1","HTR1D, HTR2C, SIGMAR1",Membrane receptor,"Serotonin 1d (5-HT1d) receptor agonist, Serotonin 2c (5-HT2c) receptor agonist, Sigma opioid receptor antagonist"
FENOFIBRATE,"['Antara' 'Antara (micronized)' 'Fenofibrate' 'Fenofibrate (micronized)'
 'Fenogal' 'Fenoglide' 'Lipantil' 'Lipantil micro 200'
 'Lipantil micro 267' 'Lipantil micro 67' 'Lipidil' 'Lipofen'
 'Supralip 160' 'Tricor' 'Tricor (micronized)' 'Triglide']",Small molecule,"Abnormal circulating lipid concentration, Hypercholesterolemia, cardiovascular disease, diabetes mellitus, hypothyroidism, type 2 diabetes mellitus",Peroxisome proliferator-activated receptor alpha,PPARA,Transcription factor,Peroxisome proliferator-activated receptor alpha agonist
FENOFIBRIC ACID,['Fenocor-67' 'Fibricor' 'Lipanthyl' 'Lofibra' 'Supralip'],Small molecule,"Hypercholesterolemia, type 2 diabetes mellitus",Peroxisome proliferator-activated receptor alpha,PPARA,Transcription factor,Peroxisome proliferator-activated receptor alpha agonist
FENOLDOPAM,[],Small molecule,cardiovascular disease,D(1A) dopamine receptor,DRD1,Membrane receptor,Dopamine D1 receptor agonist
FENOLDOPAM MESYLATE,['Corlopam' 'Fenoldopam mesylate'],Small molecule,hypertension,D(1A) dopamine receptor,DRD1,Membrane receptor,Dopamine D1 receptor agonist
FENOPROFEN,['Progesic'],Small molecule,rheumatic disease,Cyclooxygenase,"PTGS1, PTGS2",Enzyme,Cyclooxygenase inhibitor
FENOPROFEN CALCIUM,['Fenoprofen calcium' 'Nalfon'],Small molecule,"osteoarthritis, rheumatoid arthritis",Cyclooxygenase,"PTGS1, PTGS2",Enzyme,Cyclooxygenase inhibitor
FENOTEROL,['Berodual' 'Berodual n' 'Berotec' 'Berotec 100' 'Berotec 200' 'Duovent'],Small molecule,Airway obstruction,Beta-2 adrenergic receptor,ADRB2,Membrane receptor,Beta-2 adrenergic receptor agonist
FENTANYL,"['Breakyl' 'Duragesic' 'Duragesic-100' 'Duragesic-12' 'Duragesic-25'
 'Duragesic-37' 'Duragesic-50' 'Duragesic-75' 'Durogesic'
 'Durogesic dtrans' 'Fencino' 'Fentalis reservoir'
 'Fentanyl component of tranq' 'Fentanyl-100' 'Fentanyl-12' 'Fentanyl-25'
 'Fentanyl-37' 'Fentanyl-50' 'Fentanyl-62' 'Fentanyl-75' 'Fentanyl-87'
 'Matrifen' 'Mezolar matrix' 'Mylafent' 'Opiodur' 'Oralet' 'Osmach'
 'Osmanil' 'Recivit' 'Recuvyra' 'Subsys' 'Tilofyl' 'Victanyl' 'Yemex']",Small molecule,"Chronic pain, Pain, cancer, cancer pain",Mu-type opioid receptor,OPRM1,Membrane receptor,Mu opioid receptor agonist
FENTANYL CITRATE,"['Abstral' 'Actiq' 'Effentora' 'Fentanyl citrate'
 'Fentanyl citrate component of innovar'
 'Fentanyl citrate preservative free' 'Fentora' 'Instanyl' 'Lazanda'
 'Onsolis' 'Pecfent' 'Sublimaze' 'Sublimaze preservative free'
 'Thalamonal']",Small molecule,"Pain, cancer, migraine disorder",Mu-type opioid receptor,OPRM1,Membrane receptor,Mu opioid receptor agonist
FESOTERODINE,[],Small molecule,"Polyuria, Urinary incontinence","Muscarinic acetylcholine receptor M2, Muscarinic acetylcholine receptor M3","CHRM2, CHRM3",Membrane receptor,"Muscarinic acetylcholine receptor M2 antagonist, Muscarinic acetylcholine receptor M3 antagonist"
FESOTERODINE FUMARATE,['Fesoterodine fumarate' 'Toviaz'],Small molecule,"overactive bladder, urgency urinary incontinence","Muscarinic acetylcholine receptor M2, Muscarinic acetylcholine receptor M3","CHRM2, CHRM3",Membrane receptor,"Muscarinic acetylcholine receptor M2 antagonist, Muscarinic acetylcholine receptor M3 antagonist"
FEXOFENADINE,['Telfast'],Small molecule,allergic disease,Histamine H1 receptor,HRH1,Membrane receptor,Histamine H1 receptor antagonist
FEXOFENADINE HYDROCHLORIDE,"['Allegra' 'Allegra allergy' 'Allegra hives' ""Children's allegra allergy""
 ""Children's allegra hives""
 ""Children's fexofenadine hydrochloride allergy""
 ""Children's fexofenadine hydrochloride hives""
 'Fexofenadine hydrochloride' 'Fexofenadine hydrochloride allergy'
 'Fexofenadine hydrochloride component of allegra-d'
 'Fexofenadine hydrochloride hives' 'Telfast 120' 'Telfast 180'
 'Telfast 30']",Small molecule,"allergic disease, allergic rhinitis, seasonal allergic rhinitis, urticaria",Histamine H1 receptor,HRH1,Membrane receptor,Histamine H1 receptor antagonist
FEZOLINETANT,['Veoza' 'Veozah'],Small molecule,Hot flashes,Neuromedin-K receptor,TACR3,Membrane receptor,Neurokinin 3 receptor antagonist
"FIBRINOLYSIN, HUMAN",[],Unknown,Recurrent thrombophlebitis,Fibrinogen,"FGA, FGB, FGG",Secreted protein,Fibrinogen inhibitor
FILGOTINIB MALEATE,['Jyseleca'],Small molecule,rheumatoid arthritis,"Non-receptor tyrosine-protein kinase TYK2, Tyrosine-protein kinase JAK1, Tyrosine-protein kinase JAK2, Tyrosine-protein kinase JAK3","JAK1, JAK2, JAK3, TYK2",Enzyme,"Tyrosine-protein kinase JAK1 inhibitor, Tyrosine-protein kinase JAK2 inhibitor, Tyrosine-protein kinase JAK3 inhibitor, Tyrosine-protein kinase TYK2 inhibitor"
FILGRASTIM,"['Accofil' 'Biograstim' 'Filgrastim hexal' 'Filgrastim ratiopharm'
 'Gran 300' 'Gran injection 150' 'Granix' 'Grastofil' 'Neupogen'
 'Neupogen 30' 'Neupogen 48' 'Nivestim' 'Nivestym' 'Nypozi' 'Ratiograstim'
 'Releuko' 'Tevagrastim' 'Zarxio' 'Zarzio']",Protein,"cancer, infection, neoplasm, neutropenia",Granulocyte colony-stimulating factor receptor,CSF3R,Membrane receptor,Granulocyte colony stimulating factor receptor agonist
FINASTERIDE,"['Aindeem' 'Finasteride' 'Finasteride component of entadfi' 'Propecia'
 'Proscar' 'Prostide']",Small molecule,"androgenetic alopecia, benign prostatic hyperplasia, hypotrichosis, prostate carcinoma",3-oxo-5-alpha-steroid 4-dehydrogenase 2,SRD5A2,Enzyme,Steroid 5-alpha-reductase 2 inhibitor
FINERENONE,['Kerendia'],Small molecule,"cardiovascular disease, chronic kidney disease, type 2 diabetes mellitus",Mineralocorticoid receptor,NR3C2,Transcription factor,Mineralocorticoid receptor antagonist
FINGOLIMOD HYDROCHLORIDE,['Fingolimod accord' 'Fingolimod mylan' 'Gilenya'],Small molecule,multiple sclerosis,Sphingosine 1-phosphate receptor,"S1PR1, S1PR2, S1PR3, S1PR4, S1PR5",Membrane receptor,Sphingosine 1-phosphate receptor agonist
FLAVOXATE HYDROCHLORIDE,['Flavoxate hydrochloride' 'Urispas' 'Urispas 200'],Small molecule,"dysuria, prostatitis, urethritis, urinary tract infection","Phosphodiesterase 4, Phosphodiesterase 7, Phosphodiesterase 8","PDE4A, PDE4B, PDE4C, PDE4D, PDE7A, PDE7B, PDE8A, PDE8B",Enzyme,"Phosphodiesterase 4 inhibitor, Phosphodiesterase 7 inhibitor, Phosphodiesterase 8 inhibitor"
FLECAINIDE,['Flecainide component of thn102'],Small molecule,cardiac arrhythmia,Sodium channel protein type 5 subunit alpha,SCN5A,Ion channel,Sodium channel protein type V alpha subunit blocker
FLECAINIDE ACETATE,['Flecainide acetate' 'Tambocor'],Small molecule,Ventricular arrhythmia,Sodium channel protein type 5 subunit alpha,SCN5A,Ion channel,Sodium channel protein type V alpha subunit blocker
FLOXURIDINE,['F.u.d.r.' 'Floxuridine' 'Fudr'],Small molecule,neoplasm,Thymidylate synthase,TYMS,Enzyme,Thymidylate synthase inhibitor
FLUDARABINE PHOSPHATE,['Fludara' 'Fludarabine phosphate' 'Oforta'],Small molecule,"chronic lymphocytic leukemia, neoplasm","DNA polymerase (alpha/delta/epsilon), Ribonucleoside-diphosphate reductase RR1","POLA1, POLA2, POLD1, POLD2, POLD3, POLD4, POLE, POLE2, POLE3, PRIM1, PRIM2, RRM1","Enzyme, Unclassified protein","DNA polymerase (alpha/delta/epsilon) inhibitor, Ribonucleoside-diphosphate reductase RR1 inhibitor"
FLUDROCORTISONE ACETATE,['Astonin' 'Florinef' 'Fludrocortisone acetate' 'Fludrocortone' 'Panotile'],Small molecule,"adrenogenital syndrome, chronic primary adrenal insufficiency, primary adrenal insufficiency",Mineralocorticoid receptor,NR3C2,Transcription factor,Mineralocorticoid receptor agonist
FLUNISOLIDE,"['Aerobid' 'Aerospan' 'Aerospan hfa' 'Flunisolide' 'Nasalide' 'Nasarel'
 'Syntaris' 'Syntaris hayfever']",Small molecule,"Airway obstruction, Nasal congestion, asthma, rhinitis",Glucocorticoid receptor,NR3C1,Transcription factor,Glucocorticoid receptor agonist
FLUOCINOLONE ACETONIDE,"['Capex' 'Derma-smoothe/fs' 'Dermotic' 'Fluocet' 'Fluocinolone acetonide'
 'Fluocinolone acetonide component of iluvien'
 'Fluocinolone acetonide component of neo-synalar'
 'Fluocinolone acetonide component of otovel'
 'Fluocinolone acetonide component of tri-luma' 'Fluonid' 'Fluotrex'
 'Fs shampoo' 'Iluvien' 'Retisert' 'Synalar' 'Synalar fte' 'Synalar-c'
 'Synalar-hp' 'Synalar-n' 'Synandone' 'Yutiq']",Small molecule,"atopic eczema, eye inflammation, freckles, hemorrhoid, infectious disease, macular retinal edema, psoriasis, seborrheic dermatitis, skin disease, uveitis",Glucocorticoid receptor,NR3C1,Transcription factor,Glucocorticoid receptor agonist
FLUOCINONIDE,"['Fluocinonide' 'Fluocinonide emulsified base' 'Lidex' 'Lidex-e' 'Metosyn'
 'Metosyn fapg' 'Vanos']",Small molecule,"hemorrhoid, skin disease",Glucocorticoid receptor,NR3C1,Transcription factor,Glucocorticoid receptor agonist
FLUOROMETHOLONE,"['Fluaton' 'Fluor-op' 'Fluorometholone component of fml-s' 'Fml'
 'Fml forte' 'Fml fte' 'Fml-neo' 'Oxylone']",Small molecule,"acne, eye inflammation, hemorrhoid, inflammation",Glucocorticoid receptor,NR3C1,Transcription factor,Glucocorticoid receptor agonist
FLUOROURACIL,"['5.f.u.' 'Accusite' 'Actikerall' 'Adrucil' 'Carac' 'Efudex' 'Efudix'
 'Fluoro-uracil roche' 'Fluoroplex' 'Fluorouracil'
 'Fluorouracil component of folfox' 'Tolak']",Small molecule,"actinic keratosis, adenocarcinoma, basal cell carcinoma, keratosis, neoplasm",Thymidylate synthase,TYMS,Enzyme,Thymidylate synthase inhibitor
FLUOXETINE HYDROCHLORIDE,"['Felicium' 'Fluoxetine hydrochloride'
 'Fluoxetine hydrochloride component of symbyax' 'Olena' 'Oxactin'
 'Prozac' 'Prozac 60' 'Prozac weekly' 'Prozep' 'Prozit' 'Ranflutin'
 'Reconcile' 'Sarafem' 'Selfemra']",Small molecule,"bipolar I disorder, bipolar disorder, major depressive disorder, obsessive-compulsive disorder",Sodium-dependent serotonin transporter,SLC6A4,Transporter,Serotonin transporter inhibitor
FLUOXYMESTERONE,['Android-f' 'Androxy' 'Fluoxymesterone' 'Halotestin' 'Ora-testryl'],Small molecule,"hypogonadism, neoplasm, orchitis",Androgen receptor,AR,Transcription factor,Androgen Receptor agonist
FLUPHENAZINE,[],Small molecule,psychosis,D(2) dopamine receptor,DRD2,Membrane receptor,Dopamine D2 receptor antagonist
FLUPHENAZINE HYDROCHLORIDE,['Fluphenazine hydrochloride' 'Moditen' 'Permitil' 'Prolixin'],Small molecule,mental or behavioural disorder,D(2) dopamine receptor,DRD2,Membrane receptor,Dopamine D2 receptor antagonist
FLURANDRENOLIDE,"['Cordran' 'Cordran sp' 'Flurandrenolide'
 'Flurandrenolide component of cordran-n' 'Haelan' 'Haelan-c' 'Haelan-x']",Small molecule,skin disease,Glucocorticoid receptor,NR3C1,Transcription factor,Glucocorticoid receptor agonist
FLURAZEPAM HYDROCHLORIDE,['Dalmane' 'Flurazepam hydrochloride'],Small molecule,insomnia,GABA-A receptor; anion channel,"GABRA1, GABRA2, GABRA3, GABRA5, GABRG1, GABRG2, GABRG3",Ion channel,GABA-A receptor; anion channel positive allosteric modulator
FLURBIPROFEN,"['Ansaid' 'Cebutid' 'Flurbiprofen' 'Froben' 'Froben sr' 'Strefen'
 'Transact']",Small molecule,"Arthralgia, Miosis, Myalgia, eye inflammation, rheumatic disease",Cyclooxygenase,"PTGS1, PTGS2",Enzyme,Cyclooxygenase inhibitor
FLUSPIRILENE,['Imap' 'Redeptin'],Small molecule,psychosis,D(2) dopamine receptor,DRD2,Membrane receptor,Dopamine D2 receptor inhibitor
FLUTAMIDE,['Chimax' 'Drogenil' 'Eulexin' 'Flutamide'],Small molecule,"carcinoma, neoplasm, prostate adenocarcinoma, prostate carcinoma",Androgen receptor,AR,Transcription factor,Androgen Receptor antagonist
FLUTICASONE FUROATE,"['Alisade' 'Arnuity ellipta' 'Avamys' 'Flonase sensimist allergy relief'
 'Fluticasone furoate component of arnuity ellipta'
 'Fluticasone furoate component of breo ellipta'
 'Fluticasone furoate component of trelegy ellipta' 'Relvar ellipta'
 'Trelegy ellipta' 'Veramyst']",Small molecule,"Airway obstruction, Nasal congestion, Rhinitis, Allergic, Perennial, allergic rhinitis, asthma, chronic obstructive pulmonary disease, seasonal allergic rhinitis",Glucocorticoid receptor,NR3C1,Transcription factor,Glucocorticoid receptor agonist
FLUTICASONE PROPIONATE,"['Aerivio spiromax' 'Airflusal forspiro' 'Armonair digihaler'
 'Armonair respiclick' 'Cutivate' 'Flixonase' 'Flixotide' 'Flonase'
 'Flonase allergy relief' 'Flovent' 'Flovent diskus 100'
 'Flovent diskus 250' 'Flovent diskus 50' 'Flovent hfa'
 'Fluticasone propionate' 'Fluticasone propionate component of advair'
 'Fluticasone propionate component of advair hfa'
 'Fluticasone propionate component of airduo respiclick'
 'Fluticasone propionate component of dymista'
 'Fluticasone propionate component of lipo-102' 'Flutiform' 'Nasofan'
 'Pirinase' 'Sereflo' 'Seretide 100' 'Seretide 125' 'Seretide 250'
 'Seretide 50' 'Seretide 500' 'Sirdupla' 'Xhance']",Small molecule,"Airway obstruction, Nasal congestion, Nasal polyposis, allergic rhinitis, asthma, atopic eczema, chronic bronchitis, chronic obstructive pulmonary disease, emphysema, seasonal allergic rhinitis, skin disease",Glucocorticoid receptor,NR3C1,Transcription factor,Glucocorticoid receptor agonist
FLUVASTATIN,[],Small molecule,cardiovascular disease,3-hydroxy-3-methylglutaryl-coenzyme A reductase,HMGCR,"Enzyme, Unclassified protein",HMG-CoA reductase inhibitor
FLUVASTATIN SODIUM,"['Dorisin xl' 'Fluvastatin sodium' 'Lescol' 'Lescol xl' 'Luvinsta xl'
 'Nandovar xl' 'Pinmactil' 'Stefluvin xl']",Small molecule,"Hypercholesterolemia, familial hypercholesterolemia",3-hydroxy-3-methylglutaryl-coenzyme A reductase,HMGCR,"Enzyme, Unclassified protein",HMG-CoA reductase inhibitor
FLUVOXAMINE,[],Small molecule,"depressive disorder, major depressive disorder",Sodium-dependent serotonin transporter,SLC6A4,Transporter,Serotonin transporter inhibitor
FLUVOXAMINE MALEATE,"['Faverin 100' 'Faverin 50' 'Floxyfral' 'Fluvoxamine maleate' 'Luvox'
 'Luvox cr']",Small molecule,obsessive-compulsive disorder,Sodium-dependent serotonin transporter,SLC6A4,Transporter,Serotonin transporter inhibitor
FOLLITROPIN,[],Unknown,"hypogonadism, hypogonadotropic hypogonadism, male infertility, primary ovarian insufficiency",Follicle-stimulating hormone receptor,FSHR,Membrane receptor,Follicle stimulating hormone receptor agonist
FOLLITROPIN ALFA,"['Bemfola' 'Follitropin alfa component of pergoveris' 'Gonal-f'
 'Gonal-f rff' 'Gonal-f rff redi-ject' 'Ovaleap']",Protein,"anovulation, female infertility",Follicle-stimulating hormone receptor,FSHR,Membrane receptor,Follicle stimulating hormone receptor agonist
FOLLITROPIN BETA,['Fertavid' 'Puregon'],Protein,"Hypogonadotropic hypogonadism, infertility",Follicle-stimulating hormone receptor,FSHR,Membrane receptor,Follicle stimulating hormone receptor agonist
FOLLITROPIN DELTA,['Rekovelle'],Protein,anovulation,Follicle-stimulating hormone receptor,FSHR,Membrane receptor,Follicle stimulating hormone receptor agonist
FONDAPARINUX,[],Oligosaccharide,Recurrent thrombophlebitis,Antithrombin-III,SERPINC1,Secreted protein,Antithrombin-III activator
FONDAPARINUX SODIUM,['Arixtra' 'Fondaparinux sodium' 'Quixidar'],Oligosaccharide,"Venous thrombosis, deep vein thrombosis, intermediate coronary syndrome, myocardial infarction, pulmonary embolism",Antithrombin-III,SERPINC1,Secreted protein,Antithrombin-III activator
FORMOTEROL,['Oxis'],Small molecule,Airway obstruction,Beta-2 adrenergic receptor,ADRB2,Membrane receptor,Beta-2 adrenergic receptor agonist
FORMOTEROL FUMARATE,"['Atimos modulite' 'Foradil' 'Foradil certihaler'
 'Formoterol fumarate component of bevespi aerosphere'
 'Formoterol fumarate component of breztri'
 'Formoterol fumarate component of duaklir pressair'
 'Formoterol fumarate component of dulera'
 'Formoterol fumarate component of symbicort   dihydrate'
 'Formoterol fumarate component of trimbow   dihydrate'
 'Formoterol fumarate dihydrate component of symbicort' 'Oxis 12' 'Oxis 6'
 'Performist' 'Perforomist']",Small molecule,"asthma, chronic bronchitis, chronic obstructive pulmonary disease, emphysema",Beta-2 adrenergic receptor,ADRB2,Membrane receptor,Beta-2 adrenergic receptor agonist
FOSAPREPITANT DIMEGLUMINE,['Emend' 'Focinvez' 'Fosaprepitant dimeglumine' 'Ivemend'],Small molecule,"Chemotherapy-induced nausea and vomiting, Nausea and vomiting, cancer",Substance-P receptor,TACR1,Membrane receptor,Neurokinin 1 receptor antagonist
FOSINOPRIL,[],Small molecule,cardiovascular disease,Angiotensin-converting enzyme,ACE,Enzyme,Angiotensin-converting enzyme inhibitor
FOSINOPRIL SODIUM,"['Fosinopril sodium' 'Fosinopril sodium component of monopril hct'
 'Fositens' 'Fozitec' 'Monopril' 'Staril']",Small molecule,"heart failure, hypertension",Angiotensin-converting enzyme,ACE,Enzyme,Angiotensin-converting enzyme inhibitor
FOSNETUPITANT CHLORIDE HYDROCHLORIDE,"['Fosnetupitant chloride hydrochloride component of akynzeo'
 'Fosnetupitant chloride hydrochloride component of akynzeo for injection']",Small molecule,"Chemotherapy-induced nausea and vomiting, Vomiting",Substance-P receptor,TACR1,Membrane receptor,Neurokinin 1 receptor antagonist
FOSPHENYTOIN,[],Small molecule,epilepsy,Sodium channel alpha subunit,"SCN10A, SCN11A, SCN1A, SCN2A, SCN3A, SCN4A, SCN5A, SCN7A, SCN8A, SCN9A","Ion channel, Unclassified protein",Sodium channel alpha subunit blocker
FOSTAMATINIB,[],Small molecule,hemorrhage,Tyrosine-protein kinase SYK,SYK,Enzyme,Tyrosine-protein kinase SYK inhibitor
FOSTAMATINIB DISODIUM,['Tavalisse' 'Tavlesse'],Small molecule,"Thrombocytopenia, autoimmune thrombocytopenic purpura",Tyrosine-protein kinase SYK,SYK,Enzyme,Tyrosine-protein kinase SYK inhibitor
FREMANEZUMAB,['Ajovy'],Antibody,migraine disorder,Calcitonin gene-related peptide,"CALCA, CALCB",Secreted protein,Calcitonin gene-related peptide antagonist
FROVATRIPTAN,['Migard' 'Mylatrip'],Small molecule,migraine disorder,"5-hydroxytryptamine receptor 1B, 5-hydroxytryptamine receptor 1D","HTR1B, HTR1D",Membrane receptor,"Serotonin 1b (5-HT1b) receptor agonist, Serotonin 1d (5-HT1d) receptor agonist"
FROVATRIPTAN SUCCINATE,['Frova' 'Frovatriptan succinate'],Small molecule,migraine disorder,"5-hydroxytryptamine receptor 1B, 5-hydroxytryptamine receptor 1D","HTR1B, HTR1D",Membrane receptor,"Serotonin 1b (5-HT1b) receptor agonist, Serotonin 1d (5-HT1d) receptor agonist"
FRUQUINTINIB,['Fruzaqla'],Small molecule,"colorectal cancer, colorectal neoplasm",Vascular endothelial growth factor receptor,"FLT1, FLT4, KDR","Enzyme, Secreted protein, Unclassified protein",Vascular endothelial growth factor receptor inhibitor
FULVESTRANT,['Faslodex' 'Fulvestrant mylan'],Small molecule,"breast cancer, breast carcinoma, breast neoplasm, neoplasm",Estrogen receptor,ESR1,"Other cytosolic protein, Transcription factor, Unclassified protein",Estrogen receptor degrader
FUROSEMIDE,"['Aluzine 20' 'Aluzine 40' 'Aluzine 500' 'Aquamed' 'Diuresal' 'Dryptal'
 'Froop' 'Frumax' 'Frumil' 'Frusetic' 'Frusid' 'Frusol' 'Furoscix'
 'Furosemide' 'Hydroled' 'Lasix' 'Lasix ret' 'Rusyde' 'Tenkofruse']",Small molecule,"cardiovascular disease, cirrhosis of liver, congestive heart failure, heart failure, hypertension, nephrotic syndrome, pulmonary edema",Solute carrier family 12 member 1,SLC12A1,Transporter,Sodium-(potassium)-chloride cotransporter 2 inhibitor
FUTIBATINIB,['Lytgobi'],Small molecule,"cholangiocarcinoma, neoplasm",Fibroblast growth factor receptor,"FGFR1, FGFR2, FGFR3, FGFR4","Enzyme, Secreted protein, Unclassified protein",Fibroblast growth factor receptor inhibitor
GABAPENTIN,['Gabapentin' 'Gralise' 'Neurontin'],Small molecule,"Seizure, epilepsy, neuralgia, restless legs syndrome",Voltage-gated calcium channel,CACNA2D1,"Auxiliary transport protein, Ion channel",Voltage-gated calcium channel modulator
GABAPENTIN ENACARBIL,['Horizant'],Small molecule,"neuralgia, restless legs syndrome",Voltage-gated calcium channel,CACNA2D1,"Auxiliary transport protein, Ion channel",Voltage-gated calcium channel modulator
GALANTAMINE,"['Acumor xl' 'Consion xl' 'Elmino xl' 'Galsya xl' 'Galzemic xl'
 'Gatalin xl' 'Gazylan xl' 'Lotprosin xl' 'Luventa xl' 'Reminyl'
 'Reminyl xl' 'Zeebral xl']",Small molecule,Dementia,Acetylcholinesterase,ACHE,Enzyme,Acetylcholinesterase inhibitor
GALANTAMINE HYDROBROMIDE,['Galantamine hydrobromide' 'Razadyne' 'Razadyne er'],Small molecule,"Alzheimer disease, Dementia",Acetylcholinesterase,ACHE,Enzyme,Acetylcholinesterase inhibitor
GALCANEZUMAB,['Emgality'],Antibody,migraine disorder,Calcitonin gene-related peptide,"CALCA, CALCB",Secreted protein,Calcitonin gene-related peptide inhibitor
GANAXOLONE,['Ztalmy'],Small molecule,"Seizure, epilepsy, infantile spasms",GABA-A receptor; anion channel,"GABRA1, GABRA2, GABRA3, GABRA4, GABRA5, GABRA6, GABRB1, GABRB2, GABRB3, GABRD, GABRE, GABRG1, GABRG2, GABRG3, GABRP, GABRQ",Ion channel,GABA-A receptor; anion channel positive allosteric modulator
GEFITINIB,['Gefitinib mylan' 'Iressa'],Small molecule,"neoplasm, non-small cell lung carcinoma",Epidermal growth factor receptor,EGFR,"Enzyme, Unclassified protein",Epidermal growth factor receptor erbB1 inhibitor
GEMCITABINE,['Gemzar'],Small molecule,neoplasm,"DNA polymerase (alpha/delta/epsilon), Ribonucleoside-diphosphate reductase RR1","POLA1, POLA2, POLD1, POLD2, POLD3, POLD4, POLE, POLE2, POLE3, PRIM1, PRIM2, RRM1","Enzyme, Unclassified protein","DNA polymerase (alpha/delta/epsilon) inhibitor, Ribonucleoside-diphosphate reductase RR1 inhibitor"
GEMCITABINE HYDROCHLORIDE,['Gemcitabine hydrochloride' 'Gemzar' 'Infugem'],Small molecule,"breast cancer, breast carcinoma, non-small cell lung carcinoma, ovarian cancer, ovarian carcinoma, pancreatic carcinoma","DNA polymerase (alpha/delta/epsilon), Ribonucleoside-diphosphate reductase RR1","POLA1, POLA2, POLD1, POLD2, POLD3, POLD4, POLE, POLE2, POLE3, PRIM1, PRIM2, RRM1","Enzyme, Unclassified protein","DNA polymerase (alpha/delta/epsilon) inhibitor, Ribonucleoside-diphosphate reductase RR1 inhibitor"
GEMFIBROZIL,['Emfib' 'Gemfibrozil' 'Lopid'],Small molecule,"Abdominal pain, cardiovascular disease, coronary artery disease",Peroxisome proliferator-activated receptor alpha,PPARA,Transcription factor,Peroxisome proliferator-activated receptor alpha agonist
GEMTUZUMAB OZOGAMICIN,['Mylotarg'],Antibody drug conjugate,"acute myeloid leukemia, myeloid leukemia, neoplasm",Myeloid cell surface antigen CD33,CD33,Surface antigen,Myeloid cell surface antigen CD33 binding agent
GILTERITINIB,[],Small molecule,neoplasm,"Receptor-type tyrosine-protein kinase FLT3, Tyrosine-protein kinase receptor UFO","AXL, FLT3","Enzyme, Transcription factor, Unclassified protein","Tyrosine-protein kinase receptor FLT3 inhibitor, Tyrosine-protein kinase receptor UFO inhibitor"
GILTERITINIB FUMARATE,['Xospata'],Small molecule,"acute myeloid leukemia, myeloid leukemia","Receptor-type tyrosine-protein kinase FLT3, Tyrosine-protein kinase receptor UFO","AXL, FLT3","Enzyme, Transcription factor, Unclassified protein","Tyrosine-protein kinase receptor FLT3 inhibitor, Tyrosine-protein kinase receptor UFO inhibitor"
GIVOSIRAN SODIUM,['Givlaari'],Oligonucleotide,"Acute hepatic porphyria, liver disease",5-aminolevulinate synthase mRNA,ALAS1,,5-aminolevulinate synthase mRNA RNAi inhibitor
GLAFENINE,[],Small molecule,"Fever, Pain",Cyclooxygenase,"PTGS1, PTGS2",Enzyme,Cyclooxygenase inhibitor
GLASDEGIB,[],Small molecule,neoplasm,Protein smoothened,SMO,Membrane receptor,Smoothened homolog antagonist
GLASDEGIB MALEATE,['Daurismo'],Small molecule,acute myeloid leukemia,Protein smoothened,SMO,Membrane receptor,Smoothened homolog antagonist
GLICLAZIDE,"['Bilxona' 'Dacadis mr' 'Diaglyk' 'Diamicron' 'Diamicron mr' 'Edicil'
 'Glimil' 'Nazdol mr' 'Vamju' 'Vitile xl' 'Ziclaseg' 'Zicron' 'Zicron pr']",Small molecule,diabetes mellitus,"Sulfonylurea receptor 1, Kir6.2","ABCC8, KCNJ11","Ion channel, Transporter","Sulfonylurea receptor 1, Kir6.2 blocker"
GLIMEPIRIDE,"['Amaryl' 'Glimepiride' 'Glimepiride component of avandaryl'
 'Glimepiride component of duetact' 'Niddaryl']",Small molecule,"diabetes mellitus, type 2 diabetes mellitus","Sulfonylurea receptor 1, Kir6.2","ABCC8, KCNJ11","Ion channel, Transporter","Sulfonylurea receptor 1, Kir6.2 blocker"
GLIPIZIDE,"['Glibenese' 'Glipizide' 'Glipizide component of metaglip' 'Glucotrol'
 'Glucotrol xl' 'Minodiab 2.5' 'Minodiab 5']",Small molecule,"diabetes mellitus, type 2 diabetes mellitus","Sulfonylurea receptor 1, Kir6.2","ABCC8, KCNJ11","Ion channel, Transporter","Sulfonylurea receptor 1, Kir6.2 blocker"
GLOFITAMAB,['Columvi'],Antibody,diffuse large B-cell lymphoma,"B-lymphocyte antigen CD20, T cell surface glycoprotein CD3","CD3D, CD3E, CD3G, MS4A1","Ion channel, Membrane receptor, Unclassified protein","B-lymphocyte antigen CD20 binding agent, T cell surface glycoprotein CD3 binding agent"
GLUCAGON,['Baqsimi' 'Glucagon' 'Gvoke hypopen' 'Gvoke kit' 'Ogluo'],Protein,"Hypoglycemia, diabetes mellitus",Glucagon receptor,GCGR,Membrane receptor,Glucagon receptor agonist
GLYBURIDE,"['Amglidia' 'Calabren' 'Daonil' 'Diabeta' 'Diabetamide 2.5'
 'Diabetamide 5' 'Euglucon' 'Gliken' 'Glyburide' 'Glyburide (micronized)'
 'Glyburide component of glucovance' 'Glynase' 'Lederglib' 'Libanil'
 'Malix' 'Micronase' 'Semi-daonil']",Small molecule,"diabetes mellitus, type 2 diabetes mellitus","Sulfonylurea receptor 1, Kir6.2","ABCC8, KCNJ11","Ion channel, Transporter","Sulfonylurea receptor 1, Kir6.2 blocker"
GLYCOPYRRONIUM BROMIDE,"['Cuvposa' 'Dartisla odt' 'Enurev breezhaler' 'Glycopyrrolate'
 'Glycopyrrolate component of prevduo'
 'Glycopyrrolate component of utibron'
 'Glycopyrronium bromide component of bevespi aerosphere  glycopyrrolate'
 'Glycopyrronium bromide component of breztri  glycopyrrolate'
 'Glycopyrronium bromide component of prevduo  glycopyrrolate'
 'Glycopyrronium bromide component of qva-149'
 'Glycopyrronium bromide component of qva149'
 'Glycopyrronium bromide component of trimbow'
 'Glycopyrronium bromide component of ultibro' 'Glyrx-pf'
 'Lonhala magnair kit' 'Robinul' 'Robinul forte' 'Robinul fte' 'Seebri'
 'Seebri breezhaler' 'Sialanar' 'Tovanor breezhaler']",Small molecule,"Airway obstruction, Drooling, chronic bronchitis, chronic obstructive pulmonary disease, gastrointestinal disease","Muscarinic acetylcholine receptor M1, Muscarinic acetylcholine receptor M3","CHRM1, CHRM3",Membrane receptor,"Muscarinic acetylcholine receptor M1 antagonist, Muscarinic acetylcholine receptor M3 antagonist"
GLYCOPYRRONIUM TOSYLATE,['Qbrexza'],Small molecule,"Hyperhidrosis, cardiac arrhythmia, cerebral palsy, chronic obstructive pulmonary disease, peptic ulcer disease",Muscarinic acetylcholine receptor,"CHRM1, CHRM2, CHRM3, CHRM4, CHRM5",Membrane receptor,Muscarinic acetylcholine receptor inhibitor
GOLIMUMAB,['Simponi'],Antibody,"ankylosing spondylitis, immune system disease, psoriatic arthritis, rheumatoid arthritis, spondylitis, ulcerative colitis",Tumor necrosis factor,TNF,Secreted protein,TNF-alpha inhibitor
GOLODIRSEN,['Vyondys 53'],Oligonucleotide,"Duchenne muscular dystrophy, muscular dystrophy",Dystrophin pre-mRNA,DMD,Unclassified protein,Dystrophin pre-mRNA positive modulator
GOSERELIN,[],Protein,neoplasm,Gonadotropin-releasing hormone receptor,GNRHR,Membrane receptor,Gonadotropin-releasing hormone receptor agonist
GOSERELIN ACETATE,['Novgos' 'Zoladex' 'Zoladex la'],Protein,"breast cancer, breast carcinoma, carcinoma",Gonadotropin-releasing hormone receptor,GNRHR,Membrane receptor,Gonadotropin-releasing hormone receptor agonist
GRANISETRON,['Sancuso' 'Sustol'],Small molecule,"Chemotherapy-induced nausea and vomiting, Nausea, Nausea and vomiting, Vomiting, cancer, post operative nausea and vomiting",5-hydroxytryptamine receptor 3A,HTR3A,"Ion channel, Membrane receptor",Serotonin 3a (5-HT3a) receptor antagonist
GRANISETRON HYDROCHLORIDE,"['Granisetron hydrochloride' 'Granisetron hydrochloride preservative free'
 'Granisol' 'Granisteron hydrochloride' 'Kytril']",Small molecule,"Chemotherapy-induced nausea and vomiting, Nausea, Nausea and vomiting, cancer",5-hydroxytryptamine receptor 3A,HTR3A,"Ion channel, Membrane receptor",Serotonin 3a (5-HT3a) receptor antagonist
GUANETHIDINE,[],Small molecule,"glaucoma, hypertension",Sodium-dependent noradrenaline transporter,SLC6A2,Transporter,Norepinephrine transporter substrate
GUANFACINE,['Intuniv'],Small molecule,hypertension,Adrenergic receptor alpha-2,"ADRA2A, ADRA2B, ADRA2C",Membrane receptor,Adrenergic receptor alpha-2 agonist
GUANFACINE HYDROCHLORIDE,['Akfen' 'Estulic' 'Guanfacine hydrochloride' 'Intuniv' 'Tenex'],Small molecule,"attention deficit hyperactivity disorder, hypertension",Adrenergic receptor alpha-2,"ADRA2A, ADRA2B, ADRA2C",Membrane receptor,Adrenergic receptor alpha-2 agonist
GUANIDINE HYDROCHLORIDE,['Guanidine hydrochloride'],Small molecule,"Muscle weakness, Myasthenia gravis, small cell carcinoma",Voltage-gated potassium channel,"KCNA1, KCNA10, KCNA2, KCNA3, KCNA4, KCNA5, KCNA6, KCNA7, KCNB1, KCNB2, KCNC1, KCNC2, KCNC3, KCNC4, KCND1, KCND2, KCND3, KCNF1, KCNG1, KCNG2, KCNG3, KCNG4, KCNH1, KCNH2, KCNH3, KCNH4, KCNH5, KCNH6, KCNH7, KCNH8, KCNQ1, KCNQ2, KCNQ3, KCNQ4, KCNQ5, KCNS1, KCNS2, KCNS3, KCNV1, KCNV2","Ion channel, Transporter",Voltage-gated potassium channel blocker
GUSELKUMAB,['Tremfya'],Antibody,"immune system disease, psoriasis, psoriasis vulgaris, psoriatic arthritis",Interleukin-23,IL23A,Secreted protein,Interleukin-23 inhibitor
HALAZEPAM,['Paxipam'],Small molecule,Anxiety,GABA-A receptor; anion channel,"GABRA1, GABRA2, GABRA3, GABRA5, GABRG1, GABRG2, GABRG3",Ion channel,GABA-A receptor; anion channel positive allosteric modulator
HALCINONIDE,['Halog' 'Halog-e'],Small molecule,skin disease,Glucocorticoid receptor,NR3C1,Transcription factor,Glucocorticoid receptor agonist
HALOBETASOL PROPIONATE,"['Bryhali' 'Halobetasol propionate'
 'Halobetasol propionate component of duobrii'
 'Halobetasol propionate component of idp-118' 'Lexette' 'Ultravate']",Small molecule,"psoriasis, psoriasis vulgaris, skin disease",Glucocorticoid receptor,NR3C1,Transcription factor,Glucocorticoid receptor agonist
HALOPERIDOL,"['Dolpin' 'Dozic' 'Fortunan' 'Haldol' 'Haldol solutab' 'Haloperidol'
 'Haloperidol component of vesalium' 'Kentace' 'Keselen' 'Serenace']",Small molecule,"Tics, Tourette syndrome, conduct disorder, mental or behavioural disorder, psychosis, schizoaffective disorder, schizophrenia","5-hydroxytryptamine receptor 2A, D2-like dopamine receptor","DRD2, DRD3, DRD4, HTR2A",Membrane receptor,"D2-like dopamine receptor inverse agonist, Serotonin 2a (5-HT2a) receptor antagonist"
HALOPERIDOL DECANOATE,['Haldol' 'Haldol dec' 'Haloperidol decanoate'],Small molecule,schizophrenia,"5-hydroxytryptamine receptor 2A, D2-like dopamine receptor","DRD2, DRD3, DRD4, HTR2A",Membrane receptor,"D2-like dopamine receptor inverse agonist, Serotonin 2a (5-HT2a) receptor antagonist"
HALOPERIDOL LACTATE,['Haldol' 'Haloperidol intensol' 'Haloperidol lactate'],Small molecule,schizophrenia,"5-hydroxytryptamine receptor 2A, D2-like dopamine receptor","DRD2, DRD3, DRD4, HTR2A",Membrane receptor,"D2-like dopamine receptor inverse agonist, Serotonin 2a (5-HT2a) receptor antagonist"
HEPARIN SODIUM,"['Heparin lock flush' 'Heparin sodium'
 'Heparin sodium component of defencath'
 'Heparin sodium component of embolex' 'Heparin sodium preservative free'
 'Lipo-hepin' 'Liquaemin lock flush' 'Liquaemin sodium'
 'Liquaemin sodium preservative free' 'Multiparin' 'Panheprin' 'Pump-hep'
 'Sodium heparin' 'Thrombophob' 'Unihep' 'Uniparin' 'Uniparin fte']",Oligosaccharide,"Thromboembolism, Venous thrombosis, atrial fibrillation, deep vein thrombosis, pulmonary embolism",Antithrombin-III,SERPINC1,Secreted protein,Antithrombin-III activator
HEXOCYCLIUM,[],Small molecule,gastrointestinal disease,"Muscarinic acetylcholine receptor M1, Muscarinic acetylcholine receptor M3","CHRM1, CHRM3",Membrane receptor,"Muscarinic acetylcholine receptor M1 antagonist, Muscarinic acetylcholine receptor M3 antagonist"
HISTRELIN,[],Protein,neoplasm,Gonadotropin-releasing hormone receptor,GNRHR,Membrane receptor,Gonadotropin-releasing hormone receptor agonist
HISTRELIN ACETATE,['Supprelin' 'Supprelin la' 'Vantas'],Protein,prostate cancer,Gonadotropin-releasing hormone receptor,GNRHR,Membrane receptor,Gonadotropin-releasing hormone receptor agonist
HUMAN C1-ESTERASE INHIBITOR,['Cetor' 'Cinryze'],Protein,hereditary angioedema,"Coagulation factor XI, Coagulation factor XII, Complement C1s subcomponent, Plasma kallikrein","C1S, F11, F12, KLKB1",Enzyme,"Coagulation factor XI inhibitor, Coagulation factor XII inhibitor, Complement C1s inhibitor, Plasma kallikrein inhibitor"
HYDROCHLOROTHIAZIDE,"['Apo-hydro' 'Esidrex' 'Esidrix' 'Hydro-d' 'Hydrochlorothiazide'
 'Hydrochlorothiazide component of accuretic'
 'Hydrochlorothiazide component of aldactazide'
 'Hydrochlorothiazide component of aldoril'
 'Hydrochlorothiazide component of amturnide'
 'Hydrochlorothiazide component of apresazide'
 'Hydrochlorothiazide component of apresoline-esidrix'
 'Hydrochlorothiazide component of avalide'
 'Hydrochlorothiazide component of benicar hct'
 'Hydrochlorothiazide component of cam-ap-es'
 'Hydrochlorothiazide component of diovan hct'
 'Hydrochlorothiazide component of dutoprol'
 'Hydrochlorothiazide component of dyazide'
 'Hydrochlorothiazide component of esimil'
 'Hydrochlorothiazide component of exforge hct'
 'Hydrochlorothiazide component of h.r.-50'
 'Hydrochlorothiazide component of hydra-zide'
 'Hydrochlorothiazide component of hydralazine hydrochloride--reserpine'
 'Hydrochlorothiazide component of hydrap-es'
 'Hydrochlorothiazide component of hydro-reserp'
 'Hydrochlorothiazide component of hydro-ride'
 'Hydrochlorothiazide component of hydropres'
 'Hydrochlorothiazide component of hydroserpine plus (r-h-h)'
 'Hydrochlorothiazide component of hyzaar'
 'Hydrochlorothiazide component of ibersartan/ zentiva'
 'Hydrochlorothiazide component of ifirmacombi'
 'Hydrochlorothiazide component of irbesartan/ teva'
 'Hydrochlorothiazide component of irbesartan/-bms'
 'Hydrochlorothiazide component of kervezide'
 'Hydrochlorothiazide component of kinzalkomb'
 'Hydrochlorothiazide component of lopressor hct'
 'Hydrochlorothiazide component of lotensin hct'
 'Hydrochlorothiazide component of maxzide'
 'Hydrochlorothiazide component of micardis hct'
 'Hydrochlorothiazide component of micardisplus'
 'Hydrochlorothiazide component of moduretic'
 'Hydrochlorothiazide component of monopril hct'
 'Hydrochlorothiazide component of normozide'
 'Hydrochlorothiazide component of oreticyl forte'
 'Hydrochlorothiazide component of polycap'
 'Hydrochlorothiazide component of prinzide'
 'Hydrochlorothiazide component of pritorplus'
 'Hydrochlorothiazide component of quinaretic'
 'Hydrochlorothiazide component of rasitrio'
 'Hydrochlorothiazide component of riprazo'
 'Hydrochlorothiazide component of ser-a-gen'
 'Hydrochlorothiazide component of ser-ap-es'
 'Hydrochlorothiazide component of serpasil-esidrix'
 'Hydrochlorothiazide component of sprimeo-hct'
 'Hydrochlorothiazide component of tekturna hct'
 'Hydrochlorothiazide component of teveten hct'
 'Hydrochlorothiazide component of tolucombi'
 'Hydrochlorothiazide component of tribenzor'
 'Hydrochlorothiazide component of unipres'
 'Hydrochlorothiazide component of uniretic'
 'Hydrochlorothiazide component of vaseretic'
 'Hydrochlorothiazide component of viskazide'
 'Hydrochlorothiazide component of zestoretic'
 'Hydrochlorothiazide component of ziac' 'Hydrochlorothiazide intensol'
 'Hydrodiuril' 'Hydrosaluric' 'Microzide' 'Oretic' 'Ziac' 'Zide']",Small molecule,"angina pectoris, cardiovascular disease, chronic kidney disease, cirrhosis of liver, congestive heart failure, edema, glomerulonephritis, heart failure, hypertension, myocardial infarction, nephrotic syndrome, preeclampsia",Solute carrier family 12 member 3,SLC12A3,Transporter,Thiazide-sensitive sodium-chloride cotransporter inhibitor
HYDROCODONE,[],Small molecule,Cough,Opioid receptors; mu/kappa/delta,"OPRD1, OPRK1, OPRM1",Membrane receptor,Opioid receptors; mu/kappa/delta agonist
HYDROCODONE BITARTRATE,"['Dicodid' 'Hycofenix componenet of hydrocodone bitartrate'
 'Hydrocodone bitartrate component of allay'
 'Hydrocodone bitartrate component of anexsia'
 'Hydrocodone bitartrate component of azdone'
 'Hydrocodone bitartrate component of bancap hc'
 'Hydrocodone bitartrate component of co-gesic'
 'Hydrocodone bitartrate component of codamine'
 'Hydrocodone bitartrate component of duradyne dhc'
 'Hydrocodone bitartrate component of flowtuss'
 'Hydrocodone bitartrate component of hy-phen'
 'Hydrocodone bitartrate component of hycodan'
 'Hydrocodone bitartrate component of hycofenix'
 'Hydrocodone bitartrate component of hycomine'
 'Hydrocodone bitartrate component of hydropane'
 'Hydrocodone bitartrate component of lorcet-hd'
 'Hydrocodone bitartrate component of lortab'
 'Hydrocodone bitartrate component of norcet'
 'Hydrocodone bitartrate component of norco'
 'Hydrocodone bitartrate component of obredon'
 'Hydrocodone bitartrate component of reprexain'
 'Hydrocodone bitartrate component of rezira'
 'Hydrocodone bitartrate component of tussigon'
 'Hydrocodone bitartrate component of tycolet'
 'Hydrocodone bitartrate component of vicodin'
 'Hydrocodone bitartrate component of vicoprin'
 'Hydrocodone bitartrate component of vicoprofen'
 'Hydrocodone bitartrate component of vituz'
 'Hydrocodone bitartrate component of xtrelus'
 'Hydrocodone bitartrate component of zutripro'
 'Hydrocodone bitartrate component of zydone' 'Hysingla' 'Hysingla er'
 'Mercodinone' 'Vantrela er' 'Zohydro er']",Small molecule,"Pain, drug dependence",Opioid receptors; mu/kappa/delta,"OPRD1, OPRK1, OPRM1",Membrane receptor,Opioid receptors; mu/kappa/delta agonist
HYDROCORTISONE,"['Acetasol hc' 'Acticort' 'Aeroseb-hc' 'Ala-cort' 'Ala-scalp' 'Alkindi'
 'Alkindi sprinkle' 'Alphaderm' 'Anflam' 'Anucort-hc' 'Anugesic hc'
 'Anusol hc' 'Anusol plus hc' 'Anusol soothing relief' 'Anusol-hc'
 'Balneol-hc' 'Beta-hc' 'Calmurid hc' 'Canesten hc' 'Cetacort' 'Cipro hc'
 'Cobadex' 'Colocort' 'Corlan' 'Cort-dome' 'Cortef' 'Cortenem' 'Cortenema'
 'Cortril' 'Daktacort' 'Daktacort hydrocort' 'Derma care hydrocort'
 'Dermacort' 'Dermaspray demang' 'Dioderm' 'Dome-cort' 'Econacort'
 'Efcortelan p' 'Efmody' 'Eldecort' 'Epicort' 'Eurax-hc' 'Eurax-hydrocort'
 'Evacort' 'Exe-cort' 'Flexicort' 'Germoloids hc' 'Glycort' 'Gregoderm'
 'H-cort' 'Hc #1' 'Hc #4' 'Hc (hydrocortisone)' 'Hi-cor' 'Hydro-rx'
 'Hydrocort in calamine oily' 'Hydrocort in cetomacrogol for a'
 'Hydrocort in wte soft paraf' 'Hydrocortisone'
 'Hydrocortisone component of acetasol hc'
 'Hydrocortisone component of achromycin'
 'Hydrocortisone component of alphaderm'
 'Hydrocortisone component of calmurid hc'
 'Hydrocortisone component of cortisporin'
 'Hydrocortisone component of orlex hc'
 'Hydrocortisone component of oticair'
 'Hydrocortisone component of otobione'
 'Hydrocortisone component of otobiotic'
 'Hydrocortisone component of otocort'
 'Hydrocortisone component of pediotic'
 'Hydrocortisone component of pyocidin'
 'Hydrocortisone component of vosol hc'
 'Hydrocortisone component of xerese' 'Hydrocortisone in absorbase'
 'Hydrocortone' 'Hydroderm' 'Hydroderm hc' 'Hytone' 'Jungle for'
 'Medicort' 'Mildison lipocream' 'Nogenic hc' 'Nutracort' 'Nybadex'
 'Nystaform-hc' 'Otoseptil' 'Otosporin' 'Penecort' 'Perinal' 'Plenadren'
 'Proctocort' 'Proctocream hc' 'Proctofoam hc' 'Proctosedyl' 'Quinocort'
 'Sential hc' 'Stie-cort' 'Synacort' 'Terra-cortril nystatin' 'Texacort'
 'Timocort' 'Timodine' 'Topisone' 'Tri-cicatrin' 'Uniroid' 'Uniroid hc'
 'Xyloproct' 'Zenoxone']",Small molecule,"Crohn's disease, Nasal congestion, Pruritus, adrenal gland disease, adrenocortical insufficiency, allergic conjunctivitis, asthma, atopic eczema, bursitis, cancer, congenital adrenal hyperplasia, dermatitis, endocrine system disease, exanthem, eye inflammation, hemorrhoid, herpes labialis, inflammation, juvenile idiopathic arthritis, leukemia, lymphoma, osteoarthritis, otitis externa, pneumonia, psoriasis, psoriatic arthritis, rheumatoid arthritis, seborrheic dermatitis, skin disease, spondylitis, tenosynovitis, type III hypersensitivity reaction disease, ulcerative colitis",Glucocorticoid receptor,NR3C1,Transcription factor,Glucocorticoid receptor agonist
HYDROCORTISONE ACETATE,"['Barquinol hc' 'Chloromycetin hydrocort' 'Colifoam' 'Cortef acetate'
 'Cortifoam' 'Cortril' 'Cortucid' 'Dricort' 'Epifoam' 'Framycort'
 'Fucidin h' 'Genticin hc' 'Gentisone hc' 'Gppe ear susp' 'Gppe eye crm'
 'Gppe foam aero' 'Hc45 hydrocort' 'Hemsol-hc' 'Hepacort plus' 'Hydrocal'
 'Hydrocortisone acetate' 'Hydrocortisone acetate component of carmol hc'
 'Hydrocortisone acetate component of chloromycetin hydrocortisone'
 'Hydrocortisone acetate component of coly-mycin s'
 'Hydrocortisone acetate component of cor-oticin'
 'Hydrocortisone acetate component of cortisporin'
 'Hydrocortisone acetate component of epifoam'
 'Hydrocortisone acetate component of neo-cortef'
 'Hydrocortisone acetate component of ophthocort'
 'Hydrocortisone acetate component of pramosone'
 'Hydrocortisone acetate component of proctofoam hc'
 'Hydrocortisone acetate component of terra-cortril'
 'Hydrocortisone acetate component of u-cort' 'Hydrocortone' 'Lanacort'
 'Micort-hc' 'Neo-cortef' 'Orabase hca']",Small molecule,"Pruritus, inflammation, skin disease",Glucocorticoid receptor,NR3C1,Transcription factor,Glucocorticoid receptor agonist
HYDROCORTISONE BUTYRATE,"['Hydrocortisone butyrate' 'Locoid' 'Locoid c' 'Locoid crelo'
 'Locoid lipocream']",Small molecule,"atopic eczema, seborrheic dermatitis, skin disease",Glucocorticoid receptor,NR3C1,Transcription factor,Glucocorticoid receptor agonist
HYDROCORTISONE PROBUTATE,['Pandel'],Small molecule,skin disease,Glucocorticoid receptor,NR3C1,Transcription factor,Glucocorticoid receptor agonist
HYDROCORTISONE SODIUM SUCCINATE,['A-hydrocort' 'Hcss' 'Hydrocortisone sodium succinate' 'Solu-cortef'],Small molecule,asthma,Glucocorticoid receptor,NR3C1,Transcription factor,Glucocorticoid receptor agonist
HYDROFLUMETHIAZIDE,"['Diucardin' 'Hydrenox' 'Hydroflumethiazide'
 'Hydroflumethiazide component of salutensin' 'Saluron']",Small molecule,cardiovascular disease,Solute carrier family 12 member 3,SLC12A3,Transporter,Thiazide-sensitive sodium-chloride cotransporter inhibitor
HYDROMORPHONE,[],Small molecule,Pain,Mu-type opioid receptor,OPRM1,Membrane receptor,Mu opioid receptor agonist
HYDROMORPHONE HYDROCHLORIDE,"['Dilaudid' 'Dilaudid-hp' 'Exalgo' 'Hydromorphone hydrochloride'
 'Palladone' 'Palladone-sr']",Small molecule,"Pain, drug dependence",Mu-type opioid receptor,OPRM1,Membrane receptor,Mu opioid receptor agonist
HYDROXYCHLOROQUINE,[],Small molecule,malaria,"Toll-like receptor 7, Toll-like receptor 9","TLR7, TLR9",Membrane receptor,"Toll-like receptor 7 antagonist, Toll-like receptor 9 antagonist"
HYDROXYCHLOROQUINE SULFATE,"['Hydroxychloroquine sulfate' 'Plaquenil' 'Plaquenil sulfate' 'Quinoric'
 'Sovuna']",Small molecule,"malaria, rheumatoid arthritis","Toll-like receptor 7, Toll-like receptor 9","TLR7, TLR9",Membrane receptor,"Toll-like receptor 7 antagonist, Toll-like receptor 9 antagonist"
HYDROXYPROGESTERONE CAPROATE,"['Delalutin' 'Hydroxyprogesterone caproate' 'Makena'
 'Makena (autoinjector)' 'Makena preservative free' 'Proluton depot']",Small molecule,premature birth,Progesterone receptor,PGR,"Transcription factor, Unclassified protein",Progesterone receptor agonist
HYDROXYUREA,['Droxia' 'Hydrea' 'Hydroxyurea' 'Siklos' 'Xromi'],Small molecule,"chronic myelogenous leukemia, melanoma, neoplasm, sickle cell disease, squamous cell carcinoma",Ribonucleoside-diphosphate reductase RR1,RRM2,Enzyme,Ribonucleoside-diphosphate reductase RR1 inhibitor
HYDROXYZINE,[],Small molecule,Anxiety,Histamine H1 receptor,HRH1,Membrane receptor,Histamine H1 receptor antagonist
HYDROXYZINE PAMOATE,"['""hy-pam """"25""""""' 'Hy-pam' 'Hy-pam ""25""' 'Hydroxyzine pamoate' 'Vistaril']",Small molecule,"Pruritus, anxiety disorder, neurotic disorder, skin disease, urticaria",Histamine H1 receptor,HRH1,Membrane receptor,Histamine H1 receptor antagonist
IBALIZUMAB,['Trogarzo'],Antibody,"HIV infection, HIV-1 infection, viral disease",T-cell surface glycoprotein CD4,CD4,Surface antigen,T-cell surface antigen CD4 inhibitor
IBANDRONATE SODIUM,"['Bondenza (previously ibandronic acid roche)' 'Bondronat' 'Boniva'
 'Bonviva' 'Destara' 'Iasibon' 'Ibandronate sodium'
 'Ibandronate sodium component of dp-r206  ibandronate'
 'Ibandronic acid accord' 'Ibandronic acid sandoz' 'Ibandronic acid teva']",Small molecule,"osteoporosis, postmenopausal osteoporosis",Farnesyl pyrophosphate synthase,FDPS,Enzyme,Farnesyl diphosphate synthase inhibitor
IBRUTINIB,['Imbruvica'],Small molecule,"Mantle cell lymphoma, Waldenstrom macroglobulinemia, chronic lymphocytic leukemia, macroglobulinemia, neoplasm",Tyrosine-protein kinase BTK,BTK,"Enzyme, Unclassified protein",Tyrosine-protein kinase BTK inhibitor
IBUDILAST,[],Small molecule,Airway obstruction,"Phosphodiesterase 4, cAMP and cAMP-inhibited cGMP 3',5'-cyclic phosphodiesterase 10A, cGMP-inhibited 3',5'-cyclic phosphodiesterase 3A, cGMP-specific 3',5'-cyclic phosphodiesterase","PDE10A, PDE3A, PDE4A, PDE4B, PDE4C, PDE4D, PDE5A",Enzyme,"Phosphodiesterase 10A inhibitor, Phosphodiesterase 3A inhibitor, Phosphodiesterase 4 inhibitor, Phosphodiesterase 5A inhibitor"
IBUPROFEN,"['Aches-n-pain' 'Advil' 'Advil liqui-gels' 'Advil migraine liqui-gels'
 'Anadin joint pain' 'Anadin liquifast' 'Anadin period pain relief'
 'Anadin ultra' 'Apsifen' 'Apsifen-f' 'Arthrofen 200' 'Arthrofen 400'
 'Arthrofen 600' 'Brufen ret' 'Caldolor' 'Cap-profen' ""Children's advil""
 ""Children's advil-flavored"" ""Children's elixsure"" ""Children's ibuprofen""
 ""Children's motrin"" 'Co-op' 'Codafen continus' 'Cuprofen for child'
 'Cuprofen plus' 'Deep relief' 'Ebufac' 'Femafen' 'Fenbid' 'Fenbid fte'
 'Fenpaed' 'Feverfen' 'Fleximex' 'Ibu' 'Ibu-slo' 'Ibu-tab' 'Ibu-tab 200'
 'Ibucalm' 'Ibuderm' 'Ibufac' 'Ibugel' 'Ibugel fte' 'Ibular' 'Ibuleve'
 'Ibumed' 'Ibumetin' 'Ibumousse' 'Ibuprin' 'Ibuprofen'
 'Ibuprofen component of advil allergy sinus'
 'Ibuprofen component of advil congestion relief'
 ""Ibuprofen component of children's advil cold""
 ""Ibuprofen component of children's motrin cold""
 'Ibuprofen component of combogesic' 'Ibuprofen component of combunox'
 'Ibuprofen component of duexis' 'Ibuprofen component of reprexain'
 'Ibuprofen component of sine-aid ib' 'Ibuprofen component of vicoprofen'
 'Ibuprofen gen.orph' 'Ibuprohm' 'Ibuspray' 'Ibutime' 'Inabrin'
 ""Infant's advil"" 'Inoven' 'Isisfen' 'Junifen' 'Junior strength advil'
 'Junior strength ibuprofen' 'Junior strength motrin' 'Lidifen'
 'Lidifen-f' 'Lobufen' 'Mandafen' 'Manorfen' 'Maxa-gesic' 'Medipren'
 'Midol' 'Midol liquid gels' 'Migrafen' 'Motrin' 'Motrin ib'
 'Motrin migraine pain' 'Novaprin' 'Nuprin' 'Nurofen 400'
 'Nurofen back pain sr' 'Nurofen child' 'Nurofen for child' 'Nurofen plus'
 'Nurofen recovery' 'Nurofen sinus' 'Nurofen solb' 'Orbifen' 'Pacifene'
 'Paxofen' 'Pedea' 'Pediatric advil' 'Phensic' 'Phor pain' 'Phorpain'
 'Phorpain max strgh' 'Profen' 'Proflex' 'Proflex sr' 'Relcofen' 'Rimafen'
 'Rufen' 'Seclodin' 'Suspren' 'Tab-profen']",Small molecule,"Arthralgia, Back pain, Dysmenorrhea, Fever, Headache, Myalgia, Pain, Patent ductus arteriosus, arthritis, cardiovascular disease, common cold, influenza, juvenile idiopathic arthritis, migraine disorder, muscle cramp, osteoarthritis, pharyngitis, rheumatic disease, rheumatoid arthritis, toothache, vaginal inflammation",Cyclooxygenase,"PTGS1, PTGS2",Enzyme,Cyclooxygenase inhibitor
IBUPROFEN LYSINE,"['Feminax express' 'Ibuprofen lysine' 'Neoprofen' 'Nurofen advance'
 'Nurofen max strgth mig pain' 'Nurofen migraine pain'
 'Nurofen tension headache']",Small molecule,Patent ductus arteriosus,Cyclooxygenase,"PTGS1, PTGS2",Enzyme,Cyclooxygenase inhibitor
IBUTILIDE,[],Small molecule,cardiac arrhythmia,Voltage-gated inwardly rectifying potassium channel KCNH2,KCNH2,Ion channel,HERG blocker
ICATIBANT ACETATE,['Firazyr' 'Icatibant accord'],Protein,"angioedema, hereditary angioedema",B2 bradykinin receptor,BDKRB2,Membrane receptor,Bradykinin B2 receptor antagonist
IDARUBICIN,[],Small molecule,neoplasm,DNA topoisomerase 2-alpha,TOP2A,Enzyme,DNA topoisomerase II alpha inhibitor
IDARUBICIN HYDROCHLORIDE,"['Idamycin' 'Idamycin pfs' 'Idarubicin hydrochloride'
 'Idarubicin hydrochloride pfs' 'Zavedos']",Small molecule,acute myeloid leukemia,DNA topoisomerase 2-alpha,TOP2A,Enzyme,DNA topoisomerase II alpha inhibitor
IDECABTAGENE VICLEUCEL,['Abecma'],Gene,"Abnormality of blood and blood-forming tissues, X-linked lymphoproliferative disease, blood disease, cardiovascular disease, hemorrhagic disease, immune system disease, immunoproliferative disorder, infectious mononucleosis, monoclonal gammopathy, multiple myeloma, neoplasm, plasma cell neoplasm, vascular disease, vascular hemostatic disease",Tumor necrosis factor receptor superfamily member 17,TNFRSF17,Membrane receptor,Tumor necrosis factor receptor superfamily member 17 binding agent
IDELALISIB,['Zydelig'],Small molecule,"chronic lymphocytic leukemia, neoplasm, neoplasm of mature B-cells, non-Hodgkins lymphoma","Phosphatidylinositol 4,5-bisphosphate 3-kinase catalytic subunit delta isoform",PIK3CD,Enzyme,PI3-kinase p110-delta subunit inhibitor
IGOVOMAB,['Indimacis 125' 'Indimacis-125'],Antibody,"ovarian neoplasm, radiologic finding",Mucin-16,MUC16,Unclassified protein,Mucin-16 binding agent
ILOPERIDONE,['Fanapt' 'Iloperidone'],Small molecule,"psychosis, schizophrenia","5-hydroxytryptamine receptor 2A, D(2) dopamine receptor","DRD2, HTR2A",Membrane receptor,"Dopamine D2 receptor antagonist, Serotonin 2a (5-HT2a) receptor antagonist"
ILOPROST,['Aurlumyn' 'Ventavis'],Small molecule,"Recurrent thrombophlebitis, pulmonary arterial hypertension, pulmonary hypertension",Prostacyclin receptor,PTGIR,Membrane receptor,Prostanoid IP receptor agonist
IMATINIB MESYLATE,"['Gleevec' 'Glivec' 'Imatinib accord' 'Imatinib actavis' 'Imatinib koanaa'
 'Imatinib medac' 'Imatinib mesylate' 'Imatinib teva' 'Imatinib teva b.v.']",Small molecule,"chronic myelogenous leukemia, gastrointestinal stromal tumor","Bcr/Abl fusion protein, Mast/stem cell growth factor receptor Kit, Platelet-derived growth factor receptor beta, Tyrosine-protein kinase ABL1","ABL1, BCR, KIT, PDGFRB","Enzyme, Other cytosolic protein, Unclassified protein","Bcr/Abl fusion protein inhibitor, Platelet-derived growth factor receptor beta inhibitor, Stem cell growth factor receptor inhibitor, Tyrosine-protein kinase ABL inhibitor"
IMIDAPRIL,['Tanatril'],Small molecule,cardiovascular disease,Angiotensin-converting enzyme,ACE,Enzyme,Angiotensin-converting enzyme inhibitor
IMIPRAMINE,[],Small molecule,"depressive disorder, major depressive disorder","Sodium-dependent noradrenaline transporter, Sodium-dependent serotonin transporter","SLC6A2, SLC6A4",Transporter,"Norepinephrine transporter inhibitor, Serotonin transporter inhibitor"
IMIPRAMINE HYDROCHLORIDE,"['Imipramine hydrochloride' 'Janimine' 'Pramine' 'Praminil' 'Presamine'
 'Sarimp' 'Tofranil']",Small molecule,enuresis,"Sodium-dependent noradrenaline transporter, Sodium-dependent serotonin transporter","SLC6A2, SLC6A4",Transporter,"Norepinephrine transporter inhibitor, Serotonin transporter inhibitor"
IMIQUIMOD,['Aldara' 'Imiquimod' 'Zartra' 'Zyclara'],Small molecule,"actinic keratosis, anogenital venereal wart, basal cell carcinoma, keratosis, viral disease",Toll-like receptor 7,TLR7,Membrane receptor,Toll-like receptor 7 agonist
INAMRINONE,[],Small molecule,cardiovascular disease,"cGMP-inhibited 3',5'-cyclic phosphodiesterase 3A",PDE3A,Enzyme,Phosphodiesterase 3A inhibitor
INCLISIRAN SODIUM,['Leqvio'],Oligonucleotide,"atherosclerosis, familial hypercholesterolemia",PCSK9 mRNA,PCSK9,Enzyme,PCSK9 mRNA rnai inhibitor
INDACATEROL,[],Small molecule,Airway obstruction,Beta-2 adrenergic receptor,ADRB2,Membrane receptor,Beta-2 adrenergic receptor agonist
INDACATEROL MALEATE,"['Arcapta neohaler' 'Hirobriz breezhaler'
 'Indacaterol maleate component of qva-149'
 'Indacaterol maleate component of qva149'
 'Indacaterol maleate component of ultibro'
 'Indacaterol maleate component of utibron' 'Onbrez breezhaler'
 'Oslif breezhaler']",Small molecule,"chronic bronchitis, chronic obstructive pulmonary disease, emphysema",Beta-2 adrenergic receptor,ADRB2,Membrane receptor,Beta-2 adrenergic receptor agonist
INDAPAMIDE,"['Cardide sr' 'Ethibide xl' 'Indapamide' 'Indapamide component of br-1015'
 'Indaxa 2.5' 'Indipam xl' 'Lozol' 'Mapemid xl' 'Natrilix' 'Natrilix sr'
 'Nindaxa 2.5' 'Opumide 2.5' 'Rawel xl' 'Tensaid xl' 'Varbim xl']",Small molecule,"cardiovascular disease, congestive heart failure, hypertension, preeclampsia",Solute carrier family 12 member 3,SLC12A3,Transporter,Thiazide-sensitive sodium-chloride cotransporter inhibitor
INDOMETHACIN,"['Artracin' 'Artracin sr' 'Berlind 75 ret' 'Flexin-25 continus'
 'Flexin-50 continus' 'Flexin-75 continus' 'Imbrilon' 'Indo-lemmon'
 'Indo-paed' 'Indocid ret' 'Indocid-r' 'Indocin' 'Indocin sr' 'Indoderm'
 'Indoflex' 'Indolar' 'Indolar sr' 'Indomax-25' 'Indomax-75 sr'
 'Indomethacin' 'Indomod' 'Indoptol' 'Indotard mr 75' 'Ledmecin'
 'Maximet sr' 'Mobilan' 'Pardelprin mr' 'Rheumacin la' 'Rimacid'
 'Slo-indo' 'Tivorbex']",Small molecule,"Arthralgia, Myalgia, Pain, Patent ductus arteriosus, ankylosing spondylitis, cardiovascular disease, eye inflammation, gout, osteoarthritis, rheumatic disease, rheumatoid arthritis, spondylitis",Cyclooxygenase,"PTGS1, PTGS2",Enzyme,Cyclooxygenase inhibitor
INDOPROFEN,[],Small molecule,rheumatic disease,Cyclooxygenase,"PTGS1, PTGS2",Enzyme,Cyclooxygenase inhibitor
INEBILIZUMAB,['Uplizna'],Antibody,neuromyelitis optica,B-lymphocyte antigen CD19,CD19,Surface antigen,B-lymphocyte antigen CD19 binding agent
INFIGRATINIB,[],Small molecule,neoplasm,Fibroblast growth factor receptor,"FGFR1, FGFR2, FGFR3, FGFR4","Enzyme, Secreted protein, Unclassified protein",Fibroblast growth factor receptor inhibitor
INFIGRATINIB PHOSPHATE,['Truseltiq'],Small molecule,cholangiocarcinoma,Fibroblast growth factor receptor,"FGFR1, FGFR2, FGFR3, FGFR4","Enzyme, Secreted protein, Unclassified protein",Fibroblast growth factor receptor inhibitor
INFLIXIMAB,['Flixabi' 'Inflectra' 'Remicade' 'Remsima' 'Zessly'],Antibody,"Crohn's disease, ankylosing spondylitis, immune system disease, psoriasis, psoriatic arthritis, rheumatoid arthritis, ulcerative colitis",Tumor necrosis factor,TNF,Secreted protein,TNF-alpha inhibitor
INOTERSEN SODIUM,['Tegsedi'],Oligonucleotide,"amyloidosis, familial amyloid neuropathy, polyneuropathy",Transthyretin mRNA,TTR,Secreted protein,Transthyretin mRNA antisense inhibitor
INOTUZUMAB OZOGAMICIN,['Besponsa'],Antibody drug conjugate,"B-cell acute lymphoblastic leukemia, acute lymphoblastic leukemia, lymphoid leukemia, neoplasm",B-cell receptor CD22,CD22,Adhesion,CD22 binding agent
INSULIN ASPART,"['Fiasp' 'Fiasp flextouch' 'Ins novorapid'
 'Insulin aspart component of ryzodeg 70/30' 'Insulin aspart sanofi'
 'Kirsty (previously kixelle)' 'Novolog' 'Novorapid']",Protein,diabetes mellitus,Insulin receptor,INSR,Enzyme,Insulin receptor agonist
INSULIN DEGLUDEC,"['Ins tresiba' 'Insulin degludec component of ryzodeg 70/30'
 'Insulin degludec component of xultophy 100/3.6' 'Tresiba']",Protein,diabetes mellitus,Insulin receptor,INSR,Enzyme,Insulin receptor agonist
INSULIN DETEMIR,['Ins levemir' 'Levemir'],Protein,"diabetes mellitus, type 1 diabetes mellitus, type 2 diabetes mellitus",Insulin receptor,INSR,Enzyme,Insulin receptor agonist
INSULIN GLARGINE,"['Abasaglar' 'Abasaglar (previously abasria)' 'Abasaglar kwikpen'
 'Basaglar' 'Ins lantus' 'Ins lantus opticlik' 'Ins lantus optiset'
 'Ins lantus solostar' 'Insulin glargine component of basaglar'
 'Insulin glargine component of soliqua 100/33' 'Lantus' 'Lusduna'
 'Semglee' 'Toujeo' 'Toujeo (previously optisulin)' 'Toujeo solostar']",Protein,"diabetes mellitus, type 1 diabetes mellitus, type 2 diabetes mellitus",Insulin receptor,INSR,Enzyme,Insulin receptor agonist
INSULIN GLULISINE,"['Apidra' 'Ins apidra' 'Ins apidra opticlik' 'Ins apidra optiset'
 'Ins apidra solostar']",Protein,diabetes mellitus,Insulin receptor,INSR,Enzyme,Insulin receptor agonist
INSULIN HUMAN,"['Actrapid' 'Afrezza' 'Exubera' 'Humulin br' 'Humulin r' 'Inpremzia'
 'Ins humulin r' 'Insuman' 'Insuman infusat' 'Myxredlin' 'Velosulin']",Protein,"diabetes mellitus, type 2 diabetes mellitus",Insulin receptor,INSR,Enzyme,Insulin receptor agonist
"INSULIN HUMAN, ISOPHANE",['Insulatard' 'Protaphane'],Protein,diabetes mellitus,Insulin receptor,INSR,Enzyme,Insulin receptor agonist
INSULIN LISPRO,"['Humalog' 'Ins humalog' 'Insulin lispro sanofi' 'Liprolog'
 'Lyumjev (previously liumjev)']",Protein,diabetes mellitus,Insulin receptor,INSR,Enzyme,Insulin receptor agonist
INSULIN PURIFIED BEEF,[],Protein,diabetes mellitus,Insulin receptor,INSR,Enzyme,Insulin receptor agonist
INSULIN PURIFIED PORK,[],Protein,diabetes mellitus,Insulin receptor,INSR,Enzyme,Insulin receptor agonist
INTERFERON ALFA-2A,"['Alpheon' 'Canferon' 'Canferon a' 'Cha-ifnalpha2a' 'Roferon a'
 'Roferon-a']",Protein,neoplasm,Interferon alpha/beta receptor,"IFNAR1, IFNAR2",Membrane receptor,Interferon alpha/beta receptor agonist
INTERFERON ALFA-2B,"['Intron a' 'Intron a hsa-free' 'Intron-a' 'Introna' 'Locteron'
 'Viraferon']",Protein,"Blast Phase Chronic Myelogenous Leukemia, BCR-ABL1 Positive, Kaposi's sarcoma, anogenital venereal wart, carcinoid tumor, chronic hepatitis B virus infection, chronic hepatitis C virus infection, follicular lymphoma, hairy cell leukemia, hepatitis B virus infection, melanoma, multiple myeloma, neoplasm",Interferon alpha/beta receptor,"IFNAR1, IFNAR2",Membrane receptor,Interferon alpha/beta receptor agonist
INTERFERON ALFACON-1,['Infergen'],Protein,"chronic hepatitis C virus infection, neoplasm",Interferon alpha/beta receptor,"IFNAR1, IFNAR2",Membrane receptor,Interferon alpha/beta receptor agonist
INTERFERON BETA-1A,"['Avonex' 'Cinnovex' 'Interferon beta-1a (avonex)'
 'Interferon beta-1a (rebif)' 'Neoferon' 'Rebif']",Protein,"multiple sclerosis, neoplasm",Interferon alpha/beta receptor,"IFNAR1, IFNAR2",Membrane receptor,Interferon alpha/beta receptor agonist
INTERFERON BETA-1B,['Betaferon' 'Betaseron' 'Extavia'],Protein,"multiple sclerosis, neoplasm",Interferon alpha/beta receptor,"IFNAR1, IFNAR2",Membrane receptor,Interferon alpha/beta receptor agonist
INTERFERON GAMMA-1B,['Actimmune' 'Immukin'],Protein,"chronic granulomatous disease, neoplasm, osteopetrosis",Interferon gamma receptor,"IFNGR1, IFNGR2",Membrane receptor,Interferon gamma receptor agonist
IOBENGUANE I 131,['Azedra' 'Ultratrace iodine i 131 metaiodobenzylguanidine'],Small molecule,"Paraganglioma, adrenal gland pheochromocytoma, neuroblastoma",Sodium-dependent noradrenaline transporter,SLC6A2,Transporter,Norepinephrine transporter substrate
IPILIMUMAB,['Yervoy'],Antibody,"Malignant Mesothelioma, colorectal neoplasm, melanoma, metastatic melanoma, neoplasm, non-small cell lung carcinoma, renal cell carcinoma",Cytotoxic T-lymphocyte protein 4,CTLA4,Surface antigen,Cytotoxic T-lymphocyte protein 4 inhibitor
IPRAGLIFLOZIN,[],Small molecule,diabetes mellitus,Sodium/glucose cotransporter 2,SLC5A2,Transporter,Sodium/glucose cotransporter 2 inhibitor
IPRATROPIUM BROMIDE,"['Atrovent' 'Atrovent aerocaps' 'Atrovent fte' 'Atrovent hfa'
 'Atrovent udvs' 'Ipratrop' 'Ipratrop steripoule' 'Ipratropium bromide'
 'Ipratropium bromide component of combivent'
 'Ipratropium bromide component of duoneb'
 'Ipratropium bromide component of duovent' 'Respontin' 'Rinatec'
 'Tropiovent']",Small molecule,"Airway obstruction, Nasal congestion, asthma, atopic eczema, chronic bronchitis, chronic obstructive pulmonary disease, common cold, emphysema, seasonal allergic rhinitis",Muscarinic acetylcholine receptor M3,CHRM3,Membrane receptor,Muscarinic acetylcholine receptor M3 antagonist
IRBESARTAN,"['Aprovel' 'Avapro' 'Ifirmasta' 'Irbesartan' 'Irbesartan bms'
 'Irbesartan component of avalide' 'Irbesartan component of coaprovel'
 'Irbesartan component of ibersartan/hydrochlorothiazide  ibersartan'
 'Irbesartan component of ibersartan/hydrochlorothiazide teva  ibersartan'
 'Irbesartan component of ibersartan/hydrochlorothiazide zentiva  ibersartan'
 'Irbesartan component of ifirmacombi' 'Irbesartan teva'
 'Irbesartan zentiva (previously irbesartan winthrop)' 'Karvea' 'Sabervel']",Small molecule,"cardiovascular disease, chronic kidney disease, diabetic nephropathy, hypertension, type 2 diabetes mellitus",Type-1 angiotensin II receptor,AGTR1,Membrane receptor,Type-1 angiotensin II receptor antagonist
IRINOTECAN,[],Small molecule,neoplasm,DNA topoisomerase 1,TOP1,Enzyme,DNA topoisomerase I inhibitor
IRINOTECAN HYDROCHLORIDE,"['Campto' 'Camptosar' 'Irinotecan hydrochloride'
 'Irinotecan hydrochloride component of xeliri' 'Onivyde'
 'Onivyde pegylated liposomal (previously known as onivyde)']",Small molecule,"adenocarcinoma, carcinoma, pancreatic neoplasm",DNA topoisomerase 1,TOP1,Enzyme,DNA topoisomerase I inhibitor
ISATUXIMAB,['Sarclisa'],Antibody,"multiple myeloma, neoplasm",ADP-ribosyl cyclase/cyclic ADP-ribose hydrolase 1,CD38,Enzyme,Lymphocyte differentiation antigen CD38 inhibitor
ISOCARBOXAZID,['Marplan'],Small molecule,major depressive disorder,Monoamine oxidase,"MAOA, MAOB",Enzyme,Monoamine oxidase inhibitor
ISOETHARINE,[],Small molecule,Airway obstruction,Beta-2 adrenergic receptor,ADRB2,Membrane receptor,Beta-2 adrenergic receptor agonist
ISOFLUROPHATE,['Floropryl'],Small molecule,glaucoma,Acetylcholinesterase,ACHE,Enzyme,Acetylcholinesterase inhibitor
ISOPROPAMIDE,[],Small molecule,gastrointestinal disease,"Muscarinic acetylcholine receptor M1, Muscarinic acetylcholine receptor M3","CHRM1, CHRM3",Membrane receptor,"Muscarinic acetylcholine receptor M1 antagonist, Muscarinic acetylcholine receptor M3 antagonist"
ISOPROTERENOL,[],Small molecule,"Airway obstruction, cardiovascular disease",Adrenergic receptor beta,"ADRB1, ADRB2, ADRB3",Membrane receptor,Adrenergic receptor beta agonist
ISOPROTERENOL HYDROCHLORIDE,"['Aerolone' 'Imuprel' 'Isoproterenol hydrochloride'
 'Isoproterenol hydrochloride component of duo-medihaler' 'Isuprel'
 'Norisodrine aerotrol' 'Oriconazole' 'Vapo-iso']",Small molecule,congestive heart failure,Adrenergic receptor beta,"ADRB1, ADRB2, ADRB3",Membrane receptor,Adrenergic receptor beta agonist
ISOSORBIDE DINITRATE,"['Angitak' 'Carvasin' 'Cedocard' 'Cedocard ret' 'Cedocard-10'
 'Cedocard-20' 'Cedocard-40' 'Cedocard-5' 'Dilatrate' 'Dilatrate-sr'
 'Imtack' 'Iso mack' 'Isocard' 'Isoket 10' 'Isoket 20' 'Isoket 5'
 'Isoket ret 20' 'Isoket ret 40' 'Isordil' 'Isordil tembids'
 'Isosorbide dinitrate' 'Isosorbide dinitrate component of bidil'
 'Jeridin' 'Soni-slo' 'Sorbichew' 'Sorbid sa' 'Sorbid-20 sa'
 'Sorbid-40 sa' 'Sorbidilat' 'Sorbitrate' 'Vascardin']",Small molecule,"angina pectoris, cardiovascular disease, coronary artery disease, hemorrhoid",Soluble guanylate cyclase,"GUCY1B1, GUCY1B2",Enzyme,Soluble guanylate cyclase activator
ISOSORBIDE MONONITRATE,"['Angeze 10' 'Angeze 20' 'Angeze 40' 'Angeze sr 40' 'Angeze sr 60'
 'Angitate' 'Astrodur mr' 'Carmil xl' 'Chemydur 60 xl' 'Cibral 10'
 'Cibral 20' 'Cibral 40' 'Cibral xl 60' 'Dynamin' 'Dynamin xl 25'
 'Dynamin xl 50' 'Elantan 10' 'Elantan 20' 'Elantan 40' 'Elantan la 25'
 'Elantan la 50' 'Eumon 40 xl' 'Eumon 60 xl' 'Imdur' 'Imo la' 'Isib 20'
 'Isib 40' 'Isib 50 xl' 'Isib 60 xl' 'Ismo' 'Ismo 10' 'Ismo 20' 'Ismo 40'
 'Ismo ret' 'Isodur' 'Isodur 25 xl' 'Isodur 50 xl'
 'Isosorbide mononitrate' 'Isotard 25 xl' 'Isotard 40 xl' 'Isotard 50 xl'
 'Isotard 60 xl' 'Isotrate' 'Ketanodur' 'Mcr 50' 'Modisal 40 xl'
 'Modisal 60 xl' 'Modisal la 25' 'Modisal la 50' 'Monigen xl 60' 'Monit'
 'Monit ls' 'Monit sr' 'Monit xl 60' 'Mono-cedocard 10' 'Mono-cedocard 20'
 'Mono-cedocard 40' 'Monodur' 'Monoket' 'Monomax sr 40' 'Monomax sr 60'
 'Monomax xl' 'Monomil xl' 'Monosorb xl 60' 'Pertil ret' 'Phasonit la 50'
 'Relosorb xl' 'Slomon xl 60' 'Tardisc xl' 'Tenkosorb' 'Trangina xl'
 'Vasotrate 60 sr' 'Xismox xl 60' 'Zemon 40 xl' 'Zemon 60 xl' 'Ziotan xl']",Small molecule,"angina pectoris, cardiovascular disease, coronary artery disease",Soluble guanylate cyclase,"GUCY1B1, GUCY1B2",Enzyme,Soluble guanylate cyclase activator
ISOTRETINOIN,"['Absorica' 'Absorica ld' 'Accutane' 'Amnesteem' 'Claravis' 'Isotrex'
 'Myorisan' 'Roaccutane' 'Sotret' 'Zenatane']",Small molecule,acne,Retinoic acid receptor,"RARA, RARB, RARG","Enzyme, Transcription factor",Retinoic acid receptor agonist
ISRADIPINE,['Dynacirc' 'Dynacirc cr' 'Isradipine' 'Prescal'],Small molecule,"cardiovascular disease, hypertension",Voltage-gated L-type calcium channel,"CACNA1C, CACNA1D, CACNA1F, CACNA1S","Auxiliary transport protein, Ion channel",Voltage-gated L-type calcium channel blocker
ISTRADEFYLLINE,['Nourianz'],Small molecule,Parkinson disease,Adenosine receptor A2a,ADORA2A,Membrane receptor,Adenosine A2a receptor antagonist
IVABRADINE,[],Small molecule,"cardiovascular disease, congestive heart failure, heart failure",Potassium/sodium hyperpolarization-activated cyclic nucleotide-gated channel 4,HCN4,Ion channel,Potassium/sodium hyperpolarization-activated cyclic nucleotide-gated channel 4 blocker
IVABRADINE HYDROCHLORIDE,"['Corlanor' 'Corlentor' 'Ivabradine accord' 'Ivabradine anpharm'
 'Ivabradine jensonr' 'Ivabradine zentiva' 'Procoralan']",Small molecule,"angina pectoris, congestive heart failure, heart failure",Potassium/sodium hyperpolarization-activated cyclic nucleotide-gated channel 4,HCN4,Ion channel,Potassium/sodium hyperpolarization-activated cyclic nucleotide-gated channel 4 blocker
IVACAFTOR,"['Ivacaftor component of orkambi' 'Ivacaftor component of symkevi'
 'Ivacaftor component of trikafta' 'Kalydeco']",Small molecule,"cystic fibrosis, respiratory system disease",Cystic fibrosis transmembrane conductance regulator,CFTR,"Ion channel, Unclassified protein",Cystic fibrosis transmembrane conductance regulator positive modulator
IVOSIDENIB,['Tibsovo'],Small molecule,acute myeloid leukemia,Isocitrate dehydrogenase [NADP] cytoplasmic,IDH1,Enzyme,Isocitrate dehydrogenase [NADP] cytoplasmic inhibitor
IXABEPILONE,['Ixempra kit'],Small molecule,"breast cancer, breast carcinoma, neoplasm",Tubulin,"TUBB, TUBB1, TUBB2A, TUBB2B, TUBB3, TUBB4A, TUBB4B, TUBB6, TUBB8","Structural protein, Unclassified protein",Tubulin inhibitor
IXAZOMIB,[],Small molecule,neoplasm,26S proteasome,PSMB5,Enzyme,26S proteasome inhibitor
IXAZOMIB CITRATE,['Ninlaro'],Small molecule,multiple myeloma,26S proteasome,PSMB5,Enzyme,26S proteasome inhibitor
IXEKIZUMAB,['Taltz'],Antibody,"immune system disease, psoriasis, psoriasis vulgaris, psoriatic arthritis",Interleukin-17A,IL17A,Secreted protein,Interleukin 17A inhibitor
KETOPROFEN,"['Actron' 'Alrheumat' 'Axorid' 'Fenoket 200' 'Jomethid xl' 'Ketocid 200'
 'Ketonal' 'Ketoprofen' 'Ketotard 200 xl' 'Ketovail' 'Ketozip 200 xl'
 'Larafen' 'Larafen cr' 'Nexcede' 'Orudis' 'Orudis 100' 'Orudis kt'
 'Oruvail' 'Oruvail 100' 'Oruvail 150' 'Oruvail 200' 'Oruvail im'
 'Powergel' 'Tiloket' 'Tiloket cr' 'Valket 200 retard']",Small molecule,"Arthralgia, Dysmenorrhea, Myalgia, Pain, osteoarthritis, rheumatic disease, rheumatoid arthritis",Cyclooxygenase,"PTGS1, PTGS2",Enzyme,Cyclooxygenase inhibitor
KETOROLAC,[],Small molecule,"eye inflammation, rheumatic disease",Cyclooxygenase,"PTGS1, PTGS2",Enzyme,Cyclooxygenase inhibitor
KETOROLAC TROMETHAMINE,"['Acular' 'Acular ls' 'Acular preservative free' 'Acuvail'
 'Ketorolac tromethamine' 'Ketorolac tromethamine component of omidria'
 'Sprix' 'Toradol']",Small molecule,"Ocular pain, Pain, cataract, inflammation",Cyclooxygenase,"PTGS1, PTGS2",Enzyme,Cyclooxygenase inhibitor
KETOTIFEN,[],Small molecule,"allergic disease, eye allergy",Histamine H1 receptor,HRH1,Membrane receptor,Histamine H1 receptor antagonist
LABETALOL,[],Small molecule,cardiovascular disease,Adrenergic receptor,"ADRA1A, ADRA1B, ADRA1D, ADRA2A, ADRA2B, ADRA2C, ADRB1, ADRB2, ADRB3",Membrane receptor,Adrenergic receptor antagonist
LABETALOL HYDROCHLORIDE,"['Labetalol hydrochloride'
 'Labetalol hydrochloride component of normozide'
 'Labetalol hydrochloride in dextrose'
 'Labetalol hydrochloride in sodium chloride' 'Labetalol hydrocloride'
 'Labrocol' 'Normodyne' 'Trandate']",Small molecule,hypertension,Adrenergic receptor,"ADRA1A, ADRA1B, ADRA1D, ADRA2A, ADRA2B, ADRA2C, ADRB1, ADRB2, ADRB3",Membrane receptor,Adrenergic receptor antagonist
LACIDIPINE,['Caldine' 'Molap' 'Motens'],Small molecule,cardiovascular disease,Voltage-gated L-type calcium channel,"CACNA1C, CACNA1D, CACNA1F, CACNA1S","Auxiliary transport protein, Ion channel",Voltage-gated L-type calcium channel blocker
LACOSAMIDE,"['Lacosamide' 'Lacosamide accord' 'Lacosamide adroiq' 'Lacosamide ucb'
 'Motpoly xr' 'Vimpat']",Small molecule,"Seizure, epilepsy, partial epilepsy",Sodium channel alpha subunit,"SCN10A, SCN11A, SCN1A, SCN2A, SCN3A, SCN4A, SCN5A, SCN7A, SCN8A, SCN9A","Ion channel, Unclassified protein",Sodium channel alpha subunit blocker
LAMOTRIGINE,['Lamictal' 'Lamictal cd' 'Lamictal odt' 'Lamictal xr' 'Lamotrigine'],Small molecule,"Bilateral tonic-clonic seizure, Lennox-Gastaut syndrome, Seizure, bipolar I disorder, bipolar disorder, depressive disorder, epilepsy, epilepsy with generalized tonic-clonic seizures, major depressive disorder, partial epilepsy",Sodium channel alpha subunit,"SCN10A, SCN11A, SCN1A, SCN2A, SCN3A, SCN4A, SCN5A, SCN7A, SCN8A, SCN9A","Ion channel, Unclassified protein",Sodium channel alpha subunit blocker
LANADELUMAB,['Takhzyro'],Antibody,hereditary angioedema,Plasma kallikrein,KLKB1,Enzyme,Plasma kallikrein inhibitor
LANATOSIDE C,['Cedilanid'],Small molecule,cardiovascular disease,Sodium/potassium-transporting ATPase,"ATP1A1, ATP1A2, ATP1A3, ATP1A4","Enzyme, Transporter",Sodium/potassium-transporting ATPase inhibitor
LANREOTIDE ACETATE,['Somatuline depot'],Protein,"acromegaly, carcinoid syndrome","Somatostatin receptor type 2, Somatostatin receptor type 5","SSTR2, SSTR5",Membrane receptor,"Somatostatin receptor 2 agonist, Somatostatin receptor 5 agonist"
LANSOPRAZOLE,"['Lansoprazole' 'Lansoprazole component of prevpac' 'Opiren' 'Prevacid'
 'Prevacid 24 hr' 'Prevacid delayed release' 'Prevacid iv'
 'Prevacid solutab' 'Zoton']",Small molecule,"Peptic ulcer, duodenal ulcer, gastric ulcer, gastroesophageal reflux disease",Potassium-transporting ATPase,ATP4A,Transporter,Potassium-transporting ATPase inhibitor
LAPATINIB DITOSYLATE,['Tykerb' 'Tyverb'],Small molecule,"breast cancer, breast carcinoma","Epidermal growth factor receptor, Receptor tyrosine-protein kinase erbB-2","EGFR, ERBB2","Enzyme, Unclassified protein","Epidermal growth factor receptor erbB1 inhibitor, Receptor protein-tyrosine kinase erbB-2 inhibitor"
LAROTRECTINIB,[],Small molecule,neoplasm,Neurotrophic tyrosine kinase receptor,"NTRK1, NTRK2, NTRK3",Enzyme,Neurotrophic tyrosine kinase receptor inhibitor
LAROTRECTINIB SULFATE,['Vitrakvi'],Small molecule,"cancer, metastasis, neoplasm",Neurotrophic tyrosine kinase receptor,"NTRK1, NTRK2, NTRK3",Enzyme,Neurotrophic tyrosine kinase receptor inhibitor
LASMIDITAN,[],Small molecule,migraine disorder,5-hydroxytryptamine receptor 1F,HTR1F,"Ion channel, Membrane receptor",Serotonin 1f (5-HT1f) receptor agonist
LASMIDITAN SUCCINATE,['Rayvow' 'Reyvow'],Small molecule,migraine disorder,5-hydroxytryptamine receptor 1F,HTR1F,"Ion channel, Membrane receptor",Serotonin 1f (5-HT1f) receptor agonist
LATANOPROST,"['Catiolanze' 'Iyuzeh' 'Latanoprost' 'Latanoprost component of rocklatan'
 'Latanoprost component of xalacom' 'Monopost' 'Xalatan' 'Xelpros']",Small molecule,"glaucoma, hypertension, ocular hypertension, open-angle glaucoma",Prostaglandin F2-alpha receptor,PTGFR,Membrane receptor,Prostanoid FP receptor agonist
LATANOPROSTENE BUNOD,['Vesneo' 'Vyzulta'],Small molecule,"glaucoma, ocular hypertension, open-angle glaucoma",Prostaglandin F2-alpha receptor,PTGFR,Membrane receptor,Prostanoid FP receptor agonist
LECANEMAB,['Leqembi'],Antibody,Alzheimer disease,Amyloid-beta precursor protein,APP,Membrane receptor,Amyloid-beta A4 protein inhibitor
LEFLUNOMIDE,"['Arava' 'Leflunomide' 'Leflunomide medac' 'Leflunomide ratiopharm'
 'Leflunomide teva'
 'Leflunomide zentiva (previously leflunomide winthrop)' 'Repso']",Small molecule,"psoriatic arthritis, rheumatoid arthritis","Dihydroorotate dehydrogenase (quinone), mitochondrial",DHODH,Enzyme,Dihydroorotate dehydrogenase inhibitor
LEMBOREXANT,['Dayvigo'],Small molecule,insomnia,"Orexin receptor type 2, Orexin/Hypocretin receptor type 1","HCRTR1, HCRTR2",Membrane receptor,"Orexin receptor 1 antagonist, Orexin receptor 2 antagonist"
LENALIDOMIDE,['Lenalidomide accord' 'Lenalidomide mylan' 'Revlimid'],Small molecule,"Mantle cell lymphoma, anemia, immune system disease, multiple myeloma, myelodysplastic syndrome",CRL4(CRBN) E3 ubiquitin ligase,"CRBN, CUL4A, DDB1, RBX1","Enzyme, Epigenetic regulator, Membrane receptor, Other nuclear protein, Structural protein, Transcription factor, Unclassified protein",CRL4(CRBN) E3 ubiquitin ligase modulator
LENIOLISIB PHOSPHATE,['Joenja'],Small molecule,inborn error of immunity,"Phosphatidylinositol 4,5-bisphosphate 3-kinase catalytic subunit delta isoform",PIK3CD,Enzyme,PI3-kinase p110-delta subunit inhibitor
LENOGRASTIM,['Granocyte-13' 'Granocyte-34'],Protein,neoplasm,Granulocyte colony-stimulating factor receptor,CSF3R,Membrane receptor,Granulocyte colony stimulating factor receptor agonist
LENVATINIB,['Kisplyx'],Small molecule,neoplasm,Vascular endothelial growth factor receptor,"FLT1, FLT4, KDR","Enzyme, Secreted protein, Unclassified protein",Vascular endothelial growth factor receptor inhibitor
LENVATINIB MESYLATE,['Kisplyx' 'Lenvima'],Small molecule,"renal cell carcinoma, thyroid cancer, thyroid carcinoma",Vascular endothelial growth factor receptor,"FLT1, FLT4, KDR","Enzyme, Secreted protein, Unclassified protein",Vascular endothelial growth factor receptor inhibitor
LEPIRUDIN,['Refludan'],Protein,"Recurrent thrombophlebitis, Thrombocytopenia, Thromboembolism",Prothrombin,F2,Enzyme,Thrombin inhibitor
LERCANIDIPINE,[],Small molecule,cardiovascular disease,Voltage-gated L-type calcium channel,"CACNA1C, CACNA1D, CACNA1F, CACNA1S","Auxiliary transport protein, Ion channel",Voltage-gated L-type calcium channel blocker
LESINURAD,['Lesinurad component of duzallo' 'Zurampic'],Small molecule,"gout, hyperuricemia",Solute carrier family 22 member 12,SLC22A12,Transporter,Solute carrier family 22 member 12 inhibitor
LETROZOLE,['Femara' 'Letrozole' 'Letrozole component of kisqali femara co-pack'],Small molecule,"breast cancer, breast carcinoma, breast neoplasm, neoplasm",Aromatase,CYP19A1,"Enzyme, Unclassified protein",Cytochrome P450 19A1 inhibitor
LEUPROLIDE,[],Protein,neoplasm,Gonadotropin-releasing hormone receptor,GNRHR,Membrane receptor,Gonadotropin-releasing hormone receptor agonist
LEUPROLIDE ACETATE,"['Eligard' 'Eligard kit' 'Fensolvi kit' 'Leuprolide acetate' 'Lupron'
 'Lupron depot' 'Lupron depot ped' 'Lupron depot-ped'
 'Lupron depot-ped kit' 'Lutrate depot kit' 'Viadur']",Protein,"Central precocious puberty, metastatic prostate cancer, precocious puberty, prostate cancer, prostate carcinoma",Gonadotropin-releasing hormone receptor,GNRHR,Membrane receptor,Gonadotropin-releasing hormone receptor agonist
LEUPROLIDE MESYLATE,['Camcevi' 'Camcevi kit'],Protein,prostate cancer,Gonadotropin-releasing hormone receptor,GNRHR,Membrane receptor,Gonadotropin-releasing hormone receptor agonist
LEVALBUTEROL HYDROCHLORIDE,['Levalbuterol hydrochloride' 'Xopenex'],Small molecule,asthma,Beta-2 adrenergic receptor,ADRB2,Membrane receptor,Beta-2 adrenergic receptor agonist
LEVAMLODIPINE,['Levamlodipine component of agsav301'],Small molecule,cardiovascular disease,Voltage-gated L-type calcium channel,"CACNA1C, CACNA1D, CACNA1F, CACNA1S","Auxiliary transport protein, Ion channel",Voltage-gated L-type calcium channel blocker
LEVAMLODIPINE MALEATE,['Conjupri'],Small molecule,hypertension,Voltage-gated L-type calcium channel,"CACNA1C, CACNA1D, CACNA1F, CACNA1S","Auxiliary transport protein, Ion channel",Voltage-gated L-type calcium channel blocker
LEVETIRACETAM,"['Desitrend' 'Elepsia xr' 'Keppra' 'Keppra xr' 'Levetiracetam'
 'Levetiracetam accord' 'Levetiracetam actavis'
 'Levetiracetam actavis group' 'Levetiracetam hospira'
 'Levetiracetam in sodium chloride' 'Levetiracetam ratiopharm'
 'Levetiracetam sun' 'Levetiracetam teva' 'Matever' 'Spritam']",Small molecule,"Bilateral tonic-clonic seizure, Seizure, epilepsy","Synaptic vesicle glycoprotein 2A, Voltage-dependent N-type calcium channel subunit alpha-1B","CACNA1B, SV2A","Auxiliary transport protein, Ion channel, Transporter, Unclassified protein","Synaptic vesicle glycoprotein 2A modulator, Voltage-gated N-type calcium channel alpha-1B subunit blocker"
LEVOBUNOLOL,[],Small molecule,glaucoma,"Beta-1 adrenergic receptor, Beta-2 adrenergic receptor","ADRB1, ADRB2",Membrane receptor,"Beta-1 adrenergic receptor antagonist, Beta-2 adrenergic receptor antagonist"
LEVOBUNOLOL HYDROCHLORIDE,['Akbeta' 'Betagan' 'Levobunolol hydrochloride'],Small molecule,glaucoma,"Beta-1 adrenergic receptor, Beta-2 adrenergic receptor","ADRB1, ADRB2",Membrane receptor,"Beta-1 adrenergic receptor antagonist, Beta-2 adrenergic receptor antagonist"
LEVOCABASTINE,['Livostin direct'],Small molecule,"Nasal congestion, eye allergy",Histamine H1 receptor,HRH1,Membrane receptor,Histamine H1 receptor antagonist
LEVOCETIRIZINE,['Xyzal'],Small molecule,allergic disease,Histamine H1 receptor,HRH1,Membrane receptor,Histamine H1 receptor antagonist
LEVOCETIRIZINE DIHYDROCHLORIDE,"['Levocetirizine dihydrochloride' 'Xusal' 'Xyzal' 'Xyzal allergy 24hr'
 'Xyzall']",Small molecule,"Rhinitis, Allergic, Perennial, seasonal allergic rhinitis, skin disease, urticaria",Histamine H1 receptor,HRH1,Membrane receptor,Histamine H1 receptor antagonist
LEVODOPA,"['Bendopa' 'Brocadopa' 'Dopar' 'Inbrija' 'Larodopa'
 'Levodopa component of /carbidopa/entacapone orion'
 'Levodopa component of corbilta' 'Levodopa component of crexont'
 'Levodopa component of dhivy' 'Levodopa component of dopasnap'
 'Levodopa component of duopa' 'Levodopa component of ipx-203'
 'Levodopa component of ipx203' 'Levodopa component of rytary'
 'Levodopa component of sinemet' 'Levodopa component of stalevo']",Small molecule,Parkinson disease,D(3) dopamine receptor,DRD3,Membrane receptor,Dopamine D3 receptor agonist
LEVOKETOCONAZOLE,['Recorlev'],Small molecule,"Cushing syndrome, adrenal gland disease, adrenal gland hyperfunction","Cholesterol side-chain cleavage enzyme, mitochondrial, Cytochrome P450 11B1, mitochondrial, Cytochrome P450 11B2, mitochondrial, Steroid 17-alpha-hydroxylase/17,20 lyase","CYP11A1, CYP11B1, CYP11B2, CYP17A1",Enzyme,"Cytochrome P450 11A1 inhibitor, Cytochrome P450 11B1 inhibitor, Cytochrome P450 11B2 inhibitor, Cytochrome P450 17A1 inhibitor"
LEVOMEPROMAZINE,['Levoprome'],Small molecule,psychosis,D2-like dopamine receptor,"DRD2, DRD3, DRD4",Membrane receptor,D2-like dopamine receptor antagonist
LEVOMETHADYL ACETATE,['Orlaam'],Small molecule,"drug dependence, opioid dependence",Mu-type opioid receptor,OPRM1,Membrane receptor,Mu opioid receptor agonist
LEVOMILNACIPRAN,[],Small molecule,major depressive disorder,"Sodium-dependent noradrenaline transporter, Sodium-dependent serotonin transporter","SLC6A2, SLC6A4",Transporter,"Norepinephrine transporter inhibitor, Serotonin transporter inhibitor"
LEVOMILNACIPRAN HYDROCHLORIDE,['Fetzima'],Small molecule,"fibromyalgia, major depressive disorder","Sodium-dependent noradrenaline transporter, Sodium-dependent serotonin transporter","SLC6A2, SLC6A4",Transporter,"Norepinephrine transporter inhibitor, Serotonin transporter inhibitor"
LEVONORGESTREL,"['Athentia next' 'Emerres' 'Emerres una' 'Ezinelle' 'Fallback solo'
 'Her style' 'Isteranda' 'Jadelle' 'Jaydess' 'Kyleena' 'Levonelle'
 'Levonelle one step' 'Levonelle-2' 'Levonorgestrel'
 'Levonorgestrel component of afirmelle'
 'Levonorgestrel component of alesse'
 'Levonorgestrel component of altavera'
 'Levonorgestrel component of aviane'
 'Levonorgestrel component of balcoltra'
 'Levonorgestrel component of climara pro'
 'Levonorgestrel component of elifemme'
 'Levonorgestrel component of enpresse'
 'Levonorgestrel component of introvale'
 'Levonorgestrel component of kurvelo'
 'Levonorgestrel component of kyleena'
 'Levonorgestrel component of lessina'
 'Levonorgestrel component of levlite'
 'Levonorgestrel component of levonest'
 'Levonorgestrel component of levora'
 'Levonorgestrel component of loseasonique'
 'Levonorgestrel component of lybrel'
 'Levonorgestrel component of marlissa'
 'Levonorgestrel component of myzilra'
 'Levonorgestrel component of nordette'
 'Levonorgestrel component of opcicon one-step'
 'Levonorgestrel component of orsythia'
 'Levonorgestrel component of portia' 'Levonorgestrel component of preven'
 'Levonorgestrel component of quartette'
 'Levonorgestrel component of quasense'
 'Levonorgestrel component of seasonale'
 'Levonorgestrel component of seasonique'
 'Levonorgestrel component of setlakin'
 'Levonorgestrel component of triphasil'
 'Levonorgestrel component of trivora'
 'Levonorgestrel component of twirla'
 'Levonorgestrel component of tyblume'
 'Levonorgestrel component of vienva' 'Levosert' 'Liletta' 'Microval'
 'Mirena' 'Norgeston' 'Norplant' 'Norplant ii' 'Opcicon one-step' 'Plan b'
 'Plan b one-step' 'Postinor-2' 'Skyla' 'Upostelle']",Small molecule,Menorrhagia,Progesterone receptor,PGR,"Transcription factor, Unclassified protein",Progesterone receptor agonist
LEVOTHYROXINE SODIUM,"['Eltroxin' 'Ermeza' 'Euthyrox' 'Evotrox' 'L-thyroxine henning' 'Levo-t'
 'Levolet' 'Levothroid' 'Levothyroxine sodium' 'Levoxyl' 'Novothyrox'
 'Synthroid' 'Thyquidity' 'Thyro-tabs' 'Tirosint' 'Tirosint-sol'
 'Unithroid']",Small molecule,"congenital hypothyroidism, differentiated thyroid carcinoma, hypothyroidism, thyroid cancer, thyroid carcinoma",Thyroid hormone receptor,"THRA, THRB",Transcription factor,Thyroid hormone receptor agonist
LIDOCAINE,"['Alphacaine' 'Dentipatch' 'Lidocaine' 'Lidocaine component of emla'
 'Lidocaine component of fortacin' 'Lidocaine component of lanabiotic'
 'Lidocaine component of oraqix' 'Lidocaine component of pliaglis'
 'Lidocaine component of rocephin kit' 'Lidocaine component of synera'
 'Lidoderm' 'Lignocaine hcl' 'Lmx 4' 'Oraqix' 'Vagisil' 'Xylocaine'
 'Xylodase' 'Xylotox' 'Ztlido']",Small molecule,"Back pain, Muscle spasm, Myalgia, Pain, Pruritus, Tendinopathy, Ventricular arrhythmia, arthritis, burn, cardiac arrhythmia, frozen shoulder, hemorrhoid, inflammation, neuralgia, neuropathic pain, osteoarthritis, premature ejaculation, sprain, sunburn, urethritis",Sodium channel alpha subunit,"SCN10A, SCN11A, SCN1A, SCN2A, SCN3A, SCN4A, SCN5A, SCN7A, SCN8A, SCN9A","Ion channel, Unclassified protein",Sodium channel alpha subunit blocker
LIDOCAINE HYDROCHLORIDE,"['Akten' 'Alphacaine hydrochloride' 'Anestacon' 'Anodesyn' 'Bismodyne'
 'Bradosol plus' 'Calgel' 'Co-phenylcaine fte' 'Denela' 'Dequaspray'
 'Emla' 'Germoloids' 'Germoloids complete' 'Glydo' 'Hemocane' 'Iglu'
 'Instillagel' 'Laryng-o-jet kit' 'Laryngojet'
 'Laryngotracheal anesthesia kit' 'Lido hcl' 'Lidocaine hydrochloride'
 'Lidocaine hydrochloride component of duocaine'
 'Lidocaine hydrochloride component of embolex'
 'Lidocaine hydrochloride component of hbn-1'
 'Lidocaine hydrochloride component of iontocaine'
 'Lidocaine hydrochloride component of lidosite topical system kit'
 'Lidocaine hydrochloride component of lignospan forte'
 'Lidocaine hydrochloride component of octocaine'
 'Lidocaine hydrochloride preservative free'
 'Lidocaine hydrochloride viscous' 'Lidocaine viscous' 'Lidocaton'
 'Lidopen' 'Lignokent' 'Lignospan special' 'Lignostab' 'Lignostab a 100'
 'Lignostab n' 'Lignostab-a' 'Lta ii kit' 'Medijel' 'Oragard'
 'Pediatric lta kit' 'Preparation h' 'Rexocaine' 'Versatis' 'Xylocaine'
 'Xylocaine dental' 'Xylocaine preservative free' 'Xylocaine viscous'
 'Xylotox e80' 'Zingo']",Small molecule,"Back pain, Pain, prostate carcinoma",Sodium channel alpha subunit,"SCN10A, SCN11A, SCN1A, SCN2A, SCN3A, SCN4A, SCN5A, SCN7A, SCN8A, SCN9A","Ion channel, Unclassified protein",Sodium channel alpha subunit blocker
LIFITEGRAST,['Xiidra'],Small molecule,"dry eye syndrome, eye disease",Integrin alpha-L/beta-2 (LFA-1),"ITGAL, ITGB2","Adhesion, Membrane receptor",Integrin alpha-L/beta-2 (LFA-1) antagonist
LINACLOTIDE,['Constella' 'Linzess'],Protein,"Constipation, constipation disorder, irritable bowel syndrome",Guanylyl cyclase C,GUCY2C,Enzyme,Heat-stable enterotoxin receptor agonist
LINAGLIPTIN,"['Linagliptin component of glyxambi' 'Linagliptin component of jentadueto'
 'Linagliptin component of trijardy xr' 'Tradjenta' 'Trajenta']",Small molecule,"diabetes mellitus, type 2 diabetes mellitus",Dipeptidyl peptidase 4,DPP4,Enzyme,Dipeptidyl peptidase IV inhibitor
LINZAGOLIX CHOLINE,['Yselty'],Small molecule,Uterine leiomyoma,Gonadotropin-releasing hormone receptor,GNRHR,Membrane receptor,Gonadotropin-releasing hormone receptor antagonist
LIOTHYRONINE SODIUM,"['Cynomel' 'Cytomel' 'Liothyronine sodium' 'Tertroxin' 'Thybon'
 'Triiodothyronine' 'Triiodothyronine,evans' 'Triostat']",Small molecule,"differentiated thyroid carcinoma, hypothyroidism, myxedema",Thyroid hormone receptor,"THRA, THRB",Transcription factor,Thyroid hormone receptor agonist
LIPEGFILGRASTIM,['Lonquex'],Protein,"neoplasm, neutropenia",Granulocyte colony-stimulating factor receptor,CSF3R,Membrane receptor,Granulocyte colony stimulating factor receptor agonist
LIRAGLUTIDE,['Liraglutide component of xultophy 100/3.6' 'Saxenda' 'Victoza'],Protein,"diabetes mellitus, obesity, overweight body mass index status, type 2 diabetes mellitus",Glucagon-like peptide 1 receptor,GLP1R,Membrane receptor,Glucagon-like peptide 1 receptor agonist
LISDEXAMFETAMINE,[],Small molecule,attention deficit hyperactivity disorder,"Sodium-dependent dopamine transporter, Sodium-dependent noradrenaline transporter, Synaptic vesicular amine transporter","SLC18A2, SLC6A2, SLC6A3",Transporter,"Dopamine transporter releasing agent, Norepinephrine transporter releasing agent, Synaptic vesicular amine transporter inhibitor"
LISDEXAMFETAMINE DIMESYLATE,['Elvanse' 'Elvanse adult' 'Vyvanse'],Small molecule,"arteriosclerosis disorder, attention deficit hyperactivity disorder, binge eating, drug dependence, glaucoma","Sodium-dependent dopamine transporter, Sodium-dependent noradrenaline transporter, Synaptic vesicular amine transporter","SLC18A2, SLC6A2, SLC6A3",Transporter,"Dopamine transporter releasing agent, Norepinephrine transporter releasing agent, Synaptic vesicular amine transporter inhibitor"
LISINOPRIL,"['Acemin' 'Carace' 'Lisinopril' 'Lisinopril component of prinzide'
 'Lisinopril component of zestoretic' 'Lisopress' 'Prinivil' 'Qbrelis'
 'Zestril']",Small molecule,"cardiovascular disease, congestive heart failure, diabetes mellitus, heart failure, hypertension, myocardial infarction, stroke",Angiotensin-converting enzyme,ACE,Enzyme,Angiotensin-converting enzyme inhibitor
LITHIUM CARBONATE,"['Camcolit 250' 'Camcolit 400' 'Eskalith' 'Eskalith cr' 'Liskonum'
 'Lithane' 'Lithium carbonate' 'Lithobid' 'Lithonate' 'Lithotabs' 'Phasal']",Small molecule,"bipolar I disorder, bipolar disorder, depressive disorder, major depressive disorder","Glycogen synthase kinase-3, Inositol monophosphatase 1","GSK3A, GSK3B, IMPA1",Enzyme,"Glycogen synthase kinase-3 inhibitor, Inositol-1(or 4)-monophosphatase 1 inhibitor"
LITHIUM CITRATE,['Li-liquid' 'Litarex' 'Lithium citrate'],Small molecule,bipolar I disorder,"Glycogen synthase kinase-3, Inositol monophosphatase 1","GSK3A, GSK3B, IMPA1",Enzyme,"Glycogen synthase kinase-3 inhibitor, Inositol-1(or 4)-monophosphatase 1 inhibitor"
LIXISENATIDE,['Lixisenatide component of soliqua 100/33' 'Lyxumia'],Protein,"diabetes mellitus, type 2 diabetes mellitus",Glucagon-like peptide 1 receptor,GLP1R,Membrane receptor,Glucagon-like peptide 1 receptor agonist
LOFEXIDINE,[],Small molecule,drug dependence,Adrenergic receptor alpha-2,"ADRA2A, ADRA2B, ADRA2C",Membrane receptor,Adrenergic receptor alpha-2 agonist
LOFEXIDINE HYDROCHLORIDE,['Britlofex' 'Lucemyra'],Small molecule,substance withdrawal syndrome,Adrenergic receptor alpha-2,"ADRA2A, ADRA2B, ADRA2C",Membrane receptor,Adrenergic receptor alpha-2 agonist
LOMITAPIDE MESYLATE,['Juxtapid' 'Lojuxta'],Small molecule,"Hypercholesterolemia, familial hypercholesterolemia",Microsomal triglyceride transfer protein,MTTP,Other cytosolic protein,Microsomal triglyceride transfer protein inhibitor
LONAFARNIB,['Zokinvy'],Small molecule,Hutchinson-Gilford progeria syndrome,Protein farnesyltransferase,"FNTA, FNTB",Enzyme,Protein farnesyltransferase inhibitor
LONAPEGSOMATROPIN,"['Skytrofa' 'Skytrofa (previously lonapegsomatropin ascendis pharma)'
 'Stem-stat ortho']",Protein,pituitary dwarfism,Growth hormone receptor,GHR,Membrane receptor,Growth hormone receptor agonist
LONCASTUXIMAB TESIRINE,['Zynlonta'],Antibody drug conjugate,"B-cell non-Hodgkins lymphoma, diffuse large B-cell lymphoma, neoplasm",B-lymphocyte antigen CD19,CD19,Surface antigen,B-lymphocyte antigen CD19 binding agent
LONOCTOCOG ALFA,['Afstyla'],Protein,hemophilia A,Coagulation factor VIII,F8,"Enzyme, Secreted protein",Coagulation factor VIII exogenous protein
LOPERAMIDE HYDROCHLORIDE,"['Arret' 'Diah-limit' 'Diaquitte' 'Diareze' 'Diarrhoea relief' 'Diasorb'
 'Diocalm' 'Diocaps' 'Dioraleze' 'Entrocalm' 'Gppe pack' 'Imodium'
 'Imodium a-d' 'Imodium a-d ez chews' 'Imodium advanced' 'Imodium classic'
 'Imodium ibs relief' 'Imodium instant melts' 'Imodium instants'
 'Imodium liquicaps' 'Lodiar' 'Loperagen' 'Loperamide hydrochloride'
 'Loperamide hydrochloride component of imodium multi-symptom relief'
 'Norimode' 'Normaloe']",Small molecule,Diarrhea,Mu-type opioid receptor,OPRM1,Membrane receptor,Mu opioid receptor agonist
LORATADINE,"['Alavert' ""Children's claritin"" 'Claritin' 'Claritin hives relief'
 'Claritin hives relief reditab' 'Claritin reditabs' 'Clarityn'
 'Clarityn rapide' 'Clarityne' 'Hay-rite' 'Loratadine'
 'Loratadine component of claritin-d' 'Loratadine redidose' 'Roletra']",Small molecule,"Pruritus, Rhinitis, Allergic, Perennial, allergic disease, allergic rhinitis, seasonal allergic rhinitis, urticaria",Histamine H1 receptor,HRH1,Membrane receptor,Histamine H1 receptor antagonist
LORAZEPAM,"['Abbloraz' 'Ativan' 'Loraz' 'Lorazepam' 'Lorazepam intensol'
 'Lorazepam preservative free' 'Loreev xr' 'Temesta']",Small molecule,"Anxiety, anxiety disorder, major depressive disorder, status epilepticus",GABA-A receptor; anion channel,"GABRA1, GABRA2, GABRA3, GABRA5, GABRG1, GABRG2, GABRG3",Ion channel,GABA-A receptor; anion channel positive allosteric modulator
LORCASERIN,[],Small molecule,obesity,5-hydroxytryptamine receptor 2C,HTR2C,Membrane receptor,Serotonin 2c (5-HT2c) receptor agonist
LORLATINIB,['Lorbrena' 'Lorviqua'],Small molecule,"lymphoma, neoplasm, non-small cell lung carcinoma",EML4-ALK,"ALK, EML4","Enzyme, Other nuclear protein, Unclassified protein",EML4-ALK inhibitor
LORNOXICAM,['Xefo'],Small molecule,rheumatic disease,Cyclooxygenase,"PTGS1, PTGS2",Enzyme,Cyclooxygenase inhibitor
LOSARTAN,[],Small molecule,cardiovascular disease,Type-1 angiotensin II receptor,AGTR1,Membrane receptor,Type-1 angiotensin II receptor antagonist
LOSARTAN POTASSIUM,"['Cozaar' 'Losaprex' 'Losartan potassium'
 'Losartan potassium component of hyzaar']",Small molecule,"Proteinuria, chronic kidney disease, hypertension, kidney disease, stroke",Type-1 angiotensin II receptor,AGTR1,Membrane receptor,Type-1 angiotensin II receptor antagonist
LOTEPREDNOL ETABONATE,"['Alrex' 'Eysuvis' 'Inveltys' 'Lotemax' 'Lotemax sm'
 'Loteprednol etabonate component of zylet']",Small molecule,"allergic conjunctivitis, anterior uveitis, dry eye syndrome, eye inflammation, inflammation",Glucocorticoid receptor,NR3C1,Transcription factor,Glucocorticoid receptor agonist
LOVASTATIN,"['Altoprev' 'Lovastatin' 'Lovastatin component of advicor' 'Mevacor'
 'Mevinacor' 'Mevinacor 10' 'Mevinacor 40']",Small molecule,"Hypercholesterolemia, atherosclerosis, cardiovascular disease, coronary artery disease, coronary atherosclerosis",3-hydroxy-3-methylglutaryl-coenzyme A reductase,HMGCR,"Enzyme, Unclassified protein",HMG-CoA reductase inhibitor
LOXAPINE,['Adasuve'],Small molecule,"Agitation, bipolar I disorder, bipolar disorder, psychosis, schizophrenia","5-hydroxytryptamine receptor 2A, 5-hydroxytryptamine receptor 2C, D2-like dopamine receptor","DRD2, DRD3, DRD4, HTR2A, HTR2C",Membrane receptor,"D2-like dopamine receptor antagonist, Serotonin 2a (5-HT2a) receptor antagonist, Serotonin 2c (5-HT2c) receptor antagonist"
LOXAPINE SUCCINATE,['Loxapac' 'Loxapine succinate' 'Loxitane'],Small molecule,schizophrenia,"5-hydroxytryptamine receptor 2A, 5-hydroxytryptamine receptor 2C, D2-like dopamine receptor","DRD2, DRD3, DRD4, HTR2A, HTR2C",Membrane receptor,"D2-like dopamine receptor antagonist, Serotonin 2a (5-HT2a) receptor antagonist, Serotonin 2c (5-HT2c) receptor antagonist"
LOXOPROFEN,[],Small molecule,"Arthralgia, Myalgia",Cyclooxygenase,"PTGS1, PTGS2",Enzyme,Cyclooxygenase inhibitor
LUBIPROSTONE,['Amitiza'],Small molecule,"Chronic pain, Constipation, constipation disorder, irritable bowel syndrome",Chloride channel protein 2,CLCN2,Ion channel,Chloride channel protein 2 opener
LUMACAFTOR,['Lumacaftor component of orkambi'],Small molecule,cystic fibrosis,Cystic fibrosis transmembrane conductance regulator,CFTR,"Ion channel, Unclassified protein",Cystic fibrosis transmembrane conductance regulator stabiliser
LUMASIRAN SODIUM,['Oxlumo'],Oligonucleotide,"primary hyperoxaluria, primary hyperoxaluria type 1",Hydroxyacid oxidase 1 mRNA,HAO1,Enzyme,Hydroxyacid oxidase 1 mRNA RNAi inhibitor
LUMATEPERONE,[],Small molecule,psychosis,"5-hydroxytryptamine receptor 2A, D(2) dopamine receptor, Sodium-dependent serotonin transporter","DRD2, HTR2A, SLC6A4","Membrane receptor, Transporter","Dopamine D2 receptor antagonist, Serotonin 2a (5-HT2a) receptor antagonist, Serotonin transporter inhibitor"
LUMIRACOXIB,['Prexige'],Small molecule,rheumatic disease,Prostaglandin G/H synthase 2,PTGS2,Enzyme,Cyclooxygenase-2 inhibitor
LURASIDONE HYDROCHLORIDE,['Latuda'],Small molecule,"bipolar disorder, schizophrenia","5-hydroxytryptamine receptor 2A, D(2) dopamine receptor","DRD2, HTR2A",Membrane receptor,"Dopamine D2 receptor antagonist, Serotonin 2a (5-HT2a) receptor antagonist"
LUSPATERCEPT,['Reblozyl'],Protein,"Beta-thalassemia, Thalassemia, anemia, anemia (phenotype), myelodysplastic syndrome",Transforming growth factor beta,"TGFB1, TGFB2, TGFB3","Secreted protein, Transcription factor",Transforming growth factor beta inhibitor
LUSUTROMBOPAG,['Mulpleo (previously lusutrombopag shionogi)' 'Mulpleta' 'S-888711'],Small molecule,"Thrombocytopenia, hemorrhage",Thrombopoietin receptor,MPL,Membrane receptor,Thrombopoietin receptor agonist
LUTETIUM LU-177 VIPIVOTIDE TETRAXETAN,['Pluvicto'],Protein,"prostate cancer, prostate neoplasm",Glutamate carboxypeptidase 2,FOLH1,Enzyme,Glutamate carboxypeptidase II binding agent
LUTETIUM OXODOTREOTIDE LU-177,['Lutathera'],Protein,neuroendocrine neoplasm,Somatostatin receptor,"SSTR1, SSTR2, SSTR3, SSTR4, SSTR5",Membrane receptor,Somatostatin receptor binding agent
LUTROPIN ALFA,['Lutropin alfa component of pergoveris' 'Luveris'],Protein,"female infertility, positive regulation of ovulation",Lutropin-choriogonadotropic hormone receptor,LHCGR,Membrane receptor,Luteinizing hormone/Choriogonadotropin receptor agonist
MACITENTAN,['Macitentan component of opsynvi' 'Opsumit'],Small molecule,"hypertension, pulmonary arterial hypertension, pulmonary hypertension","Endothelin receptor, ET-A/ET-B","EDNRA, EDNRB",Membrane receptor,"Endothelin receptor, ET-A/ET-B antagonist"
MARALIXIBAT CHLORIDE,['Livmarli'],Small molecule,"Alagille syndrome, Pruritus",Ileal sodium/bile acid cotransporter,SLC10A2,Transporter,Ileal bile acid transporter inhibitor
MARGETUXIMAB,['Margenza'],Antibody,"breast cancer, neoplasm",Receptor tyrosine-protein kinase erbB-2,ERBB2,"Enzyme, Unclassified protein",Receptor protein-tyrosine kinase erbB-2 inhibitor
MASITINIB,['Kinavet'],Small molecule,neoplasm,"Fibroblast growth factor receptor 3, Mast/stem cell growth factor receptor Kit, Platelet-derived growth factor receptor","FGFR3, KIT, PDGFRA, PDGFRB","Enzyme, Unclassified protein","Fibroblast growth factor receptor 3 inhibitor, Platelet-derived growth factor receptor inhibitor, Stem cell growth factor receptor inhibitor"
MASOPROCOL,['Actinex'],Small molecule,neoplasm,"Insulin-like growth factor 1 receptor, Receptor tyrosine-protein kinase erbB-2","ERBB2, IGF1R","Enzyme, Unclassified protein","Insulin-like growth factor I receptor inhibitor, Receptor protein-tyrosine kinase erbB-2 inhibitor"
MAVACAMTEN,['Camzyos'],Small molecule,"cardiovascular disease, hypertrophic cardiomyopathy",Cardiac myosin,"MYH6, MYH7, MYH7B, MYL2, MYL3, MYL4, MYL7",Unclassified protein,Cardiac myosin inhibitor
MAZINDOL,['Mazanor' 'Sanorex' 'Teronac'],Small molecule,obesity,Monoamine transporter,"SLC6A2, SLC6A3, SLC6A4",Transporter,Monoamine transporter inhibitor
MECAMYLAMINE,[],Small molecule,hypertension,Neuronal acetylcholine receptor; alpha3/beta4,"CHRNA3, CHRNB4",Ion channel,Neuronal acetylcholine receptor; alpha3/beta4 negative allosteric modulator
MECASERMIN,['Bio-fd&c igf1' 'Increlex' 'Myotrophin' 'Nexpure plant-made igf-1'],Protein,"Growth delay, Laron syndrome, hypothyroidism",Insulin-like growth factor 1 receptor,IGF1R,Enzyme,Insulin-like growth factor I receptor agonist
MECLIZINE,[],Small molecule,allergic disease,Histamine H1 receptor,HRH1,Membrane receptor,Histamine H1 receptor antagonist
MECLIZINE HYDROCHLORIDE,"['Ancoloxin' 'Antivert' 'Bonine' 'Meclizine hydrochloride' 'Sea-legs'
 'Traveleeze']",Small molecule,"Nausea, Nausea and vomiting, Vertigo, Vomiting, motion sickness",Histamine H1 receptor,HRH1,Membrane receptor,Histamine H1 receptor antagonist
MECLOFENAMATE SODIUM,['Meclodium' 'Meclofenamate sodium' 'Meclomen'],Small molecule,"Dysmenorrhea, Fever, juvenile idiopathic arthritis, osteoarthritis, rheumatoid arthritis","Cyclooxygenase, Polyunsaturated fatty acid 5-lipoxygenase","ALOX5, PTGS1, PTGS2","Enzyme, Other cytosolic protein","Arachidonate 5-lipoxygenase inhibitor, Cyclooxygenase inhibitor"
MECLOFENAMIC ACID,[],Small molecule,"Arthralgia, Myalgia, rheumatic disease","Cyclooxygenase, Polyunsaturated fatty acid 5-lipoxygenase","ALOX5, PTGS1, PTGS2","Enzyme, Other cytosolic protein","Arachidonate 5-lipoxygenase inhibitor, Cyclooxygenase inhibitor"
MEDROXYPROGESTERONE ACETATE,"['Adgyn medro' 'Amen' 'Climanor' 'Curretab' 'Cycrin' 'Depo-progevera'
 'Depo-provera' 'Depo-provera oncology' 'Depo-subq provera 104' 'Farlutal'
 'Farlutal 100' 'Farlutal 200' 'Farlutal 250' 'Farlutal 500'
 'Medroxyprogesterone acetate'
 'Medroxyprogesterone acetate component of lunelle'
 'Medroxyprogesterone acetate component of premphase'
 'Medroxyprogesterone acetate component of prempro' 'Provera'
 'Sayana press']",Small molecule,"endometriosis, hemorrhage, hyperplasia, neoplasm, renal carcinoma",Progesterone receptor,PGR,"Transcription factor, Unclassified protein",Progesterone receptor agonist
MEDRYSONE,[],Small molecule,eye inflammation,Glucocorticoid receptor,NR3C1,Transcription factor,Glucocorticoid receptor agonist
MEFENAMIC ACID,"['Contraflam' 'Dysman-250' 'Dysman-500' 'Mefenamic acid' 'Meflam 250'
 'Meflam 500' 'Mendys' 'Opustan 250' 'Opustan 500' 'Ponstan' 'Ponstan fte'
 'Ponstel']",Small molecule,"Dysmenorrhea, rheumatic disease",Cyclooxygenase,"PTGS1, PTGS2",Enzyme,Cyclooxygenase inhibitor
MEGESTROL ACETATE,['Megace' 'Megace es' 'Megestrol acetate'],Small molecule,"AIDS, Anorexia, Cachexia, cancer, inborn error of immunity, neoplasm",Progesterone receptor,PGR,"Transcription factor, Unclassified protein",Progesterone receptor agonist
MELATONIN,"['Circadin' 'General nutrit' 'Health aid' 'Heidadouppi' 'Icenia'
 'Life ext' 'Melapure' 'Melatonin neurim' 'Natrol' ""Nature's blend""
 'Natures bounty' 'Quality health' 'S.gard' 'Slenyto' 'Travelag' 'Vespro'
 'Vytalonin']",Small molecule,insomnia,Melatonin receptor,"MTNR1A, MTNR1B",Membrane receptor,Melatonin receptor agonist
MELOXICAM,"['Acticam' 'Anjeso' 'Contacera' 'Emdocam' 'Flexicam' 'Inflacam' 'Loxicom'
 'Loxitab' 'Melosus' 'Melovem' 'Meloxicam'
 'Meloxicam component of zeleris' 'Meloxicam component of zynrelef'
 'Meloxidolor' 'Meloxidyl' 'Meloxivet' 'Meloxoral' 'Metacam' 'Mobic'
 'Novaquin' 'Novem' 'Qmiiz odt' 'Recocam' 'Revitacam' 'Rheumocam'
 'Vivlodex']",Small molecule,"juvenile idiopathic arthritis, osteoarthritis, rheumatic disease, rheumatoid arthritis",Prostaglandin G/H synthase 2,PTGS2,Enzyme,Cyclooxygenase-2 inhibitor
MEMANTINE,[],Small molecule,Dementia,Glutamate [NMDA] receptor,"GRIN1, GRIN2A, GRIN2B, GRIN2C, GRIN2D, GRIN3A, GRIN3B",Ion channel,Glutamate [NMDA] receptor negative allosteric modulator
MEMANTINE HYDROCHLORIDE,"['Akatinol' 'Axura' 'Ebixa' 'Marixino' 'Marixino (previously maruxa)'
 'Memantine accord' 'Memantine hydrochloride'
 'Memantine hydrochloride component of namzaric' 'Memantine lek'
 'Memantine merz' 'Memantine mylan' 'Memantine ratiopharm' 'Namenda'
 'Namenda xr' 'Nemdatine' 'Valios']",Small molecule,"Alzheimer disease, Dementia",Glutamate [NMDA] receptor,"GRIN1, GRIN2A, GRIN2B, GRIN2C, GRIN2D, GRIN3A, GRIN3B",Ion channel,Glutamate [NMDA] receptor negative allosteric modulator
MENTHOL,"['Aqua-cool' 'Aquasoothe' 'Arjun' 'Catarrh' 'Dermacool' 'Halls' 'Karvol'
 'Lockets' 'Meggezones' 'Menthol component of salonpas' 'Muirs'
 'Tixylix decongestant inh' 'Vocalzone']",Small molecule,"Arthralgia, Back pain, Cough, Headache, Muscle spasm, Myalgia, Nasal congestion, Oral ulcer, Pain, Pruritus, Tendinopathy, arthritis, asthma, bronchitis, burn, bursitis, common cold, frozen shoulder, hemorrhoid, herpes labialis, injury, muscle cramp, osteoarthritis, pharyngitis, skin infection, sprain, sunburn, tendinitis","Transient receptor potential cation channel subfamily A member 1, Transient receptor potential cation channel subfamily M member 8","TRPA1, TRPM8",Ion channel,"Transient receptor potential cation channel subfamily A member 1 opener, Transient receptor potential cation channel subfamily M member 8 opener"
MEPENZOLATE,[],Small molecule,gastrointestinal disease,"Muscarinic acetylcholine receptor M1, Muscarinic acetylcholine receptor M3","CHRM1, CHRM3",Membrane receptor,"Muscarinic acetylcholine receptor M1 antagonist, Muscarinic acetylcholine receptor M3 antagonist"
MEPERIDINE,[],Small molecule,Pain,Mu-type opioid receptor,OPRM1,Membrane receptor,Mu opioid receptor agonist
MEPERIDINE HYDROCHLORIDE,"['Demerol' 'Meperidine hydrochloride'
 'Meperidine hydrochloride component of mepergan'
 'Meperidine hydrochloride preservative free' 'Pamergan' 'Pethilorfan'
 'Spasmodlin']",Small molecule,"Pain, drug dependence",Mu-type opioid receptor,OPRM1,Membrane receptor,Mu opioid receptor agonist
MEPHENTERMINE,[],Small molecule,cardiovascular disease,Adrenergic receptor,"ADRA1A, ADRA1B, ADRA1D, ADRA2A, ADRA2B, ADRA2C, ADRB1, ADRB2, ADRB3",Membrane receptor,Adrenergic receptor agonist
MEPHENYTOIN,['Mesantoin'],Small molecule,epilepsy,Sodium channel alpha subunit,"SCN10A, SCN11A, SCN1A, SCN2A, SCN3A, SCN4A, SCN5A, SCN7A, SCN8A, SCN9A","Ion channel, Unclassified protein",Sodium channel alpha subunit blocker
MEPOLIZUMAB,['Bosatria' 'Nucala'],Antibody,"Airway obstruction, Hypereosinophilic syndrome, asthma, chronic rhinosinusitis, vasculitis",Interleukin-5,IL5,Secreted protein,Interleukin-5 inhibitor
MEPROBAMATE,"['Amosene' 'Bamate' 'Equanil' 'Mepriam' 'Meprobamate'
 'Meprobamate component of equagesic'
 'Meprobamate component of mepro-aspirin'
 'Meprobamate component of micrainin' 'Meprobamate component of q-gesic'
 'Meprospan' 'Miltown' 'Neuramate' 'Tenavoid' 'Tranmep']",Small molecule,"Anxiety, anxiety disorder",GABA-A receptor; anion channel,"GABRA1, GABRA2, GABRA3, GABRA4, GABRA5, GABRA6, GABRB1, GABRB2, GABRB3",Ion channel,GABA-A receptor; anion channel agonist
MEPTAZINOL,[],Small molecule,Pain,Mu-type opioid receptor,OPRM1,Membrane receptor,Mu opioid receptor partial agonist
MEQUITAZINE,['Primalan'],Small molecule,allergic disease,Histamine H1 receptor,HRH1,Membrane receptor,Histamine H1 receptor antagonist
MERCAPTOPURINE,"['Mercaptopurine' 'Puri-nethol' 'Purinethol' 'Purixan' 'Xaluprine'
 'Xaluprine (previously mercaptopurine nova laboratories)']",Small molecule,"acute lymphoblastic leukemia, lymphoid leukemia, neoplasm",Amidophosphoribosyltransferase,PPAT,Enzyme,Amidophosphoribosyltransferase inhibitor
MESALAMINE,"['Apriso' 'Asacol' 'Asacol hd' 'Canasa' 'Coltec ec' 'Delzicol' 'Ipocol'
 'Lialda' 'Mesalamine' 'Mesren mr' 'Mezavant xl' 'Octasa' 'Pentasa'
 'Pentasa sr' 'Rowasa' 'Salofalk' 'Sfrowasa']",Small molecule,"proctitis, ulcerative colitis","Cyclooxygenase, Peroxisome proliferator-activated receptor gamma, Polyunsaturated fatty acid 5-lipoxygenase","ALOX5, PPARG, PTGS1, PTGS2","Enzyme, Epigenetic regulator, Other cytosolic protein, Transcription factor","Arachidonate 5-lipoxygenase inhibitor, Cyclooxygenase inhibitor, Peroxisome proliferator-activated receptor gamma agonist"
MESORIDAZINE,['Lidanar'],Small molecule,psychosis,"5-hydroxytryptamine receptor 2A, D(2) dopamine receptor","DRD2, HTR2A",Membrane receptor,"Dopamine D2 receptor antagonist, Serotonin 2a (5-HT2a) receptor antagonist"
METAPROTERENOL SULFATE,['Alupent' 'Alupent obstetric' 'Metaproterenol sulfate' 'Prometa'],Small molecule,asthma,Beta-2 adrenergic receptor,ADRB2,Membrane receptor,Beta-2 adrenergic receptor agonist
METARAMINOL,[],Small molecule,cardiovascular disease,Adrenergic receptor alpha-1,"ADRA1A, ADRA1B, ADRA1D",Membrane receptor,Adrenergic receptor alpha-1 agonist
METFORMIN,[],Small molecule,diabetes mellitus,"Glycerol-3-phosphate dehydrogenase, mitochondrial, Mitochondrial complex I (NADH dehydrogenase)","COXFA4, COXFA4L2, GPD2, MT-ND1, MT-ND2, MT-ND3, MT-ND4, MT-ND4L, MT-ND5, MT-ND6, NDUFA1, NDUFA10, NDUFA11, NDUFA12, NDUFA13, NDUFA2, NDUFA3, NDUFA5, NDUFA6, NDUFA7, NDUFA8, NDUFA9, NDUFAB1, NDUFAF1, NDUFAF2, NDUFAF3, NDUFAF4, NDUFB1, NDUFB10, NDUFB11, NDUFB2, NDUFB3, NDUFB4, NDUFB5, NDUFB6, NDUFB7, NDUFB8, NDUFB9, NDUFC1, NDUFC2, NDUFS1, NDUFS2, NDUFS3, NDUFS4, NDUFS5, NDUFS6, NDUFS7, NDUFS8, NDUFV1, NDUFV2, NDUFV3",Enzyme,"Mitochondrial complex I (NADH dehydrogenase) inhibitor, Mitochondrial glycerol-3-phosphate dehydrogenase inhibitor"
METFORMIN HYDROCHLORIDE,"['Bolamyn sr' 'Diagemet xl' 'Fortamet' 'Glucamet 500' 'Glucamet 850'
 'Glucient sr' 'Glucophage' 'Glucophage sr' 'Glucophage xr' 'Glumetza'
 'Glyformin' 'Ledermetin' 'Metabet sr' 'Metformin hydrochloride'
 'Metformin hydrochloride component of actoplus met'
 'Metformin hydrochloride component of avandamet'
 'Metformin hydrochloride component of glucovance'
 'Metformin hydrochloride component of invokamet'
 'Metformin hydrochloride component of janumet'
 'Metformin hydrochloride component of jentadueto'
 'Metformin hydrochloride component of kazano'
 'Metformin hydrochloride component of kombiglyze xr'
 'Metformin hydrochloride component of metaglip'
 'Metformin hydrochloride component of prandimet'
 'Metformin hydrochloride component of qternmet'
 'Metformin hydrochloride component of qternmet xr'
 'Metformin hydrochloride component of segluromet'
 'Metformin hydrochloride component of synjardy'
 'Metformin hydrochloride component of trijardy xr'
 'Metformin hydrochloride component of xigduo'
 'Metformin hydrochloride component of zituvimet' 'Metsol' 'Milform'
 'Orabet' 'Riomet' 'Riomet er' 'Sukkarto sr']",Small molecule,"diabetes mellitus, type 2 diabetes mellitus","Glycerol-3-phosphate dehydrogenase, mitochondrial, Mitochondrial complex I (NADH dehydrogenase)","COXFA4, COXFA4L2, GPD2, MT-ND1, MT-ND2, MT-ND3, MT-ND4, MT-ND4L, MT-ND5, MT-ND6, NDUFA1, NDUFA10, NDUFA11, NDUFA12, NDUFA13, NDUFA2, NDUFA3, NDUFA5, NDUFA6, NDUFA7, NDUFA8, NDUFA9, NDUFAB1, NDUFAF1, NDUFAF2, NDUFAF3, NDUFAF4, NDUFB1, NDUFB10, NDUFB11, NDUFB2, NDUFB3, NDUFB4, NDUFB5, NDUFB6, NDUFB7, NDUFB8, NDUFB9, NDUFC1, NDUFC2, NDUFS1, NDUFS2, NDUFS3, NDUFS4, NDUFS5, NDUFS6, NDUFS7, NDUFS8, NDUFV1, NDUFV2, NDUFV3",Enzyme,"Mitochondrial complex I (NADH dehydrogenase) inhibitor, Mitochondrial glycerol-3-phosphate dehydrogenase inhibitor"
METHACHOLINE CHLORIDE,['Provocholine'],Small molecule,asthma,Muscarinic acetylcholine receptor M3,CHRM3,Membrane receptor,Muscarinic acetylcholine receptor M3 agonist
METHADONE,[],Small molecule,"Pain, drug dependence",Mu-type opioid receptor,OPRM1,Membrane receptor,Mu opioid receptor agonist
METHADONE HYDROCHLORIDE,"['Adanon hydrochloride' 'Dolophine hydrochloride' 'Eptadone' 'Martindale'
 'Methadone hydrochloride' 'Methadone hydrochloride intensol' 'Methadose'
 'Metharose' 'Methex' 'Physeptone' 'Pinadone' 'Synastone' 'Westadone']",Small molecule,"Pain, drug dependence, opioid dependence",Mu-type opioid receptor,OPRM1,Membrane receptor,Mu opioid receptor agonist
METHAMPHETAMINE,[],Small molecule,attention deficit hyperactivity disorder,Monoamine transporter,"SLC6A2, SLC6A3, SLC6A4",Transporter,Monoamine transporter inhibitor
METHAMPHETAMINE HYDROCHLORIDE,['Desoxyn' 'Methampex' 'Methamphetamine hydrochloride'],Small molecule,attention deficit hyperactivity disorder,Monoamine transporter,"SLC6A2, SLC6A3, SLC6A4",Transporter,Monoamine transporter inhibitor
METHANTHELINE,[],Small molecule,gastrointestinal disease,Histamine H2 receptor,HRH2,Membrane receptor,Histamine H2 receptor antagonist
METHAPYRILENE,[],Small molecule,allergic disease,Histamine H1 receptor,HRH1,Membrane receptor,Histamine H1 receptor antagonist
METHARBITAL,['Gemonil'],Small molecule,epilepsy,GABA-A receptor; anion channel,"GABRB1, GABRB2, GABRB3",Ion channel,GABA-A receptor; anion channel positive allosteric modulator
METHAZOLAMIDE,['Methazolamide' 'Neptazane'],Small molecule,"glaucoma, open-angle glaucoma","Carbonic anhydrase 1, Carbonic anhydrase 2, Carbonic anhydrase 4, Carbonic anhydrase 7","CA1, CA2, CA4, CA7",Enzyme,"Carbonic anhydrase I inhibitor, Carbonic anhydrase II inhibitor, Carbonic anhydrase IV inhibitor, Carbonic anhydrase VII inhibitor"
METHDILAZINE,['Tacaryl'],Small molecule,allergic disease,Histamine H1 receptor,HRH1,Membrane receptor,Histamine H1 receptor antagonist
METHIMAZOLE,['Favistan' 'Methimazole' 'Tapazole'],Small molecule,"Abnormality of the thyroid gland, hyperthyroidism",Thyroid peroxidase,TPO,Enzyme,Thyroid peroxidase inhibitor
METHIXENE,[],Small molecule,Parkinson disease,"5-hydroxytryptamine receptor 2C, Muscarinic acetylcholine receptor M1","CHRM1, HTR2C",Membrane receptor,"Muscarinic acetylcholine receptor M1 antagonist, Serotonin 2c (5-HT2c) receptor antagonist"
METHOTREXATE,"['Ebetrex' 'Emtexate high-pot' 'Emtexate pf' 'Jylamvo' 'Maxtrex'
 'Metoject' 'Nordimet' 'Otrexup' 'Otrexup pfs' 'Rasuvo' 'Reditrex'
 'Zlatal']",Small molecule,"acute lymphoblastic leukemia, arthritis, breast cancer, breast carcinoma, immune system disease, juvenile idiopathic arthritis, leptomeningeal metastasis, mycosis fungoides, neoplasm, non-Hodgkins lymphoma, psoriasis, psoriasis vulgaris, psoriatic arthritis, rheumatoid arthritis",Dihydrofolate reductase,DHFR,Enzyme,Dihydrofolate reductase inhibitor
METHOTREXATE SODIUM,"['Abitrexate' 'Folex' 'Folex pfs' 'Methotrexate lpf'
 'Methotrexate preservative free' 'Methotrexate sodium'
 'Methotrexate sodium preservative free' 'Mexate' 'Mexate-aq'
 'Mexate-aq preserved' 'Trexall' 'Xatmep']",Small molecule,"adenoma, arthritis, breast cancer, choriocarcinoma, fungal infectious disease, juvenile idiopathic arthritis, leptomeningeal metastasis, lung cancer, non-Hodgkins lymphoma, psoriasis, rheumatoid arthritis",Dihydrofolate reductase,DHFR,Enzyme,Dihydrofolate reductase inhibitor
METHOXAMINE,[],Small molecule,cardiovascular disease,Adrenergic receptor alpha-1,"ADRA1A, ADRA1B, ADRA1D",Membrane receptor,Adrenergic receptor alpha-1 agonist
METHOXY POLYETHYLENE GLYCOL-EPOETIN BETA,['Mircera'],Protein,"anemia, anemia (phenotype), chronic kidney disease",Erythropoietin receptor,EPOR,Membrane receptor,Erythropoietin receptor agonist
METHOXYFLURANE,['Metofane' 'Penthrane' 'Pentrane'],Small molecule,"Fever, Pain","GABA-A receptor; anion channel, Glycine receptor (alpha-1/beta)","GABRA1, GABRA2, GABRA3, GABRA4, GABRA5, GABRA6, GABRB1, GABRB2, GABRB3, GABRD, GABRE, GABRG1, GABRG2, GABRG3, GABRP, GABRQ, GLRA1",Ion channel,"GABA-A receptor; anion channel positive modulator, Glycine receptor (alpha-1/beta) agonist"
METHSUXIMIDE,['Celontin'],Small molecule,"Seizure, epilepsy",Voltage-gated T-type calcium channel,"CACNA1G, CACNA1H, CACNA1I","Auxiliary transport protein, Ion channel",Voltage-gated T-type calcium channel blocker
METHYCLOTHIAZIDE,"['Aquatensen' 'Enduron' 'Methyclothiazide'
 'Methyclothiazide component of diutensen-r'
 'Methyclothiazide component of enduronyl'
 'Methyclothiazide component of eutron']",Small molecule,cardiovascular disease,Solute carrier family 12 member 3,SLC12A3,Transporter,Thiazide-sensitive sodium-chloride cotransporter inhibitor
METHYLDOPA,"['Aldomet' 'Dopamet' 'Dopegyt' 'Lederdopa' 'Medomet' 'Medopren'
 'Metalpha 250' 'Metalpha 500' 'Methyldopa'
 'Methyldopa component of aldoril' 'Presinol']",Small molecule,hypertension,Adrenergic receptor alpha-2,"ADRA2A, ADRA2B, ADRA2C",Membrane receptor,Adrenergic receptor alpha-2 agonist
METHYLERGONOVINE MALEATE,['Methergine' 'Methylergonovine maleate'],Small molecule,hemorrhage,"5-hydroxytryptamine receptor 2B, D(1A) dopamine receptor","DRD1, HTR2B",Membrane receptor,"Dopamine D1 receptor antagonist, Serotonin 2b (5-HT2b) receptor partial agonist"
METHYLNALTREXONE BROMIDE,['Relistor'],Small molecule,"Constipation, opioid dependence",Mu-type opioid receptor,OPRM1,Membrane receptor,Mu opioid receptor antagonist
METHYLPHENIDATE,['Cotempla xr-odt' 'Daytrana'],Small molecule,"attention deficit hyperactivity disorder, narcolepsy-cataplexy syndrome","Sodium-dependent dopamine transporter, Sodium-dependent noradrenaline transporter","SLC6A2, SLC6A3",Transporter,"Dopamine transporter inhibitor, Norepinephrine transporter inhibitor"
METHYLPHENIDATE HYDROCHLORIDE,"['Adhansia xr' 'Aptensio xr' 'Concerta' 'Delmosart' 'Equasym' 'Equasym xl'
 'Jornay pm' 'Matoride xl' 'Medikinet' 'Medikinet xl' 'Metadate cd'
 'Metadate er' 'Methylin' 'Methylin er' 'Methylphenidate hydrochloride'
 'Quillichew er' 'Quillivant xr' 'Relexxii' 'Ritalin' 'Ritalin la'
 'Ritalin sr' 'Ritalin-sr' 'Tranquilyn' 'Xenidate xl']",Small molecule,attention deficit hyperactivity disorder,"Sodium-dependent dopamine transporter, Sodium-dependent noradrenaline transporter","SLC6A2, SLC6A3",Transporter,"Dopamine transporter inhibitor, Norepinephrine transporter inhibitor"
METHYLPREDNISOLONE,"['Medrol' 'Medrone' 'Methylprednisolone'
 'Methylprednisolone component of neo-medrol']",Small molecule,"Crohn's disease, acne, asthma, atopic eczema, bursitis, endocrine system disease, frozen shoulder, inflammation, juvenile idiopathic arthritis, multiple sclerosis, osteoarthritis, pneumonia, posterior uveitis, psoriatic arthritis, rheumatoid arthritis, tenosynovitis, ulcerative colitis",Glucocorticoid receptor,NR3C1,Transcription factor,Glucocorticoid receptor agonist
METHYLPREDNISOLONE ACETATE,"['Depo-medrol' 'Depo-medrone' 'M-predrol' 'Medrol acetate'
 'Methylprednisolone acetate'
 'Methylprednisolone acetate component of neo-medrol acetate'
 'Neo-medrone']",Small molecule,"anemia, asthma, brain neoplasm, dermatitis, frozen shoulder, fungal infectious disease, leukemia, lymphoma, nephrotic syndrome, osteoarthritis, rheumatoid arthritis, type III hypersensitivity reaction disease, uveitis",Glucocorticoid receptor,NR3C1,Transcription factor,Glucocorticoid receptor agonist
METHYLPREDNISOLONE SODIUM SUCCINATE,"['A-methapred' 'Methylprednisolone sodium succinate' 'Min-i-mix'
 'Solu-medrol' 'Solu-medrone' 'Urbasone']",Small molecule,"anemia, asthma, dermatitis, leukemia, lymphoma, multiple sclerosis, rheumatoid arthritis, type III hypersensitivity reaction disease",Glucocorticoid receptor,NR3C1,Transcription factor,Glucocorticoid receptor agonist
METHYLPROMAZINE,[],Small molecule,allergic disease,Histamine H1 receptor,HRH1,Membrane receptor,Histamine H1 receptor antagonist
METHYLTESTOSTERONE,"['Android' 'Android 10' 'Android 25' 'Android 5' 'Metandren' 'Methitest'
 'Methyltestosterone' 'Oreton' 'Oreton methyl' 'Perandren' 'Plex hormone'
 'Potensan fte' 'Testovis' 'Testred' 'Virilon']",Small molecule,"breast cancer, hypogonadism, orchitis",Androgen receptor,AR,Transcription factor,Androgen Receptor agonist
METIPRANOLOL,['Glauline'],Small molecule,glaucoma,"Beta-1 adrenergic receptor, Beta-2 adrenergic receptor","ADRB1, ADRB2",Membrane receptor,"Beta-1 adrenergic receptor antagonist, Beta-2 adrenergic receptor antagonist"
METOCLOPRAMIDE,[],Small molecule,gastrointestinal disease,"5-hydroxytryptamine receptor 3A, 5-hydroxytryptamine receptor 4, D(2) dopamine receptor","DRD2, HTR3A, HTR4","Ion channel, Membrane receptor","Dopamine D2 receptor antagonist, Serotonin 3a (5-HT3a) receptor antagonist, Serotonin 4 (5-HT4) receptor agonist"
METOCLOPRAMIDE HYDROCHLORIDE,"['""clopra-""""yellow""""""' 'Clopra' 'Gastrese l.a.' 'Gastrobid continus'
 'Gastroflux' 'Gastromax' 'Gimoti' 'Maxolon' 'Maxolon sr' 'Metoclomex'
 'Metoclopramide hydrochloride' 'Metoclopramide intensol' 'Metox'
 'Metozolv odt' 'Metramid' 'Mygdalon' 'Parmid' 'Primperan' 'Reglan'
 'Reglan odt']",Small molecule,"Anorexia, Nausea and vomiting, Vomiting, cancer, gastroparesis, kidney failure, post operative nausea and vomiting","5-hydroxytryptamine receptor 3A, 5-hydroxytryptamine receptor 4, D(2) dopamine receptor","DRD2, HTR3A, HTR4","Ion channel, Membrane receptor","Dopamine D2 receptor antagonist, Serotonin 3a (5-HT3a) receptor antagonist, Serotonin 4 (5-HT4) receptor agonist"
METOLAZONE,['Diulo' 'Metenix' 'Metolazone' 'Mykrox' 'Xuret' 'Zaroxolyn'],Small molecule,"cardiovascular disease, congestive heart failure, heart failure, hypertension, preeclampsia",Solute carrier family 12 member 3,SLC12A3,Transporter,Thiazide-sensitive sodium-chloride cotransporter inhibitor
METOPROLOL,[],Small molecule,cardiovascular disease,Beta-1 adrenergic receptor,ADRB1,Membrane receptor,Beta-1 adrenergic receptor antagonist
METOPROLOL SUCCINATE,"['Kapspargo sprinkle' 'Metoprolol succinate'
 'Metoprolol succinate component of dutoprol' 'Toprol' 'Toprol-xl']",Small molecule,"angina pectoris, congestive heart failure, heart failure, hypertension, myocardial infarction, stroke",Beta-1 adrenergic receptor,ADRB1,Membrane receptor,Beta-1 adrenergic receptor antagonist
METOPROLOL TARTRATE,"['Arbralene' 'Beloc cor' 'Betaloc' 'Betaloc s.a.' 'Lopresor' 'Lopresor sr'
 'Lopressor' 'Mepranix 100' 'Mepranix 50' 'Metoprolol tartrate'
 'Metoprolol tartrate component of lopressidone'
 'Metoprolol tartrate component of lopressor hct' 'Tensomex' 'Toprol xl']",Small molecule,"angina pectoris, heart failure, hypertension, myocardial infarction, stroke",Beta-1 adrenergic receptor,ADRB1,Membrane receptor,Beta-1 adrenergic receptor antagonist
METRELEPTIN,['Myalepta'],Protein,"familial partial lipodystrophy, lipodystrophy, liver disease",Leptin receptor,LEPR,Unclassified protein,Leptin receptor agonist
METYROSINE,['Demser'],Small molecule,"adrenal gland pheochromocytoma, hypertension",Tyrosine 3-monooxygenase,TH,Enzyme,Tyrosine 3-hydroxylase inhibitor
MEXILETINE,[],Small molecule,cardiac arrhythmia,Sodium channel alpha subunit,"SCN10A, SCN11A, SCN1A, SCN2A, SCN3A, SCN4A, SCN5A, SCN7A, SCN8A, SCN9A","Ion channel, Unclassified protein",Sodium channel alpha subunit blocker
MEXILETINE HYDROCHLORIDE,['Mexiletine hydrochloride' 'Mexitil' 'Mexitil p.l.' 'Namuscla'],Small molecule,"Ventricular arrhythmia, myotonic syndrome",Sodium channel alpha subunit,"SCN10A, SCN11A, SCN1A, SCN2A, SCN3A, SCN4A, SCN5A, SCN7A, SCN8A, SCN9A","Ion channel, Unclassified protein",Sodium channel alpha subunit blocker
MIBEFRADIL,['Posicor 100' 'Posicor 50'],Small molecule,cardiovascular disease,Voltage-gated T-type calcium channel,"CACNA1G, CACNA1H, CACNA1I","Auxiliary transport protein, Ion channel",Voltage-gated T-type calcium channel blocker
MIDAZOLAM,"['Midazolam in 0.8% sodium chloride' 'Midazolam in 0.9% sodium chloride'
 'Nayzilam']",Small molecule,"epilepsy, status epilepticus",GABA-A receptor; anion channel,"GABRA1, GABRA2, GABRA3, GABRA5, GABRG1, GABRG2, GABRG3",Ion channel,GABA-A receptor; anion channel positive allosteric modulator
MIDAZOLAM HYDROCHLORIDE,"['Buccolam' 'Hypnovel' 'Midazolam hydrochloride'
 'Midazolam hydrochloride (autoinjector)'
 'Midazolam hydrochloride preservative free' 'Midozalam hydrochloride'
 'Seizalam' 'Versed']",Small molecule,amnesia,GABA-A receptor; anion channel,"GABRA1, GABRA2, GABRA3, GABRA5, GABRG1, GABRG2, GABRG3",Ion channel,GABA-A receptor; anion channel positive allosteric modulator
MIDODRINE,[],Small molecule,cardiovascular disease,Adrenergic receptor alpha-1,"ADRA1A, ADRA1B, ADRA1D",Membrane receptor,Adrenergic receptor alpha-1 agonist
MIDOSTAURIN,['Rydapt'],Small molecule,"Mastocytosis, acute myeloid leukemia, mast-cell leukemia, neoplasm, systemic mastocytosis","Mast/stem cell growth factor receptor Kit, Platelet-derived growth factor receptor, Protein kinase C (PKC), Receptor-type tyrosine-protein kinase FLT3, Vascular endothelial growth factor receptor 2","FLT3, KDR, KIT, PDGFRA, PDGFRB, PRKCA, PRKCB, PRKCD, PRKCE, PRKCG, PRKCH, PRKCI, PRKCQ, PRKCZ, PRKD1, PRKD3","Enzyme, Unclassified protein","Platelet-derived growth factor receptor inhibitor, Protein kinase C (PKC) inhibitor, Stem cell growth factor receptor inhibitor, Tyrosine-protein kinase receptor FLT3 inhibitor, Vascular endothelial growth factor receptor 2 inhibitor"
MIFAMURTIDE,['Mepact'],Small molecule,"bone osteosarcoma, neoplasm",Nucleotide-binding oligomerization domain-containing protein 2,NOD2,Unclassified protein,Nucleotide-binding oligomerization domain-containing protein 2 other
MIFEPRISTONE,['Korlym' 'Mifegyne' 'Mifeprex'],Small molecule,Cushing syndrome,"Glucocorticoid receptor, Progesterone receptor","NR3C1, PGR","Transcription factor, Unclassified protein","Glucocorticoid receptor antagonist, Progesterone receptor antagonist"
MIGALASTAT HYDROCHLORIDE,['Galafold'],Small molecule,Fabry disease,Alpha-galactosidase A,GLA,Enzyme,Alpha-galactosidase A stabiliser
MIGLITOL,['Diastabol' 'Glyset' 'Miglitol'],Small molecule,"diabetes mellitus, type 2 diabetes mellitus","Lysosomal alpha-glucosidase, Maltase-glucoamylase","GAA, MGAM",Enzyme,"Lysosomal alpha-glucosidase inhibitor, Maltase-glucoamylase inhibitor"
MIGLUSTAT,['Miglustat dipharma' 'Miglustat gen.orph' 'Opfolda' 'Yargesa' 'Zavesca'],Small molecule,Gaucher disease,Ceramide glucosyltransferase,UGCG,Enzyme,Ceramide glucosyltransferase inhibitor
MILNACIPRAN HYDROCHLORIDE,['Dalcipran' 'Ixel' 'Milnacipran hydrochloride' 'Savella' 'Toledomin'],Small molecule,fibromyalgia,"Sodium-dependent noradrenaline transporter, Sodium-dependent serotonin transporter","SLC6A2, SLC6A4",Transporter,"Norepinephrine transporter inhibitor, Serotonin transporter inhibitor"
MILRINONE,[],Small molecule,cardiovascular disease,"cGMP-inhibited 3',5'-cyclic phosphodiesterase 3A",PDE3A,Enzyme,Phosphodiesterase 3A inhibitor
MILRINONE LACTATE,['Milrinone lactate' 'Primacor'],Small molecule,"Ventricular arrhythmia, heart failure","cGMP-inhibited 3',5'-cyclic phosphodiesterase 3A",PDE3A,Enzyme,Phosphodiesterase 3A inhibitor
MINOXIDIL,"['Loniten' 'Lonolox' ""Men's rogaine"" 'Minodyl' 'Minoxidil'
 'Minoxidil (for men)' 'Minoxidil (for women)'
 'Minoxidil extra strength (for men)' 'Regaine for men'
 'Regaine for women' 'Riup' 'Rogaine' 'Rogaine (for men)'
 'Rogaine (for women)' 'Rogaine extra strength (for men)' 'Theroxidil'
 ""Women's rogaine""]",Small molecule,"androgenetic alopecia, hypertension, hypotrichosis","Sulfonylurea receptor 2, Kir6.2",ABCC9,Transporter,"Sulfonylurea receptor 2, Kir6.2 opener"
MIPOMERSEN,[],Oligonucleotide,cardiovascular disease,Apo-B 100 mRNA,APOB,Secreted protein,Apo-B 100 mRNA antisense inhibitor
MIPOMERSEN SODIUM,['Kynamro'],Oligonucleotide,familial hypercholesterolemia,Apo-B 100 mRNA,APOB,Secreted protein,Apo-B 100 mRNA antisense inhibitor
MIRABEGRON,['Betmiga' 'Myrbetriq' 'Myrbetriq granules'],Small molecule,"Polyuria, Urinary incontinence, overactive bladder, urgency urinary incontinence",Beta-3 adrenergic receptor,ADRB3,Membrane receptor,Beta-3 adrenergic receptor agonist
MIRIKIZUMAB,['Omvoh'],Antibody,ulcerative colitis,Interleukin-23,IL23A,Secreted protein,Interleukin-23 inhibitor
MIRTAZAPINE,['Mirtazapine' 'Remeron' 'Remeron soltab' 'Zispin'],Small molecule,"depressive disorder, insomnia, major depressive disorder","5-hydroxytryptamine receptor 2A, 5-hydroxytryptamine receptor 2C, Adrenergic receptor alpha-2","ADRA2A, ADRA2B, ADRA2C, HTR2A, HTR2C",Membrane receptor,"Adrenergic receptor alpha-2 antagonist, Serotonin 2a (5-HT2a) receptor antagonist, Serotonin 2c (5-HT2c) receptor antagonist"
MIRVETUXIMAB SORAVTANSINE,['Elahere'],Antibody drug conjugate,"fallopian tube neoplasm, malignant epithelial tumor of ovary, peritoneal neoplasm","Folate receptor alpha, Tubulin","FOLR1, TUBA1A, TUBA1B, TUBA1C, TUBA3C, TUBA3E, TUBA4A, TUBB, TUBB1, TUBB2A, TUBB2B, TUBB3, TUBB4A, TUBB4B, TUBB6, TUBB8","Membrane receptor, Structural protein, Unclassified protein","Folate receptor alpha binding agent, Tubulin inhibitor"
MISOPROSTOL,"['Cytotec' 'Misoprostol' 'Misoprostol component of arthrotec' 'Mysodelle'
 'Topogyne']",Small molecule,"Peptic ulcer, duodenal ulcer, gastroesophageal reflux disease, hemorrhage, osteoarthritis, peptic ulcer disease",Prostaglandin E2 receptor EP3 subtype,PTGER3,Membrane receptor,Prostanoid EP3 receptor agonist
MITAPIVAT SULFATE,['Pyrukynd'],Small molecule,"anemia, familial hemolytic anemia, genetic disorder",Pyruvate kinase PKLR,PKLR,Enzyme,Pyruvate kinase isozymes R/L activator
MITOTANE,['Lysodren' 'Opddd'],Small molecule,"adrenal cortex neoplasm, neoplasm","Cholesterol side-chain cleavage enzyme, mitochondrial, Cytochrome P450 11B1, mitochondrial","CYP11A1, CYP11B1",Enzyme,"Cytochrome P450 11A1 inhibitor, Cytochrome P450 11B1 inhibitor"
MITOXANTRONE,[],Small molecule,neoplasm,DNA topoisomerase 2-alpha,TOP2A,Enzyme,DNA topoisomerase II alpha inhibitor
MITOXANTRONE HYDROCHLORIDE,['Mitoxantrone hydrochloride' 'Novantrone'],Small molecule,"multiple sclerosis, prostate cancer",DNA topoisomerase 2-alpha,TOP2A,Enzyme,DNA topoisomerase II alpha inhibitor
MIZOLASTINE,['Mizollen'],Small molecule,allergic disease,Histamine H1 receptor,HRH1,Membrane receptor,Histamine H1 receptor antagonist
MOBOCERTINIB,[],Small molecule,neoplasm,Epidermal growth factor receptor,EGFR,"Enzyme, Unclassified protein",Epidermal growth factor receptor erbB1 inhibitor
MOBOCERTINIB SUCCINATE,['Exkivity'],Small molecule,non-small cell lung carcinoma,Epidermal growth factor receptor,EGFR,"Enzyme, Unclassified protein",Epidermal growth factor receptor erbB1 inhibitor
MODAFINIL,['Modafinil' 'Provigil'],Small molecule,"attention deficit hyperactivity disorder, narcolepsy-cataplexy syndrome, obstructive sleep apnea",Sodium-dependent dopamine transporter,SLC6A3,Transporter,Dopamine transporter inhibitor
MOEXIPRIL,[],Small molecule,cardiovascular disease,Angiotensin-converting enzyme,ACE,Enzyme,Angiotensin-converting enzyme inhibitor
MOEXIPRIL HYDROCHLORIDE,"['Moexipril hydrochloride' 'Moexipril hydrochloride component of uniretic'
 'Perdix' 'Univasc']",Small molecule,hypertension,Angiotensin-converting enzyme,ACE,Enzyme,Angiotensin-converting enzyme inhibitor
MOGAMULIZUMAB,['Poteligeo'],Antibody,"Sezary's disease, mycosis fungoides, neoplasm",C-C chemokine receptor type 4,CCR4,Membrane receptor,C-C chemokine receptor type 4 cross-linking agent
MOLINDONE,[],Small molecule,psychosis,"5-hydroxytryptamine receptor 2A, D(2) dopamine receptor","DRD2, HTR2A",Membrane receptor,"Dopamine D2 receptor antagonist, Serotonin 2a (5-HT2a) receptor antagonist"
MOLINDONE HYDROCHLORIDE,['Moban' 'Molindone hydrochloride'],Small molecule,schizophrenia,"5-hydroxytryptamine receptor 2A, D(2) dopamine receptor","DRD2, HTR2A",Membrane receptor,"Dopamine D2 receptor antagonist, Serotonin 2a (5-HT2a) receptor antagonist"
MOMETASONE FUROATE,"['Asmanex' 'Asmanex hfa' 'Asmanex twisthaler' 'Elocon'
 'Mometasone furoate' 'Mometasone furoate component of dulera'
 'Mometasone furoate component of lyr-220 active'
 'Mometasone furoate component of ryaltris' 'Nasonex'
 'Nasonex 24hr allergy' 'Sinuva']",Small molecule,"Airway obstruction, Nasal Cavity Polyp, Nasal congestion, Nasal polyposis, allergic rhinitis, asthma, seasonal allergic rhinitis, skin disease",Glucocorticoid receptor,NR3C1,Transcription factor,Glucocorticoid receptor agonist
MONOMETHYL FUMARATE,['Bafiertam'],Small molecule,multiple sclerosis,Kelch-like ECH-associated protein 1,KEAP1,"Other cytosolic protein, Transcription factor, Unclassified protein",Kelch-like ECH-associated protein 1 inhibitor
MONTELUKAST,['Singulair'],Small molecule,"Airway obstruction, allergic rhinitis, asthma, seasonal allergic rhinitis",Cysteinyl leukotriene receptor 1,CYSLTR1,Membrane receptor,Cysteinyl leukotriene receptor 1 antagonist
MONTELUKAST SODIUM,['Montelukast sodium' 'Singulair'],Small molecule,"Rhinitis, Allergic, Perennial, allergic rhinitis, asthma, seasonal allergic rhinitis",Cysteinyl leukotriene receptor 1,CYSLTR1,Membrane receptor,Cysteinyl leukotriene receptor 1 antagonist
MORICIZINE,[],Small molecule,cardiac arrhythmia,Sodium channel alpha subunit,"SCN10A, SCN11A, SCN1A, SCN2A, SCN3A, SCN4A, SCN5A, SCN7A, SCN8A, SCN9A","Ion channel, Unclassified protein",Sodium channel alpha subunit blocker
MOROCTOCOG ALFA,['Refacto af'],Protein,hemophilia A,Coagulation factor VIII,F8,"Enzyme, Secreted protein",Coagulation factor VIII exogenous protein
MORPHINE,[],Small molecule,Pain,Mu-type opioid receptor,OPRM1,Membrane receptor,Mu opioid receptor agonist
MORPHINE SULFATE,"['Arymo er' 'Astramorph pf' 'Avinza' 'Depodur' 'Duramorph' 'Duramorph pf'
 'Duromorph' 'Filnarine sr' 'Infumorph' 'Kadian' 'Moraxen' 'Morcap sr'
 'Morphabond' 'Morphabond er' 'Morphgesic sr' 'Morphine sulfate'
 'Morphine sulfate (autoinjector)' 'Morphine sulfate component of embeda'
 'Ms contin' 'Msir' 'Mst continus' 'Oramorph' 'Oramorph sr' 'Oramorph udv'
 'Rhotard' 'Sevredol' 'Srm-rhotard' 'Zomorph']",Small molecule,"Chronic pain, Pain, cancer, drug dependence, overdose",Mu-type opioid receptor,OPRM1,Membrane receptor,Mu opioid receptor agonist
MOSUNETUZUMAB,['Lunsumio'],Antibody,follicular lymphoma,"B-lymphocyte antigen CD20, T cell surface glycoprotein CD3","CD3D, CD3E, CD3G, MS4A1","Ion channel, Membrane receptor, Unclassified protein","B-lymphocyte antigen CD20 binding agent, T cell surface glycoprotein CD3 binding agent"
MOXETUMOMAB PASUDOTOX,['Lumoxiti'],Antibody drug conjugate,"hairy cell leukemia, neoplasm","B-cell receptor CD22, Elongation factor 2","CD22, EEF2","Adhesion, Other cytosolic protein","CD22 binding agent, Elongation factor 2 inhibitor"
MOXISYLYTE,['Erecnos' 'Moxivig'],Small molecule,"cardiovascular disease, erectile dysfunction",Adrenergic receptor alpha,"ADRA1A, ADRA1B, ADRA1D, ADRA2A, ADRA2B, ADRA2C",Membrane receptor,Adrenergic receptor alpha antagonist
MOXONIDINE,['Cynt' 'Fisiotens' 'Normatens' 'Physiotens'],Small molecule,hypertension,Nischarin,NISCH,Other cytosolic protein,Nischarin agonist
MYCOPHENOLATE SODIUM,['Ceptava' 'Myfortic'],Small molecule,multiple sclerosis,Inosine-5'-monophosphate dehydrogenase (IMPDH),"IMPDH1, IMPDH2",Enzyme,Inosine-5'-monophosphate dehydrogenase (IMPDH) inhibitor
MYCOPHENOLIC ACID,[],Small molecule,immune system disease,Inosine-5'-monophosphate dehydrogenase (IMPDH),"IMPDH1, IMPDH2",Enzyme,Inosine-5'-monophosphate dehydrogenase (IMPDH) inhibitor
NABILONE,['Cesamet'],Small molecule,"Nausea, Nausea and vomiting, cancer",Cannabinoid receptor 1,CNR1,Membrane receptor,Cannabinoid CB1 receptor agonist
NABUMETONE,['Nabumetone' 'Relafen' 'Relifex'],Small molecule,"osteoarthritis, rheumatic disease, rheumatoid arthritis",Prostaglandin G/H synthase 2,PTGS2,Enzyme,Cyclooxygenase-2 inhibitor
NADOLOL,['Corgard' 'Nadolol' 'Nadolol component of corzide' 'Solgol'],Small molecule,"angina pectoris, cardiovascular disease, hypertension, myocardial infarction, stroke","Beta-1 adrenergic receptor, Beta-2 adrenergic receptor","ADRB1, ADRB2",Membrane receptor,"Beta-1 adrenergic receptor antagonist, Beta-2 adrenergic receptor antagonist"
NAFARELIN ACETATE,['Synarel'],Protein,endometriosis,Gonadotropin-releasing hormone receptor,GNRHR,Membrane receptor,Gonadotropin-releasing hormone receptor agonist
NALBUPHINE,[],Small molecule,Pain,Opioid receptors; mu/kappa/delta,"OPRD1, OPRK1, OPRM1",Membrane receptor,Opioid receptors; mu/kappa/delta agonist
NALBUPHINE HYDROCHLORIDE,['Nalbuphine hydrochloride' 'Nubain'],Small molecule,Pain,Opioid receptors; mu/kappa/delta,"OPRD1, OPRK1, OPRM1",Membrane receptor,Opioid receptors; mu/kappa/delta agonist
NALDEMEDINE,[],Small molecule,Constipation,Mu-type opioid receptor,OPRM1,Membrane receptor,Mu opioid receptor antagonist
NALDEMEDINE TOSYLATE,['Rizmoic' 'Symproic'],Small molecule,"Constipation, constipation disorder",Mu-type opioid receptor,OPRM1,Membrane receptor,Mu opioid receptor antagonist
NALMEFENE,['Selincro'],Small molecule,alcohol dependence,"Delta-type opioid receptor, Kappa-type opioid receptor, Mu-type opioid receptor","OPRD1, OPRK1, OPRM1",Membrane receptor,"Delta opioid receptor antagonist, Kappa opioid receptor partial agonist, Mu opioid receptor antagonist"
NALMEFENE HYDROCHLORIDE DIHYDRATE,['Selincro'],Small molecule,alcohol dependence,"Delta-type opioid receptor, Kappa-type opioid receptor, Mu-type opioid receptor","OPRD1, OPRK1, OPRM1",Membrane receptor,"Delta opioid receptor antagonist, Kappa opioid receptor partial agonist, Mu opioid receptor antagonist"
NALOXEGOL,['Moventig'],Small molecule,Constipation,Mu-type opioid receptor,OPRM1,Membrane receptor,Mu opioid receptor antagonist
NALOXEGOL OXALATE,['Movantik' 'Moventig' 'Naloxegol oxalate component of movantik'],Small molecule,"Constipation, Pain, constipation disorder, opioid dependence",Mu-type opioid receptor,OPRM1,Membrane receptor,Mu opioid receptor antagonist
NALOXONE,[],Small molecule,Constipation,Opioid receptors; mu/kappa/delta,"OPRD1, OPRK1, OPRM1",Membrane receptor,Opioid receptors; mu/kappa/delta antagonist
NALOXONE HYDROCHLORIDE,"['Evzio' 'Evzio (autoinjector)' 'Kloxxado' 'Naloxone hydrochloride'
 'Naloxone hydrochloride (autoinjector)'
 'Naloxone hydrochloride component of bunavail'
 'Naloxone hydrochloride component of cassipa'
 'Naloxone hydrochloride component of suboxone'
 'Naloxone hydrochloride component of talwin nx'
 'Naloxone hydrochloride component of targiniq'
 'Naloxone hydrochloride component of zubsolv' 'Narcan' 'Narcan neonatal'
 'Narconil' 'Prenoxad' 'Rextovy' 'Rezenopy' 'Rivive' 'Zimhi']",Small molecule,"Pain, septic shock",Opioid receptors; mu/kappa/delta,"OPRD1, OPRK1, OPRM1",Membrane receptor,Opioid receptors; mu/kappa/delta antagonist
NALOXONE HYDROCHLORIDE DIHYDRATE,"['Naloxone hydrochloride dihydrate component of bunavail'
 'Naloxone hydrochloride dihydrate component of cassipa' 'Nyxoid']",Small molecule,opioid dependence,Opioid receptors; mu/kappa/delta,"OPRD1, OPRK1, OPRM1",Membrane receptor,Opioid receptors; mu/kappa/delta antagonist
NALTREXONE,['Celupan' 'Trexal' 'Vivitrol'],Small molecule,"alcohol abuse, alcohol dependence",Opioid receptors; mu/kappa/delta,"OPRD1, OPRK1, OPRM1",Membrane receptor,Opioid receptors; mu/kappa/delta antagonist
NALTREXONE HYDROCHLORIDE,"['Adepend' 'Depade' 'Nalorex' 'Naltrexone hydrochloride'
 'Naltrexone hydrochloride component of contrave'
 'Naltrexone hydrochloride component of embeda'
 'Naltrexone hydrochloride component of troxyca' 'Opizone' 'Revia']",Small molecule,Pain,Opioid receptors; mu/kappa/delta,"OPRD1, OPRK1, OPRM1",Membrane receptor,Opioid receptors; mu/kappa/delta antagonist
NAPHAZOLINE,[],Small molecule,"Nasal congestion, eye allergy",Adrenergic receptor alpha,"ADRA1A, ADRA1B, ADRA1D, ADRA2A, ADRA2B, ADRA2C",Membrane receptor,Adrenergic receptor alpha agonist
NAPHAZOLINE HYDROCHLORIDE,"['Albalon' 'Antistin-privine' 'Gppe nsl soln' 'Nafazair' 'Naphaz hcl'
 'Naphazoline hydrochloride'
 'Naphazoline hydrochloride component of naphcon-a'
 'Naphazoline hydrochloride component of opcon-a'
 'Naphazoline hydrochloride component of vasocon-a'
 'Naphazoline hydrochloride component of visine'
 'Naphazoline hydrochloride component of visine-a' 'Naphcon forte' 'Opcon'
 'Vasocon']",Small molecule,"Nasal congestion, common cold, seasonal allergic rhinitis, sinusitis",Adrenergic receptor alpha,"ADRA1A, ADRA1B, ADRA1D, ADRA2A, ADRA2B, ADRA2C",Membrane receptor,Adrenergic receptor alpha agonist
NAPROXEN,"['Arthrosin 250' 'Arthrosin 250 ec' 'Arthrosin 500' 'Arthrosin 500 ec'
 'Condrotec' 'Ec-naprosyn' 'Feminax ultra' 'Grenoxal' 'Kenosyn' 'Laraflex'
 'Napratec op' 'Naprosyn' 'Naprosyn 375' 'Naprosyn ec' 'Naproxen'
 'Naproxen component of vimovo' 'Nycopren' 'Pranoxen continus' 'Prosaid'
 'Rheuflex 250' 'Rheuflex 500' 'Rimoxyn' 'Stirlescent' 'Timpron'
 'Timpron 250 ec' 'Timpron 500 ec' 'Valrox']",Small molecule,"Arthralgia, Back pain, Dysmenorrhea, Fever, Headache, Myalgia, Pain, ankylosing spondylitis, arthritis, bursitis, common cold, gastric ulcer, gout, juvenile idiopathic arthritis, muscle cramp, osteoarthritis, rheumatic disease, rheumatoid arthritis, spondylitis, tendinitis, toothache, vaginal inflammation",Cyclooxygenase,"PTGS1, PTGS2",Enzyme,Cyclooxygenase inhibitor
NAPROXEN SODIUM,"['Aleve' 'Anaprox' 'Anaprox ds' 'Naprelan' 'Naproxen sodium'
 'Naproxen sodium component of aleve-d'
 'Naproxen sodium component of treximet' 'Synflex']",Small molecule,"Back pain, Dysmenorrhea, Headache, Pain, Tendinopathy, ankylosing spondylitis, bursitis, frozen shoulder, gout, juvenile idiopathic arthritis, migraine disorder, osteoarthritis, rheumatoid arthritis, spondylitis",Cyclooxygenase,"PTGS1, PTGS2",Enzyme,Cyclooxygenase inhibitor
NARATRIPTAN,[],Small molecule,migraine disorder,"5-hydroxytryptamine receptor 1B, 5-hydroxytryptamine receptor 1D","HTR1B, HTR1D",Membrane receptor,"Serotonin 1b (5-HT1b) receptor agonist, Serotonin 1d (5-HT1d) receptor agonist"
NARATRIPTAN HYDROCHLORIDE,['Amerge' 'Naramig'],Small molecule,migraine disorder,"5-hydroxytryptamine receptor 1B, 5-hydroxytryptamine receptor 1D","HTR1B, HTR1D",Membrane receptor,"Serotonin 1b (5-HT1b) receptor agonist, Serotonin 1d (5-HT1d) receptor agonist"
NATALIZUMAB,['Natalizumab elan pharma' 'Tyruko' 'Tysabri'],Antibody,"Crohn's disease, inflammation, multiple sclerosis, relapsing-remitting multiple sclerosis",Integrin alpha-4/beta-7,ITGA4,Membrane receptor,Integrin alpha-4/beta-7 inhibitor
NATEGLINIDE,['Nateglinide' 'Starlix' 'Starsis' 'Trazec'],Small molecule,"diabetes mellitus, type 2 diabetes mellitus","Sulfonylurea receptor 1, Kir6.2","ABCC8, KCNJ11","Ion channel, Transporter","Sulfonylurea receptor 1, Kir6.2 blocker"
NEBIVOLOL,['Hypoloc' 'Nebilet' 'Nebivolol component of byvalson'],Small molecule,cardiovascular disease,"Beta-1 adrenergic receptor, Beta-2 adrenergic receptor","ADRB1, ADRB2",Membrane receptor,"Beta-1 adrenergic receptor antagonist, Beta-2 adrenergic receptor antagonist"
NEBIVOLOL HYDROCHLORIDE,"['Bystolic' 'Nebivolol hydrochloride'
 'Nebivolol hydrochloride component of byvalson']",Small molecule,"hypertension, stroke","Beta-1 adrenergic receptor, Beta-2 adrenergic receptor","ADRB1, ADRB2",Membrane receptor,"Beta-1 adrenergic receptor antagonist, Beta-2 adrenergic receptor antagonist"
NECITUMUMAB,['Portrazza'],Antibody,"neoplasm, non-small cell lung carcinoma",Epidermal growth factor receptor,EGFR,"Enzyme, Unclassified protein",Epidermal growth factor receptor erbB1 inhibitor
NEDOSIRAN SODIUM,['Rivfloza'],Oligonucleotide,primary hyperoxaluria,L-lactate dehydrogenase A chain mRNA,LDHA,"Enzyme, Unclassified protein",L-lactate dehydrogenase A chain mRNA RNAi inhibitor
NEFAZODONE,[],Small molecule,major depressive disorder,"5-hydroxytryptamine receptor 2A, 5-hydroxytryptamine receptor 2C, Sodium-dependent noradrenaline transporter, Sodium-dependent serotonin transporter","HTR2A, HTR2C, SLC6A2, SLC6A4","Membrane receptor, Transporter","Norepinephrine transporter inhibitor, Serotonin 2a (5-HT2a) receptor antagonist, Serotonin 2c (5-HT2c) receptor antagonist, Serotonin transporter inhibitor"
NEFAZODONE HYDROCHLORIDE,['Dutonin' 'Nefazodone hydrochloride' 'Serzone'],Small molecule,major depressive disorder,"5-hydroxytryptamine receptor 2A, 5-hydroxytryptamine receptor 2C, Sodium-dependent noradrenaline transporter, Sodium-dependent serotonin transporter","HTR2A, HTR2C, SLC6A2, SLC6A4","Membrane receptor, Transporter","Norepinephrine transporter inhibitor, Serotonin 2a (5-HT2a) receptor antagonist, Serotonin 2c (5-HT2c) receptor antagonist, Serotonin transporter inhibitor"
NEOSTIGMINE,[],Small molecule,glaucoma,Acetylcholinesterase,ACHE,Enzyme,Acetylcholinesterase inhibitor
NEOSTIGMINE METHYLSULFATE,"['Bloxiverz' 'Neostigmine methylsulfate'
 'Neostigmine methylsulfate component of prevduo' 'Robinul-neostig']",Small molecule,Myasthenia gravis,Acetylcholinesterase,ACHE,Enzyme,Acetylcholinesterase inhibitor
NEPAFENAC,['Ilevro' 'Nevanac'],Small molecule,"Pain, cataract, eye inflammation, inflammation",Cyclooxygenase,"PTGS1, PTGS2",Enzyme,Cyclooxygenase inhibitor
NERATINIB MALEATE,['Nerlynx'],Small molecule,"breast cancer, breast carcinoma","Epidermal growth factor receptor, Receptor tyrosine-protein kinase erbB-2, Receptor tyrosine-protein kinase erbB-4","EGFR, ERBB2, ERBB4","Enzyme, Unclassified protein","Epidermal growth factor receptor erbB1 inhibitor, Receptor protein-tyrosine kinase erbB-2 inhibitor, Receptor protein-tyrosine kinase erbB-4 inhibitor"
NESIRITIDE,['Natrecor'],Protein,cardiovascular disease,Atrial natriuretic peptide receptor 1,NPR1,"Enzyme, Membrane receptor",Atrial natriuretic peptide receptor A agonist
NETARSUDIL DIMESYLATE,['Netarsudil dimesylate component of rocklatan' 'Rhokiinsa' 'Rhopressa'],Small molecule,"ocular hypertension, open-angle glaucoma",Rho-associated protein kinase,"ROCK1, ROCK2",Enzyme,Rho-associated protein kinase inhibitor
NETUPITANT,"['Netupitant component of akynzeo'
 'Netupitant component of akynzeo capsule']",Small molecule,Chemotherapy-induced nausea and vomiting,Substance-P receptor,TACR1,Membrane receptor,Neurokinin 1 receptor antagonist
NICARDIPINE,[],Small molecule,cardiovascular disease,Voltage-gated L-type calcium channel,"CACNA1C, CACNA1D, CACNA1F, CACNA1S","Auxiliary transport protein, Ion channel",Voltage-gated L-type calcium channel blocker
NICARDIPINE HYDROCHLORIDE,['Cardene' 'Cardene sr' 'Nicardipine hydrochloride'],Small molecule,hypertension,Voltage-gated L-type calcium channel,"CACNA1C, CACNA1D, CACNA1F, CACNA1S","Auxiliary transport protein, Ion channel",Voltage-gated L-type calcium channel blocker
NICOTINE,"['Habitrol' 'Nicabate' 'Nicoderm cq' 'Nicopass' 'Nicopatch'
 'Nicorette invisi' 'Nicotine' 'Nicotinell classic' 'Nicotinell support'
 'Nicotinell tts 10' 'Nicotinell tts 20' 'Nicotinell tts 30' 'Nicotrol'
 'Nicotrol inhaler' 'Nicotrol ns' 'Niquitin' 'Niquitin clr'
 'Niquitin minis cherry' 'Niquitin minis mint' 'Niquitin minis orange'
 'Niquitin mint' 'Niquitin pre-quit' 'Niquitin strips mint' 'Prostep'
 'Stoppers' 'Stubit']",Small molecule,nicotine dependence,Neuronal acetylcholine receptor; alpha4/beta2,"CHRNA4, CHRNB2",Ion channel,Neuronal acetylcholine receptor; alpha4/beta2 agonist
NIFEDIPINE,"['Adalat' 'Adalat a.r.' 'Adalat cc' 'Adalat ic' 'Adalat la 20'
 'Adalat la 30' 'Adalat la 60' 'Adalat ret' 'Adalate lp' 'Adanif xl'
 'Adipine mr 10' 'Adipine mr 20' 'Adipine xl' 'Afeditab cr' 'Angiopine 10'
 'Angiopine 40 la' 'Angiopine 5' 'Angiopine mr 10' 'Angiopine mr 20'
 'Calanif' 'Calchan mr 10' 'Calchan mr 20' 'Calcilat' 'Cardilate mr'
 'Coracten sr' 'Coracten xl' 'Coroday mr' 'Fortipine la40'
 'Genalat 10 ret' 'Genalat 20 ret' 'Hypolar ret 10' 'Hypolar ret 20'
 'Hypolar xl 30' 'Kentipine' 'Kentipine mr 10' 'Kentipine mr 20'
 'Neozipine xl' 'Nife-wolff' 'Nifedipine' 'Nifedipress mr 10'
 'Nifedipress mr 20' 'Nifedotard 20 mr' 'Nifelease' 'Nifensar xl'
 'Nifopress mr' 'Nifopress ret' 'Nimodrel mr 10' 'Nimodrel mr 20'
 'Nimodrel xl' 'Nivaten ret' 'Procardia' 'Procardia xl'
 'Slofedipine xl 30' 'Slofedipine xl 60' 'Tensipine mr 10'
 'Tensipine mr 20' 'Unipine xl' 'Valni 20 ret' 'Valni xl' 'Vasad']",Small molecule,"Coronary Vasospasm, cardiovascular disease, hypertension",Voltage-gated L-type calcium channel,"CACNA1C, CACNA1D, CACNA1F, CACNA1S","Auxiliary transport protein, Ion channel",Voltage-gated L-type calcium channel blocker
NILOTINIB HYDROCHLORIDE MONOHYDRATE,['Tasigna'],Small molecule,chronic myelogenous leukemia,"Bcr/Abl fusion protein, Tyrosine-protein kinase ABL1","ABL1, BCR","Enzyme, Other cytosolic protein, Unclassified protein","Bcr/Abl fusion protein inhibitor, Tyrosine-protein kinase ABL inhibitor"
NILUTAMIDE,['Anadron' 'Nilandron' 'Nilutamide'],Small molecule,"neoplasm, prostate cancer",Androgen receptor,AR,Transcription factor,Androgen Receptor antagonist
NIMODIPINE,['Nimodipine' 'Nimotop' 'Nymalize'],Small molecule,cardiovascular disease,"Mineralocorticoid receptor, Voltage-gated L-type calcium channel","CACNA1C, CACNA1D, CACNA1F, CACNA1S, NR3C2","Auxiliary transport protein, Ion channel, Transcription factor","Mineralocorticoid receptor antagonist, Voltage-gated L-type calcium channel blocker"
NINTEDANIB ESYLATE,['Nintedanib accord' 'Ofev' 'Vargatef'],Small molecule,"idiopathic pulmonary fibrosis, systemic scleroderma","Fibroblast growth factor receptor, Platelet-derived growth factor receptor, Vascular endothelial growth factor receptor","FGFR1, FGFR2, FGFR3, FGFR4, FLT1, FLT4, KDR, PDGFRA, PDGFRB","Enzyme, Secreted protein, Unclassified protein","Fibroblast growth factor receptor inhibitor, Platelet-derived growth factor receptor inhibitor, Vascular endothelial growth factor receptor inhibitor"
NIRAPARIB,['Zejula'],Small molecule,neoplasm,"Poly [ADP-ribose] polymerase 1, Poly [ADP-ribose] polymerase 2","PARP1, PARP2","Enzyme, Unclassified protein","Poly [ADP-ribose] polymerase 2 inhibitor, Poly [ADP-ribose] polymerase-1 inhibitor"
NIRAPARIB TOSYLATE MONOHYDRATE,"['Niraparib tosylate component of akeega'
 'Niraparib tosylate monohydrate component of akeega  niraparib tosylate'
 'Zejula']",Small molecule,"Fallopian Tube Carcinoma, ovarian carcinoma, ovarian neoplasm, peritoneal neoplasm","Poly [ADP-ribose] polymerase 1, Poly [ADP-ribose] polymerase 2","PARP1, PARP2","Enzyme, Unclassified protein","Poly [ADP-ribose] polymerase 2 inhibitor, Poly [ADP-ribose] polymerase-1 inhibitor"
NISOLDIPINE,"['Nisocor' 'Nisoldipine' 'Sular' 'Syscor mr 10' 'Syscor mr 20'
 'Syscor mr 30']",Small molecule,"cardiovascular disease, hypertension",Voltage-gated L-type calcium channel,"CACNA1C, CACNA1D, CACNA1F, CACNA1S","Auxiliary transport protein, Ion channel",Voltage-gated L-type calcium channel blocker
NITISINONE,['Nitisinone mdk (previously nitisinone mendelikabs)' 'Nityr' 'Orfadin'],Small molecule,tyrosinemia,4-hydroxyphenylpyruvate dioxygenase,HPD,Enzyme,4-hydroxyphenylpyruvate dioxygenase inhibitor
NITRENDIPINE,['Baypress'],Small molecule,cardiovascular disease,Voltage-gated L-type calcium channel,"CACNA1C, CACNA1D, CACNA1F, CACNA1S","Auxiliary transport protein, Ion channel",Voltage-gated L-type calcium channel blocker
NITRIC OXIDE,['Genosyl' 'Inomax'],Small molecule,"Respiratory insufficiency, pulmonary arterial hypertension, pulmonary hypertension, respiratory failure, respiratory system disease",Soluble guanylate cyclase,"GUCY1B1, GUCY1B2",Enzyme,Soluble guanylate cyclase activator
NITROGLYCERIN,"['Coro-nitro' 'Deponit 10' 'Deponit 5' 'Glytrin' 'Gonitro' 'Lenitral 7.5'
 'Minitran' 'Minitran 10' 'Minitran 15' 'Minitran 5' 'Natirose'
 'Nitriderm tts' 'Nitro iv' 'Nitro-bid' 'Nitro-dur' 'Nitro-mack ret'
 'Nitrocine' 'Nitrocontin continus' 'Nitroglycerin' 'Nitrol'
 'Nitrolingual' 'Nitrolingual pumpspray' 'Nitromin' 'Nitromist' 'Nitronal'
 'Nitrostat' 'Percutol' 'Rectiv' 'Rectogesic' 'Suscard buccal' 'Sustac'
 'Transderm-nitro' 'Transiderm-nitro 10' 'Transiderm-nitro 5' 'Tridil'
 'Trintek 10' 'Trintek 15' 'Trintek 5']",Small molecule,"Pain, angina pectoris, cardiovascular disease, congestive heart failure, coronary artery disease, heart failure, hemorrhoid, hypertension, myocardial infarction",Soluble guanylate cyclase,"GUCY1B1, GUCY1B2",Enzyme,Soluble guanylate cyclase activator
NITROPRUSSIDE,[],Small molecule,hypertension,Soluble guanylate cyclase,"GUCY1B1, GUCY1B2",Enzyme,Soluble guanylate cyclase activator
NIVOLUMAB,"['Nivolumab bms' 'Nivolumab component of bms-986213'
 'Nivolumab component of opdualag' 'Opdivo']",Antibody,"Hodgkins lymphoma, Transitional Cell Carcinoma, classic Hodgkin lymphoma, colorectal neoplasm, head and neck squamous cell carcinoma, melanoma, mesothelioma, metastatic melanoma, neoplasm, non-small cell lung carcinoma, renal cell carcinoma",Programmed cell death protein 1,PDCD1,Surface antigen,Programmed cell death protein 1 inhibitor
NIZATIDINE,['Axid' 'Axid ar' 'Nizatidine' 'Zinga 150' 'Zinga 300'],Small molecule,"Esophagitis, Peptic ulcer, duodenal ulcer, gastroesophageal reflux disease",Histamine H2 receptor,HRH2,Membrane receptor,Histamine H2 receptor antagonist
NONACOG BETA PEGOL,['Refixia'],Protein,hemophilia B,Coagulation factor IX,F9,"Enzyme, Secreted protein",Coagulation factor IX exogenous protein
NOREPINEPHRINE,[],Small molecule,cardiovascular disease,Adrenergic receptor,"ADRA1A, ADRA1B, ADRA1D, ADRA2A, ADRA2B, ADRA2C, ADRB1, ADRB2, ADRB3",Membrane receptor,Adrenergic receptor agonist
NOREPINEPHRINE BITARTRATE,"['Levophed' 'Norepinephrine bitartrate'
 'Norepinephrine bitartrate in 5% dextrose']",Small molecule,"Sepsis, acute hypotension, poliomyelitis",Adrenergic receptor,"ADRA1A, ADRA1B, ADRA1D, ADRA2A, ADRA2B, ADRA2C, ADRB1, ADRB2, ADRB3",Membrane receptor,Adrenergic receptor agonist
NORETHINDRONE ACETATE,"['Aygestin' 'Norethidrone acetate' 'Norethindrone acetate'
 'Norethindrone acetate component of activella'
 'Norethindrone acetate component of combipatch'
 'Norethindrone acetate component of estrostep fe'
 'Norethindrone acetate component of femhrt'
 'Norethindrone acetate component of femlyv'
 'Norethindrone acetate component of lo loestrin fe'
 'Norethindrone acetate component of myfembree'
 'Norethindrone acetate component of oriahnn'
 'Norethindrone acetate component of taytulla'
 'Norethindrone acetate component of tri-legest fe' 'Norlutate']",Small molecule,"acne, endometriosis, hypogonadism",Progesterone receptor,PGR,"Transcription factor, Unclassified protein",Progesterone receptor agonist
NORGESTIMATE,"['Norgestimate component of ortho tri-cyclen'
 'Norgestimate component of prefest' 'Norgestimate component of previfem'
 'Norgestimate component of sprintec'
 'Norgestimate component of tri lo sprintec'
 'Norgestimate component of tri-previfem'
 'Norgestimate component of tri-sprintec']",Small molecule,acne,Progesterone receptor,PGR,"Transcription factor, Unclassified protein",Progesterone receptor agonist
NORGESTREL,"['Norgestrel component of cryselle' 'Norgestrel component of ovral'
 'Opill' 'Ovrette']",Small molecule,hemorrhage,Progesterone receptor,PGR,"Transcription factor, Unclassified protein",Progesterone receptor agonist
NORTRIPTYLINE,['Allegron' 'Aventyl' 'Motipress' 'Motival'],Small molecule,"depressive disorder, major depressive disorder","Sodium-dependent noradrenaline transporter, Sodium-dependent serotonin transporter","SLC6A2, SLC6A4",Transporter,"Norepinephrine transporter inhibitor, Serotonin transporter inhibitor"
NUSINERSEN SODIUM,['Spinraza'],Oligonucleotide,spinal muscular atrophy,SMN2 pre-mRNA,SMN2,Epigenetic regulator,SMN2 pre-mRNA positive modulator
OBETICHOLIC ACID,['Ocaliva'],Small molecule,"Cholangitis, biliary liver cirrhosis, primary biliary cirrhosis",Bile acid receptor,NR1H4,Transcription factor,Bile acid receptor FXR agonist
OBINUTUZUMAB,['Gazyvaro'],Antibody,"chronic lymphocytic leukemia, follicular lymphoma, neoplasm",B-lymphocyte antigen CD20,MS4A1,Ion channel,B-lymphocyte antigen CD20 binding agent
OCRELIZUMAB,['Ocrelizumab component of ocrevus zunovo' 'Ocrevus'],Antibody,"chronic progressive multiple sclerosis, multiple sclerosis, relapsing-remitting multiple sclerosis",B-lymphocyte antigen CD20,MS4A1,Ion channel,B-lymphocyte antigen CD20 binding agent
OCRIPLASMIN,['Jetrea'],Protein,"Abnormal retinal morphology, eye disease","Collagen, Fibronectin, Laminin","COL11A1, COL11A2, COL15A1, COL18A1, COL1A1, COL1A2, COL24A1, COL27A1, COL28A1, COL2A1, COL3A1, COL4A1, COL4A2, COL4A3, COL4A4, COL4A5, COL4A6, COL5A1, COL5A2, COL5A3, COL6A1, COL6A2, COL6A3, COL6A5, COL6A6, FN1, LAMA1, LAMA2, LAMA3, LAMA4, LAMA5, LAMB1, LAMB2, LAMB3, LAMB4, LAMC1, LAMC2, LAMC3","Adhesion, Structural protein","Collagen hydrolytic enzyme, Fibronectin proteolytic enzyme, Laminin hydrolytic enzyme"
OCTOCOG ALFA,"['Advate' 'Helixate fs' 'Helixate nexgen' 'Helixate nextgen' 'Iblias'
 'Kogenate' 'Kogenate bayer' 'Kogenate fs' 'Kovaltry' 'Recombinate']",Protein,hemophilia A,Coagulation factor VIII,F8,"Enzyme, Secreted protein",Coagulation factor VIII exogenous protein
OCTREOTIDE ACETATE,"['Bynfezia pen' 'Mycapssa' 'Octreotide acetate'
 'Octreotide acetate (preservative free)'
 'Octreotide acetate preservative free' 'Sandostatin' 'Sandostatin lar']",Protein,"acromegaly, carcinoid tumor, metastasis, neoplasm",Somatostatin receptor,"SSTR1, SSTR2, SSTR3, SSTR4, SSTR5",Membrane receptor,Somatostatin receptor agonist
ODEVIXIBAT SESQUIHYDRATE,['Bylvay'],Small molecule,"Pruritus, familial intrahepatic cholestasis",Ileal sodium/bile acid cotransporter,SLC10A2,Transporter,Ileal bile acid transporter inhibitor
OFATUMUMAB,['Arzerra' 'Kesimpta'],Antibody,"chronic lymphocytic leukemia, multiple sclerosis, neoplasm, relapsing-remitting multiple sclerosis",B-lymphocyte antigen CD20,MS4A1,Ion channel,B-lymphocyte antigen CD20 binding agent
OLANZAPINE,"['Arkolamyl' 'Olansek' 'Olanzapine' 'Olanzapine apotex'
 'Olanzapine cipla (previously olanzapine neopharma)'
 'Olanzapine component of lybalvi' 'Olanzapine component of symbyax'
 'Olanzapine glenmark' 'Olanzapine glenmark europe' 'Olanzapine mylan'
 'Olanzapine teva' 'Olazax' 'Olazax disperzi' 'Zalasta' 'Zyprexa'
 'Zyprexa velotab' 'Zyprexa zydis']",Small molecule,"Agitation, bipolar I disorder, bipolar disorder, major depressive disorder, mental or behavioural disorder, psychosis, schizoaffective disorder, schizophrenia","5-hydroxytryptamine receptor 2A, 5-hydroxytryptamine receptor 2C, D2-like dopamine receptor","DRD2, DRD3, DRD4, HTR2A, HTR2C",Membrane receptor,"D2-like dopamine receptor antagonist, Serotonin 2a (5-HT2a) receptor antagonist, Serotonin 2c (5-HT2c) receptor antagonist"
OLANZAPINE PAMOATE,['Zypadhera' 'Zyprexa relprevv'],Small molecule,schizophrenia,"5-hydroxytryptamine receptor 2A, 5-hydroxytryptamine receptor 2C, D2-like dopamine receptor","DRD2, DRD3, DRD4, HTR2A, HTR2C",Membrane receptor,"D2-like dopamine receptor antagonist, Serotonin 2a (5-HT2a) receptor antagonist, Serotonin 2c (5-HT2c) receptor antagonist"
OLAPARIB,['Lynparza'],Small molecule,"cancer, neoplasm, ovarian cancer, ovarian carcinoma, ovarian neoplasm, prostate cancer","PARP 1, 2 and 3","PARP1, PARP2, PARP3","Enzyme, Unclassified protein","PARP 1, 2 and 3 inhibitor"
OLARATUMAB,['Lartruvo'],Antibody,"neoplasm, sarcoma",Platelet-derived growth factor receptor alpha,PDGFRA,Enzyme,Platelet-derived growth factor receptor alpha antagonist
OLICERIDINE,['Olinvyk' 'Olynvik'],Small molecule,Pain,Mu-type opioid receptor,OPRM1,Membrane receptor,Mu opioid receptor agonist
OLMESARTAN MEDOXOMIL,"['Benicar' 'Olmesartan medoxomil' 'Olmesartan medoxomil component of azor'
 'Olmesartan medoxomil component of benicar hct'
 'Olmesartan medoxomil component of tribenzor' 'Olmetec']",Small molecule,"cardiovascular disease, diabetes mellitus, heart failure, hypertension, myocardial infarction, stroke",Type-1 angiotensin II receptor,AGTR1,Membrane receptor,Type-1 angiotensin II receptor antagonist
OLMUTINIB,[],Small molecule,neoplasm,Epidermal growth factor receptor,EGFR,"Enzyme, Unclassified protein",Epidermal growth factor receptor erbB1 inhibitor
OLODATEROL,['Striverdi respimat'],Small molecule,Airway obstruction,Beta-2 adrenergic receptor,ADRB2,Membrane receptor,Beta-2 adrenergic receptor agonist
OLODATEROL HYDROCHLORIDE,['Striverdi respimat'],Small molecule,"chronic bronchitis, chronic obstructive pulmonary disease, emphysema",Beta-2 adrenergic receptor,ADRB2,Membrane receptor,Beta-2 adrenergic receptor agonist
OLOPATADINE,['Opatanol'],Small molecule,"Nasal congestion, eye allergy",Histamine H1 receptor,HRH1,Membrane receptor,Histamine H1 receptor antagonist
OLOPATADINE HYDROCHLORIDE,"['Olopatadine hydrochloride'
 'Olopatadine hydrochloride component of ryaltris' 'Opatanol' 'Pataday'
 'Pataday once daily relief' 'Pataday twice daily relief' 'Patanase'
 'Patanol' 'Pazeo']",Small molecule,"Pruritus, allergic conjunctivitis, allergic rhinitis, seasonal allergic rhinitis",Histamine H1 receptor,HRH1,Membrane receptor,Histamine H1 receptor antagonist
OLSALAZINE SODIUM,['Dipentum'],Small molecule,ulcerative colitis,"Cyclooxygenase, Peroxisome proliferator-activated receptor gamma, Polyunsaturated fatty acid 5-lipoxygenase","ALOX5, PPARG, PTGS1, PTGS2","Enzyme, Epigenetic regulator, Other cytosolic protein, Transcription factor","Arachidonate 5-lipoxygenase inhibitor, Cyclooxygenase inhibitor, Peroxisome proliferator-activated receptor gamma agonist"
OLUTASIDENIB,['Rezlidhia'],Small molecule,acute myeloid leukemia,Isocitrate dehydrogenase [NADP] cytoplasmic,IDH1,Enzyme,Isocitrate dehydrogenase [NADP] cytoplasmic inhibitor
OMALIZUMAB,['Omlyclo' 'Xolair'],Antibody,"Airway obstruction, asthma, urticaria",Immunoglobulin heavy constant epsilon,IGHE,Secreted protein,Ig epsilon chain C region inhibitor
OMAVELOXOLONE,['Skyclarys'],Small molecule,Friedreich ataxia,Nuclear factor erythroid 2-related factor 2,NFE2L2,"Transcription factor, Unclassified protein",Nuclear factor erythroid 2-related factor 2 activator
OMEPRAZOLE,"['Antra' 'Losec' 'Losec mups' 'Mezzopram' 'Mopral' 'Omeprazole'
 'Omeprazole component of konvomep' 'Omeprazole component of pa-32540'
 'Omeprazole component of yosprala' 'Omeprazole component of zegerid'
 'Omeran' 'Prilosec' 'Zanprol']",Small molecule,"Esophagitis, Peptic ulcer, duodenal ulcer, gastric ulcer, gastroesophageal reflux disease, infection, peptic ulcer disease",Potassium-transporting ATPase,ATP4A,Transporter,Potassium-transporting ATPase inhibitor
OMIDENEPAG ISOPROPYL,['Omlonti'],Small molecule,"ocular hypertension, open-angle glaucoma",Prostaglandin E2 receptor EP2 subtype,PTGER2,Membrane receptor,Prostanoid EP2 receptor agonist
ONASEMNOGENE ABEPARVOVEC,['Zolgensma'],Gene,spinal muscular atrophy,Survival motor neuron protein,"SMN1, SMN2",Epigenetic regulator,Survival motor neuron protein exogenous gene
ONDANSETRON,['Ondansetron' 'Zofran odt' 'Zuplenz'],Small molecule,"Chemotherapy-induced nausea and vomiting, Nausea, Nausea and vomiting, cancer, post operative nausea and vomiting",5-hydroxytryptamine receptor 3A,HTR3A,"Ion channel, Membrane receptor",Serotonin 3a (5-HT3a) receptor antagonist
ONDANSETRON HYDROCHLORIDE,"['Demorem' 'Ondansetron hydrochloride'
 'Ondansetron hydrochloride preservative free' 'Ondemet' 'Setofilm'
 'Zofran' 'Zofran preservative free']",Small molecule,"Chemotherapy-induced nausea and vomiting, Nausea, Nausea and vomiting, Vomiting, cancer, post operative nausea and vomiting",5-hydroxytryptamine receptor 3A,HTR3A,"Ion channel, Membrane receptor",Serotonin 3a (5-HT3a) receptor antagonist
OPICAPONE,['Ongentys' 'Ontilyv'],Small molecule,Parkinson disease,Catechol O-methyltransferase,COMT,Enzyme,Catechol O-methyltransferase inhibitor
OPRELVEKIN,['Neumega'],Protein,"Thrombocytopenia, neoplasm",Interleukin-11 receptor subunit alpha,IL11RA,Membrane receptor,Interleukin 11 receptor alpha agonist
ORLISTAT,['Alli' 'Alli (previously orlistat gsk)' 'Beacita' 'Xenical'],Small molecule,obesity,"Gastric triacylglycerol lipase, Pancreatic triacylglycerol lipase","LIPF, PNLIP",Enzyme,"Gastric lipase inhibitor, Pancreatic lipase inhibitor"
ORPHENADRINE CITRATE,"['Norflex' 'Orphenadrine citrate'
 'Orphenadrine citrate component of invagesic'
 'Orphenadrine citrate component of invagesic forte'
 'Orphenadrine citrate component of norgesic'
 'Orphenadrine citrate component of orphengesic'
 'Orphenadrine citrate component of orphengesic forte']",Small molecule,Pain,"Glutamate [NMDA] receptor, Histamine H1 receptor, Sodium channel alpha subunit, Sodium-dependent noradrenaline transporter","GRIN1, GRIN2A, GRIN2B, GRIN2C, GRIN2D, GRIN3A, GRIN3B, HRH1, SCN10A, SCN11A, SCN1A, SCN2A, SCN3A, SCN4A, SCN5A, SCN7A, SCN8A, SCN9A, SLC6A2","Ion channel, Membrane receptor, Transporter, Unclassified protein","Glutamate [NMDA] receptor antagonist, Histamine H1 receptor antagonist, Norepinephrine transporter inhibitor, Sodium channel alpha subunit blocker"
ORPHENADRINE HYDROCHLORIDE,['Disipal'],Small molecule,Parkinson disease,"Glutamate [NMDA] receptor, Histamine H1 receptor, Sodium channel alpha subunit, Sodium-dependent noradrenaline transporter","GRIN1, GRIN2A, GRIN2B, GRIN2C, GRIN2D, GRIN3A, GRIN3B, HRH1, SCN10A, SCN11A, SCN1A, SCN2A, SCN3A, SCN4A, SCN5A, SCN7A, SCN8A, SCN9A, SLC6A2","Ion channel, Membrane receptor, Transporter, Unclassified protein","Glutamate [NMDA] receptor antagonist, Histamine H1 receptor antagonist, Norepinephrine transporter inhibitor, Sodium channel alpha subunit blocker"
OSILODROSTAT,[],Small molecule,adrenal gland disease,"Cytochrome P450 11B1, mitochondrial",CYP11B1,Enzyme,Cytochrome P450 11B1 inhibitor
OSILODROSTAT PHOSPHATE,['Isturisa'],Small molecule,"Cushing syndrome, pituitary-dependent Cushing's disease","Cytochrome P450 11B1, mitochondrial",CYP11B1,Enzyme,Cytochrome P450 11B1 inhibitor
OSIMERTINIB,['Tagrisso'],Small molecule,neoplasm,Epidermal growth factor receptor,EGFR,"Enzyme, Unclassified protein",Epidermal growth factor receptor erbB1 inhibitor
OSIMERTINIB MESYLATE,['Tagrisso'],Small molecule,non-small cell lung carcinoma,Epidermal growth factor receptor,EGFR,"Enzyme, Unclassified protein",Epidermal growth factor receptor erbB1 inhibitor
OSPEMIFENE,['Osphena' 'Senshio'],Small molecule,"Atrophic Vaginitis, Atrophy, Dyspareunia, menopause",Estrogen receptor,"ESR1, ESR2","Other cytosolic protein, Transcription factor, Unclassified protein",Estrogen receptor modulator
OXAPROZIN,['Coxanto' 'Daypro' 'Oxaprozin'],Small molecule,"juvenile idiopathic arthritis, osteoarthritis, rheumatic disease, rheumatoid arthritis",Cyclooxygenase,"PTGS1, PTGS2",Enzyme,Cyclooxygenase inhibitor
OXATOMIDE,['Tinset'],Small molecule,allergic disease,Histamine H1 receptor,HRH1,Membrane receptor,Histamine H1 receptor antagonist
OXAZEPAM,['Lederpam' 'Oxazepam' 'Serax' 'Serenid fte' 'Zaxopam'],Small molecule,"Agitation, Anxiety, anxiety disorder",GABA-A receptor; anion channel,"GABRA1, GABRA2, GABRA3, GABRA5, GABRG1, GABRG2, GABRG3",Ion channel,GABA-A receptor; anion channel positive allosteric modulator
OXCARBAZEPINE,['Oxcarbazepine' 'Oxtellar xr' 'Trileptal'],Small molecule,"Seizure, epilepsy",Sodium channel alpha subunit,"SCN10A, SCN11A, SCN1A, SCN2A, SCN3A, SCN4A, SCN5A, SCN7A, SCN8A, SCN9A","Ion channel, Unclassified protein",Sodium channel alpha subunit blocker
OXPRENOLOL,[],Small molecule,cardiovascular disease,"Beta-1 adrenergic receptor, Beta-2 adrenergic receptor","ADRB1, ADRB2",Membrane receptor,"Beta-1 adrenergic receptor antagonist, Beta-2 adrenergic receptor antagonist"
OXTRIPHYLLINE,"['Choledyl' 'Choledyl sa' 'Oxtriphylline' 'Oxtriphylline pediatric'
 'Sabidal']",Small molecule,Airway obstruction,"Adenosine receptor, Phosphodiesterase 3, Phosphodiesterase 4","ADORA1, ADORA2A, ADORA2B, ADORA3, PDE3A, PDE3B, PDE4A, PDE4B, PDE4C, PDE4D","Enzyme, Membrane receptor","Adenosine receptor antagonist, Phosphodiesterase 3 inhibitor, Phosphodiesterase 4 inhibitor"
OXYBUTYNIN,"['Contimin 2.5' 'Contimin 5' 'Cystrin' 'Kentera'
 'Kentera (previously oxybutynin nicobrand)' 'Lyrinel xl' 'Oxybutynin'
 'Oxytrol' 'Oxytrol for women' 'Promictuline' 'Urimin']",Small molecule,"Polyuria, Urinary incontinence, overactive bladder, urgency urinary incontinence","Muscarinic acetylcholine receptor M2, Muscarinic acetylcholine receptor M3","CHRM2, CHRM3",Membrane receptor,"Muscarinic acetylcholine receptor M2 antagonist, Muscarinic acetylcholine receptor M3 antagonist"
OXYBUTYNIN CHLORIDE,['Ditropan' 'Ditropan xl' 'Gelnique' 'Oxybutynin chloride'],Small molecule,"overactive bladder, urgency urinary incontinence","Muscarinic acetylcholine receptor M2, Muscarinic acetylcholine receptor M3","CHRM2, CHRM3",Membrane receptor,"Muscarinic acetylcholine receptor M2 antagonist, Muscarinic acetylcholine receptor M3 antagonist"
OXYCODONE,['Proladone' 'Xtampza er'],Small molecule,"Chronic pain, Pain, drug dependence",Mu-type opioid receptor,OPRM1,Membrane receptor,Mu opioid receptor agonist
OXYCODONE HYDROCHLORIDE,"['Abtard' 'Candox' 'Carexil' 'Dolocodon pr' 'Leveraxo' 'Longtec' 'Lynlor'
 'Oxaydo' 'Oxeltra' 'Oxycodone hydrochloride'
 'Oxycodone hydrochloride component of codoxy'
 'Oxycodone hydrochloride component of combunox'
 'Oxycodone hydrochloride component of oxycet'
 'Oxycodone hydrochloride component of percocet'
 'Oxycodone hydrochloride component of percodan'
 'Oxycodone hydrochloride component of percodan-demi'
 'Oxycodone hydrochloride component of roxicet'
 'Oxycodone hydrochloride component of roxilox'
 'Oxycodone hydrochloride component of roxiprin'
 'Oxycodone hydrochloride component of targiniq'
 'Oxycodone hydrochloride component of troxyca'
 'Oxycodone hydrochloride component of tylox'
 'Oxycodone hydrochloride component of xartemis' 'Oxycontin' 'Oxylan'
 'Oxynorm' 'Reltebon' 'Roxicodone' 'Roxybond' 'Shortec' 'Zomestine']",Small molecule,"Chronic pain, Pain, drug dependence",Mu-type opioid receptor,OPRM1,Membrane receptor,Mu opioid receptor agonist
OXYCODONE TEREPHTHALATE,"['Oxycodone terephthalate component of codoxy'
 'Oxycodone terephthalate component of percodan'
 'Oxycodone terephthalate component of percodan-demi'
 'Oxycodone terephthalate component of roxiprin']",Small molecule,Pain,Mu-type opioid receptor,OPRM1,Membrane receptor,Mu opioid receptor agonist
OXYMETAZOLINE,['Afrin'],Small molecule,"Nasal congestion, eye allergy",Adrenergic receptor alpha,"ADRA1A, ADRA1B, ADRA1D, ADRA2A, ADRA2B, ADRA2C",Membrane receptor,Adrenergic receptor alpha agonist
OXYMETAZOLINE HYDROCHLORIDE,"['Afrazine' 'Ocuclear' 'Oxymetazoline hydrochloride component of kovanaze'
 'Rhofade' 'Upneeq' 'Visine l.r.']",Small molecule,"Nasal congestion, common cold, ptosis, rosacea, seasonal allergic rhinitis, sinusitis",Adrenergic receptor alpha,"ADRA1A, ADRA1B, ADRA1D, ADRA2A, ADRA2B, ADRA2C",Membrane receptor,Adrenergic receptor alpha agonist
OXYMORPHONE,[],Small molecule,Pain,Opioid receptors; mu/kappa/delta,"OPRD1, OPRK1, OPRM1",Membrane receptor,Opioid receptors; mu/kappa/delta agonist
OXYMORPHONE HYDROCHLORIDE,['Numorphan' 'Opana' 'Opana er' 'Oxymorphone hydrochloride'],Small molecule,Pain,Opioid receptors; mu/kappa/delta,"OPRD1, OPRK1, OPRM1",Membrane receptor,Opioid receptors; mu/kappa/delta agonist
OXYPHENBUTAZONE,['Oxyphenbutazone' 'Tandearil' 'Tanderil' 'Tanderil chloramphen'],Small molecule,"Arthralgia, Myalgia, eye inflammation, rheumatic disease",Cyclooxygenase,"PTGS1, PTGS2",Enzyme,Cyclooxygenase inhibitor
OXYPHENCYCLIMINE,[],Small molecule,gastrointestinal disease,"Muscarinic acetylcholine receptor M1, Muscarinic acetylcholine receptor M3","CHRM1, CHRM3",Membrane receptor,"Muscarinic acetylcholine receptor M1 antagonist, Muscarinic acetylcholine receptor M3 antagonist"
OXYPHENONIUM,[],Small molecule,gastrointestinal disease,"Muscarinic acetylcholine receptor M1, Muscarinic acetylcholine receptor M3","CHRM1, CHRM3",Membrane receptor,"Muscarinic acetylcholine receptor M1 antagonist, Muscarinic acetylcholine receptor M3 antagonist"
OXYTOCIN,['Orasthin' 'Oxytocin' 'Pitocin' 'Syntocinon' 'Syntometrine'],Protein,"Uterine Inertia, hemorrhage",Oxytocin receptor,OXTR,Membrane receptor,Oxytocin receptor agonist
OZANIMOD HYDROCHLORIDE,['Zeposia'],Small molecule,"multiple sclerosis, relapsing-remitting multiple sclerosis, ulcerative colitis",Sphingosine 1-phosphate receptor 1,S1PR1,Membrane receptor,Sphingosine 1-phosphate receptor Edg-1 modulator
PACLITAXEL,"['Abraxane' 'Apealea' 'Apexelsin' 'Naveruclif' 'Pacitaxel' 'Paclitaxel'
 'Paclitaxel component of abi 007' 'Paclitaxel component of abraxane'
 'Paclitaxel component of nab-' 'Paclitaxel component of oraxol' 'Paxene'
 'Pazenir' 'Taxol' 'Taxol 100' 'Zisu']",Small molecule,"Malignant Pancreatic Neoplasm, breast cancer, breast carcinoma, breast neoplasm, cancer, carcinoma, neoplasm, non-small cell lung carcinoma, ovarian cancer, ovarian neoplasm, pancreatic carcinoma",Tubulin,"TUBB, TUBB1, TUBB2A, TUBB2B, TUBB3, TUBB4A, TUBB4B, TUBB6, TUBB8","Structural protein, Unclassified protein",Tubulin inhibitor
PACRITINIB,[],Small molecule,neoplasm,"Receptor-type tyrosine-protein kinase FLT3, Tyrosine-protein kinase JAK2","FLT3, JAK2",Enzyme,"Tyrosine-protein kinase JAK2 inhibitor, Tyrosine-protein kinase receptor FLT3 inhibitor"
PACRITINIB CITRATE,['Vonjo'],Small molecule,"polycythemia vera, primary myelofibrosis","Receptor-type tyrosine-protein kinase FLT3, Tyrosine-protein kinase JAK2","FLT3, JAK2",Enzyme,"Tyrosine-protein kinase JAK2 inhibitor, Tyrosine-protein kinase receptor FLT3 inhibitor"
PALBOCICLIB,['Ibrance'],Small molecule,"breast cancer, breast carcinoma, breast neoplasm, neoplasm","CDK6/cyclin D1, Cyclin-dependent kinase 4/cyclin D1","CDK4, CDK6","Enzyme, Other cytosolic protein","CDK6/cyclin D1 inhibitor, Cyclin-dependent kinase 4/cyclin D1 inhibitor"
PALIFERMIN,['Kepivance'],Protein,"mucositis, oral mucositis",Fibroblast growth factor receptor 2,FGFR2,"Enzyme, Secreted protein",Fibroblast growth factor receptor 2 agonist
PALIPERIDONE,['Invega' 'Paliperidone'],Small molecule,"mental or behavioural disorder, psychosis, schizoaffective disorder, schizophrenia","5-hydroxytryptamine receptor 2A, D(2) dopamine receptor","DRD2, HTR2A",Membrane receptor,"Dopamine D2 receptor antagonist, Serotonin 2a (5-HT2a) receptor antagonist"
PALIPERIDONE PALMITATE,"['Byannli (previously paliperidone janssen-cilag international)' 'Erzofri'
 'Invega sustenna' 'Invega trinza' 'Niapelf' 'Paliperidone janssen'
 'Trevicta (previously paliperidone janssen)' 'Xeplion']",Small molecule,"schizoaffective disorder, schizophrenia","5-hydroxytryptamine receptor 2A, D(2) dopamine receptor","DRD2, HTR2A",Membrane receptor,"Dopamine D2 receptor antagonist, Serotonin 2a (5-HT2a) receptor antagonist"
PALONOSETRON,[],Small molecule,"Chemotherapy-induced nausea and vomiting, Nausea",5-hydroxytryptamine receptor 3A,HTR3A,"Ion channel, Membrane receptor",Serotonin 3a (5-HT3a) receptor antagonist
PALONOSETRON HYDROCHLORIDE,"['Aloxi' 'Palonosetron accord' 'Palonosetron hospira'
 'Palonosetron hydrochloride'
 'Palonosetron hydrochloride component of akynzeo' 'Posfrea']",Small molecule,"Nausea, Nausea and vomiting, Vomiting, cancer, post operative nausea and vomiting",5-hydroxytryptamine receptor 3A,HTR3A,"Ion channel, Membrane receptor",Serotonin 3a (5-HT3a) receptor antagonist
PALOVAROTENE,['Sohonos'],Small molecule,fibrodysplasia ossificans progressiva,Retinoic acid receptor gamma,RARG,Transcription factor,Retinoic acid receptor gamma agonist
PAMIDRONIC ACID,[],Small molecule,bone disease,Farnesyl pyrophosphate synthase,FDPS,Enzyme,Farnesyl diphosphate synthase inhibitor
PANITUMUMAB,['Vectibix'],Antibody,"cancer, colorectal adenocarcinoma, colorectal neoplasm, neoplasm",Epidermal growth factor receptor,EGFR,"Enzyme, Unclassified protein",Epidermal growth factor receptor erbB1 inhibitor
PANOBINOSTAT,['Farydak'],Small molecule,neoplasm,Histone deacetylase,"HDAC1, HDAC10, HDAC11, HDAC2, HDAC3, HDAC4, HDAC5, HDAC6, HDAC7, HDAC8, HDAC9","Epigenetic regulator, Unclassified protein",Histone deacetylase inhibitor
PANOBINOSTAT LACTATE,['Farydak'],Small molecule,multiple myeloma,Histone deacetylase,"HDAC1, HDAC10, HDAC11, HDAC2, HDAC3, HDAC4, HDAC5, HDAC6, HDAC7, HDAC8, HDAC9","Epigenetic regulator, Unclassified protein",Histone deacetylase inhibitor
PANTOPRAZOLE SODIUM,"['Controloc control' 'Pantecta control' 'Pantoloc control'
 'Pantoprazole sodium' 'Pantozol control' 'Protonix' 'Protonix iv'
 'Somac control']",Small molecule,"Esophagitis, Zollinger-Ellison Syndrome, gastroesophageal reflux disease",Potassium-transporting ATPase,ATP4A,Transporter,Potassium-transporting ATPase inhibitor
PARAMETHADIONE,['Paradione'],Small molecule,epilepsy,Voltage-gated T-type calcium channel,"CACNA1G, CACNA1H, CACNA1I","Auxiliary transport protein, Ion channel",Voltage-gated T-type calcium channel blocker
PARATHYROID HORMONE,['Natpar' 'Preotact'],Protein,"Hypocalcemia, hypoparathyroidism, postmenopausal osteoporosis",Parathyroid hormone/parathyroid hormone-related peptide receptor,PTH1R,Membrane receptor,Parathyroid hormone receptor agonist
PARECOXIB,['Rayzon' 'Xapit'],Small molecule,"Pain, rheumatic disease",Prostaglandin G/H synthase 2,PTGS2,Enzyme,Cyclooxygenase-2 inhibitor
PARECOXIB SODIUM,['Dynastat'],Small molecule,Pain,Prostaglandin G/H synthase 2,PTGS2,Enzyme,Cyclooxygenase-2 inhibitor
PARGYLINE,[],Small molecule,hypertension,Monoamine oxidase,"MAOA, MAOB",Enzyme,Monoamine oxidase inhibitor
PARICALCITOL,['Paricalcitol' 'Zemplar'],Small molecule,"chronic kidney disease, parathyroid disease, secondary hyperparathyroidism",Vitamin D3 receptor,VDR,"Transcription factor, Unclassified protein",Vitamin D receptor agonist
PAROXETINE,[],Small molecule,"depressive disorder, major depressive disorder",Sodium-dependent serotonin transporter,SLC6A4,Transporter,Serotonin transporter inhibitor
PAROXETINE MESYLATE,['Brisdelle' 'Pexeva'],Small molecule,"anxiety disorder, major depressive disorder, menopause, obsessive-compulsive disorder, panic disorder, post-traumatic stress disorder, social anxiety disorder",Sodium-dependent serotonin transporter,SLC6A4,Transporter,Serotonin transporter inhibitor
PASIREOTIDE PAMOATE,['Signifor lar' 'Signifor lar kit'],Protein,acromegaly,"Somatostatin receptor type 1, Somatostatin receptor type 2, Somatostatin receptor type 3, Somatostatin receptor type 5","SSTR1, SSTR2, SSTR3, SSTR5",Membrane receptor,"Somatostatin receptor 1 agonist, Somatostatin receptor 2 agonist, Somatostatin receptor 3 agonist, Somatostatin receptor 5 agonist"
PATISIRAN SODIUM,['Onpattro'],Oligonucleotide,"amyloidosis, familial amyloid neuropathy, hereditary amyloidosis, polyneuropathy",Transthyretin mRNA,TTR,Secreted protein,Transthyretin mRNA RNAi inhibitor
PAZOPANIB HYDROCHLORIDE,['Votrient'],Small molecule,"renal cell carcinoma, sarcoma","Fibroblast growth factor receptor 1, Fibroblast growth factor receptor 3, Macrophage colony-stimulating factor 1 receptor, Mast/stem cell growth factor receptor Kit, Platelet-derived growth factor receptor, Tyrosine-protein kinase ITK/TSK, Tyrosine-protein kinase Lck, Vascular endothelial growth factor receptor","CSF1R, FGFR1, FGFR3, FLT1, FLT4, ITK, KDR, KIT, LCK, PDGFRA, PDGFRB","Enzyme, Secreted protein, Unclassified protein","Fibroblast growth factor receptor 1 inhibitor, Fibroblast growth factor receptor 3 inhibitor, Macrophage colony stimulating factor receptor inhibitor, Platelet-derived growth factor receptor inhibitor, Stem cell growth factor receptor inhibitor, Tyrosine-protein kinase ITK/TSK inhibitor, Tyrosine-protein kinase LCK inhibitor, Vascular endothelial growth factor receptor inhibitor"
PEGAPTANIB SODIUM,['Macugen'],Small molecule,wet macular degeneration,"Vascular endothelial growth factor A, long form",VEGFA,"Enzyme, Secreted protein",Vascular endothelial growth factor A antagonist
PEGCETACOPLAN,['Aspaveli' 'Empaveli' 'Syfovre'],Protein,paroxysmal nocturnal hemoglobinuria,Complement C3,C3,Secreted protein,Complement C3 inhibitor
PEGFILGRASTIM,"['Cegfila (previously pegfilgrastim mundipharma)' 'Fulphila' 'Grasustek'
 'Neulasta' 'Neulasta sureclick' 'Neupopeg' 'Nyvepria' 'Pelgraz' 'Pelmeg'
 'Ristempa' 'Stimufend' 'Udenyca' 'Ziextenzo']",Protein,"cancer, infection, neoplasm, neutropenia",Granulocyte colony-stimulating factor receptor,CSF3R,Membrane receptor,Granulocyte colony stimulating factor receptor agonist
PEGINTERFERON ALFA-2A,['Pegasys' 'Peginterferon alfa-2a component of peginterferon'],Protein,"chronic hepatitis B virus infection, chronic hepatitis C virus infection, hepatitis B virus infection, neoplasm",Interferon alpha/beta receptor,"IFNAR1, IFNAR2",Membrane receptor,Interferon alpha/beta receptor agonist
PEGINTERFERON ALFA-2B,"['Peg-intron' 'Peginterferon alfa-2b component of sylatron' 'Pegintron'
 'Viraferonpeg']",Protein,"chronic hepatitis C virus infection, melanoma, neoplasm",Interferon alpha/beta receptor,"IFNAR1, IFNAR2",Membrane receptor,Interferon alpha/beta receptor agonist
PEGINTERFERON BETA-1A,['Biib017' 'Plegridy'],Protein,"multiple sclerosis, neoplasm",Interferon alpha/beta receptor,"IFNAR1, IFNAR2",Membrane receptor,Interferon alpha/beta receptor agonist
PEGVISOMANT,['Somavert'],Protein,acromegaly,Growth hormone receptor,GHR,Membrane receptor,Growth hormone receptor antagonist
PEMBROLIZUMAB,"['Keytruda' 'Pembrolizumab component of mk 7684a'
 'Pembrolizumab component of mk-1308a']",Antibody,"Hodgkins lymphoma, Transitional Cell Carcinoma, endometrium neoplasm, head and neck squamous cell carcinoma, melanoma, metastatic melanoma, neoplasm, non-small cell lung carcinoma, renal cell carcinoma",Programmed cell death protein 1,PDCD1,Surface antigen,Programmed cell death protein 1 inhibitor
PEMETREXED,['Alimta' 'Pemfexy'],Small molecule,"malignant pleural mesothelioma, mesothelioma, neoplasm","Dihydrofolate reductase, Thymidylate synthase, Trifunctional purine biosynthetic protein adenosine-3","DHFR, GART, TYMS",Enzyme,"Dihydrofolate reductase inhibitor, GAR transformylase inhibitor, Thymidylate synthase inhibitor"
PEMETREXED DISODIUM,['Alimta' 'Pemetrexed baxter' 'Pemetrexed lilly' 'Pemetrexed sandoz'],Small molecule,non-small cell lung carcinoma,"Dihydrofolate reductase, Thymidylate synthase, Trifunctional purine biosynthetic protein adenosine-3","DHFR, GART, TYMS",Enzyme,"Dihydrofolate reductase inhibitor, GAR transformylase inhibitor, Thymidylate synthase inhibitor"
PEMETREXED MONOHYDRATE,['Armisarte (previously pemetrexed actavis)' 'Pemetrexed fresenius kabi'],Small molecule,"mesothelioma, non-small cell lung carcinoma","Dihydrofolate reductase, Thymidylate synthase, Trifunctional purine biosynthetic protein adenosine-3","DHFR, GART, TYMS",Enzyme,"Dihydrofolate reductase inhibitor, GAR transformylase inhibitor, Thymidylate synthase inhibitor"
PEMETREXED TROMETHAMINE,['Pemetrexed pfizer (previously known as pemetrexed hospira uk limited)'],Small molecule,"adenocarcinoma, large cell lung carcinoma","Dihydrofolate reductase, Trifunctional purine biosynthetic protein adenosine-3","DHFR, GART",Enzyme,"Dihydrofolate reductase inhibitor, GAR transformylase inhibitor"
PEMIGATINIB,['Pemazyre'],Small molecule,"cholangiocarcinoma, neoplasm","Fibroblast growth factor receptor 1, Fibroblast growth factor receptor 2, Fibroblast growth factor receptor 3","FGFR1, FGFR2, FGFR3","Enzyme, Secreted protein","Fibroblast growth factor receptor 1 inhibitor, Fibroblast growth factor receptor 2 inhibitor, Fibroblast growth factor receptor 3 inhibitor"
PENBUTOLOL,[],Small molecule,cardiovascular disease,"Beta-1 adrenergic receptor, Beta-2 adrenergic receptor","ADRB1, ADRB2",Membrane receptor,"Beta-1 adrenergic receptor antagonist, Beta-2 adrenergic receptor antagonist"
PENTAERYTHRITOL TETRANITRATE,['Cardiacap' 'Mycardol' 'Pentritol tempules' 'Peritrate' 'Peritrate sa'],Small molecule,cardiovascular disease,Soluble guanylate cyclase,"GUCY1A1, GUCY1A2, GUCY1B1, GUCY1B2",Enzyme,Soluble guanylate cyclase activator
PENTAZOCINE,[],Small molecule,Pain,Sigma non-opioid intracellular receptor 1,SIGMAR1,Membrane receptor,Sigma opioid receptor modulator
PENTAZOCINE HYDROCHLORIDE,"['Pentazocine hydrochloride component of talacen'
 'Pentazocine hydrochloride component of talwin compound'
 'Pentazocine hydrochloride component of talwin nx' 'Talwin 50']",Small molecule,Pain,Sigma non-opioid intracellular receptor 1,SIGMAR1,Membrane receptor,Sigma opioid receptor modulator
PENTOBARBITAL,['Nembutal'],Small molecule,insomnia,GABA-A receptor; anion channel,"GABRB1, GABRB2, GABRB3",Ion channel,GABA-A receptor; anion channel positive allosteric modulator
PENTOSTATIN,['Nipent' 'Pentostatin'],Small molecule,"anemia, hairy cell leukemia, neoplasm",Adenosine deaminase,ADA,Enzyme,Adenosine deaminase inhibitor
PENTOXIFYLLINE,"['Neotren mr' 'Pentoxifylline' 'Pentoxil' 'Trental' 'Trental 100'
 'Trental 400']",Small molecule,cardiovascular disease,"3',5'-cyclic phosphodiesterase, Adenosine A2 receptor","ADORA2A, ADORA2B, PDE10A, PDE1A, PDE1B, PDE1C, PDE2A, PDE3A, PDE3B, PDE4A, PDE4B, PDE4C, PDE4D, PDE5A, PDE6A, PDE6B, PDE6C, PDE6D, PDE6G, PDE6H, PDE7A, PDE7B, PDE8A, PDE8B, PDE9A","Enzyme, Membrane receptor, Unclassified protein","3',5'-cyclic phosphodiesterase inhibitor, Adenosine A2 receptor antagonist"
PERAMPANEL,['Fycompa'],Small molecule,"Seizure, epilepsy, partial epilepsy",Glutamate receptor ionotropic AMPA,"GRIA1, GRIA2, GRIA3, GRIA4","Auxiliary transport protein, Ion channel",Glutamate receptor ionotropic AMPA antagonist
PERGOLIDE,[],Small molecule,Parkinson disease,Dopamine receptor,"DRD1, DRD2, DRD3, DRD4, DRD5",Membrane receptor,Dopamine receptor agonist
PERHEXILINE,[],Small molecule,cardiovascular disease,"Carnitine O-palmitoyltransferase 1, muscle isoform, Carnitine O-palmitoyltransferase 2, mitochondrial, Serine/threonine-protein kinase mTOR","CPT1B, CPT2, MTOR","Enzyme, Transporter","Carnitine O-palmitoyltransferase 1, muscle isoform inhibitor, Carnitine palmitoyltransferase 2 inhibitor, Serine/threonine-protein kinase mTOR inhibitor"
PERINDOPRIL,[],Small molecule,cardiovascular disease,Angiotensin-converting enzyme,ACE,Enzyme,Angiotensin-converting enzyme inhibitor
PERINDOPRIL ARGININE,['Perindopril arginine component of prestalia'],Small molecule,hypertension,Angiotensin-converting enzyme,ACE,Enzyme,Angiotensin-converting enzyme inhibitor
PERINDOPRIL ERBUMINE,"['Aceon' 'Coversyl' 'Perindopril erbumine'
 'Perindopril erbumine component of amlessa']",Small molecule,"coronary artery disease, hypertension, myocardial infarction",Angiotensin-converting enzyme,ACE,Enzyme,Angiotensin-converting enzyme inhibitor
PERPHENAZINE,"['Chlorpiprazine' 'Decentan' 'Fentazin' 'Perphenazine'
 'Perphenazine component of etrafon-a' 'Trilafon' 'Trilafon-la']",Small molecule,"Nausea and vomiting, psychosis, schizophrenia",D(2) dopamine receptor,DRD2,Membrane receptor,Dopamine D2 receptor antagonist
PERTUZUMAB,['Omnitarg' 'Omnitarg perjeta' 'Perjeta' 'Pertuzumab component of phesgo'],Antibody,"breast cancer, breast carcinoma, breast neoplasm, neoplasm",Receptor tyrosine-protein kinase erbB-2,ERBB2,"Enzyme, Unclassified protein",Receptor protein-tyrosine kinase erbB-2 inhibitor
PEXIDARTINIB,[],Small molecule,neoplasm,"Macrophage colony-stimulating factor 1 receptor, Mast/stem cell growth factor receptor Kit, Receptor-type tyrosine-protein kinase FLT3","CSF1R, FLT3, KIT",Enzyme,"Macrophage colony stimulating factor receptor inhibitor, Stem cell growth factor receptor inhibitor, Tyrosine-protein kinase receptor FLT3 inhibitor"
PEXIDARTINIB HYDROCHLORIDE,['Turalio'],Small molecule,Tenosynovial Giant Cell Tumor,"Macrophage colony-stimulating factor 1 receptor, Mast/stem cell growth factor receptor Kit, Receptor-type tyrosine-protein kinase FLT3","CSF1R, FLT3, KIT",Enzyme,"Macrophage colony stimulating factor receptor inhibitor, Stem cell growth factor receptor inhibitor, Tyrosine-protein kinase receptor FLT3 inhibitor"
PHENACEMIDE,['Phenurone'],Small molecule,epilepsy,Sodium channel alpha subunit,"SCN10A, SCN11A, SCN1A, SCN2A, SCN3A, SCN4A, SCN5A, SCN7A, SCN8A, SCN9A","Ion channel, Unclassified protein",Sodium channel alpha subunit blocker
PHENDIMETRAZINE TARTRATE,"['Adphen' 'Alphazine' 'Bontril' 'Bontril pdm' 'Cam-metrazine' 'Di-metrex'
 'Melfiat' 'Melfiat-105' 'Metra' 'Phenazine' 'Phenazine-35'
 'Phendimetrazine tartrate' 'Plegine' 'Sprx-105' 'Sprx-3' 'Statobex'
 'Statobex-g' 'X-trozine' 'X-trozine l.a.']",Small molecule,obesity,"Sodium-dependent dopamine transporter, Sodium-dependent noradrenaline transporter","SLC6A2, SLC6A3",Transporter,"Dopamine transporter inhibitor, Norepinephrine transporter inhibitor"
PHENINDAMINE,[],Small molecule,allergic disease,Histamine H1 receptor,HRH1,Membrane receptor,Histamine H1 receptor antagonist
PHENINDIONE,['Dindevan' 'Hedulin'],Small molecule,Recurrent thrombophlebitis,Vitamin K epoxide reductase complex subunit 1,VKORC1,Enzyme,Vitamin k epoxide reductase complex subunit 1 isoform 1 inhibitor
PHENIRAMINE,[],Small molecule,"Pruritus, allergic disease",Histamine H1 receptor,HRH1,Membrane receptor,Histamine H1 receptor antagonist
PHENOXYBENZAMINE,[],Small molecule,cardiovascular disease,Adrenergic receptor alpha,"ADRA1A, ADRA1B, ADRA1D, ADRA2A, ADRA2B, ADRA2C",Membrane receptor,Adrenergic receptor alpha antagonist
PHENOXYBENZAMINE HYDROCHLORIDE,['Dibenyline' 'Dibenzyline' 'Phenoxybenzamine hydrochloride'],Small molecule,adrenal gland pheochromocytoma,Adrenergic receptor alpha,"ADRA1A, ADRA1B, ADRA1D, ADRA2A, ADRA2B, ADRA2C",Membrane receptor,Adrenergic receptor alpha antagonist
PHENPROCOUMON,['Liquamar' 'Marcoumar'],Small molecule,Recurrent thrombophlebitis,Vitamin K epoxide reductase complex subunit 1,VKORC1,Enzyme,Vitamin k epoxide reductase complex subunit 1 isoform 1 inhibitor
PHENSUXIMIDE,['Milontin'],Small molecule,epilepsy,Voltage-gated T-type calcium channel,"CACNA1G, CACNA1H, CACNA1I","Auxiliary transport protein, Ion channel",Voltage-gated T-type calcium channel blocker
PHENTERMINE,"['Duromine' 'Ionamin' 'Phentermine component of qsymia'
 'Phentermine resin 30' 'Phentermine resin complex']",Small molecule,obesity,Sodium-dependent noradrenaline transporter,SLC6A2,Transporter,Norepinephrine transporter releasing agent
PHENTERMINE HYDROCHLORIDE,"['Adipex-p' 'Fastin' 'Lomaira' 'Obestin-30' 'Oby-trim' 'Ona-mast'
 'Phentermine hydrochloride'
 'Phentermine hydrochloride component of qsymia' 'Suprenza' 'Tora' 'Wilpo']",Small molecule,obesity,Sodium-dependent noradrenaline transporter,SLC6A2,Transporter,Norepinephrine transporter releasing agent
PHENTOLAMINE,[],Small molecule,cardiovascular disease,Adrenergic receptor alpha,"ADRA1A, ADRA1B, ADRA1D, ADRA2A, ADRA2B, ADRA2C",Membrane receptor,Adrenergic receptor alpha antagonist
PHENTOLAMINE MESYLATE,['Oraverse' 'Phentolamine mesylate' 'Regitine' 'Rogitine' 'Ryzumvi'],Small molecule,adrenal gland pheochromocytoma,Adrenergic receptor alpha,"ADRA1A, ADRA1B, ADRA1D, ADRA2A, ADRA2B, ADRA2C",Membrane receptor,Adrenergic receptor alpha antagonist
PHENYLBUTAZONE,"['Antadol' 'Azolid' 'Butacote' 'Butaject' 'Butazolidin' 'Elmedal'
 'Equiphar' 'Phenylbutazone' 'Pro-bute']",Small molecule,"Arthralgia, Myalgia, rheumatic disease",Cyclooxygenase,"PTGS1, PTGS2",Enzyme,Cyclooxygenase inhibitor
PHENYLEPHRINE,[],Small molecule,"Nasal congestion, cardiovascular disease, eye allergy, hemorrhoid",Adrenergic receptor alpha-1,"ADRA1A, ADRA1B, ADRA1D",Membrane receptor,Adrenergic receptor alpha-1 agonist
PHENYLEPHRINE BITARTRATE,['Phenylephrine bitartrate component of duo-medihaler'],Small molecule,"Cough, Headache, Nasal congestion, common cold",Adrenergic receptor alpha-1,"ADRA1A, ADRA1B, ADRA1D",Membrane receptor,Adrenergic receptor alpha-1 agonist
PHENYLEPHRINE HYDROCHLORIDE,"['Afrin 4 hour nasal spray' 'Biorphen' 'Fenilfar' 'Fenox' 'Immphentiv'
 'Mydfrin' 'Nazex' 'Neo-synephrine' 'Neosynephrine' 'Nostril'
 'Nurofen sinus pain relief' 'Phenylephrine hydrochloride'
 'Phenylephrine hydrochloride component of advil congestion relief'
 'Phenylephrine hydrochloride component of cyclomydril'
 'Phenylephrine hydrochloride component of mydcombi'
 'Phenylephrine hydrochloride component of omidria'
 'Phenylephrine hydrochloride component of phenergan vc'
 'Phenylephrine hydrochloride component of pherazine vc'
 'Phenylephrine hydrochloride component of prefrin-a'
 'Phenylephrine hydrochloride component of promethazine vc' 'Prefrin'
 'Vazculep']",Small molecule,"Nasal congestion, Pruritus, allergic disease, common cold, hemorrhoid, hypotension, seasonal allergic rhinitis, septic shock, sinusitis",Adrenergic receptor alpha-1,"ADRA1A, ADRA1B, ADRA1D",Membrane receptor,Adrenergic receptor alpha-1 agonist
PHENYLPROPANOLAMINE,[],Small molecule,Nasal congestion,"Alpha-1A adrenergic receptor, Sodium-dependent noradrenaline transporter","ADRA1A, SLC6A2","Membrane receptor, Transporter","Alpha-1a adrenergic receptor agonist, Norepinephrine transporter releasing agent"
PHENYTOIN,"['Dilabid' 'Dilantin' 'Dilantin-125' 'Dilantin-30' 'Hydantol' 'Phentytoin'
 'Phenytoin']",Small molecule,"Seizure, epilepsy",Sodium channel alpha subunit,"SCN10A, SCN11A, SCN1A, SCN2A, SCN3A, SCN4A, SCN5A, SCN7A, SCN8A, SCN9A","Ion channel, Unclassified protein",Sodium channel alpha subunit blocker
PHENYTOIN SODIUM,"['Dilantin' 'Diphenylan sodium' 'Extended phenytoin sodium' 'Pentran'
 'Phenytek' 'Phenytex' 'Phenytoin sodium' 'Prompt phenytoin sodium']",Small molecule,"Seizure, epilepsy",Sodium channel alpha subunit,"SCN10A, SCN11A, SCN1A, SCN2A, SCN3A, SCN4A, SCN5A, SCN7A, SCN8A, SCN9A","Ion channel, Unclassified protein",Sodium channel alpha subunit blocker
PHLOROGLUCINOL,['Spasfon' 'Spasfon-lyoc'],Small molecule,gastrointestinal disease,Voltage-gated calcium channel,"CACNA1A, CACNA1B, CACNA1C, CACNA1D, CACNA1E, CACNA1F, CACNA1G, CACNA1H, CACNA1I, CACNA1S, CACNA2D1, CACNA2D2, CACNA2D3, CACNA2D4, CACNB1, CACNB2, CACNB3, CACNB4, CACNG1, CACNG2, CACNG3, CACNG4, CACNG5, CACNG6, CACNG7, CACNG8","Auxiliary transport protein, Ion channel",Voltage-gated calcium channel blocker
PHYSOSTIGMINE,[],Small molecule,glaucoma,Acetylcholinesterase,ACHE,Enzyme,Acetylcholinesterase inhibitor
PICOTAMIDE,[],Small molecule,Recurrent thrombophlebitis,"Thromboxane A2 receptor, Thromboxane-A synthase","TBXA2R, TBXAS1","Enzyme, Membrane receptor","Thromboxane A2 receptor inhibitor, Thromboxane-A synthase inhibitor"
PILOCARPINE,['Ocusert pilo' 'Ocusert pilo-20' 'Ocusert pilo-40'],Small molecule,"Miosis, Sjogren syndrome, angle-closure glaucoma, glaucoma, ocular hypertension, open-angle glaucoma, xerostomia","Muscarinic acetylcholine receptor M1, Muscarinic acetylcholine receptor M3","CHRM1, CHRM3",Membrane receptor,"Muscarinic acetylcholine receptor M1 agonist, Muscarinic acetylcholine receptor M3 agonist"
PIMAVANSERIN,[],Small molecule,psychosis,5-hydroxytryptamine receptor 2A,HTR2A,Membrane receptor,Serotonin 2a (5-HT2a) receptor inverse agonist
PIMAVANSERIN TARTRATE,['Nuplazid'],Small molecule,"Hallucinations, Parkinson disease, psychosis",5-hydroxytryptamine receptor 2A,HTR2A,Membrane receptor,Serotonin 2a (5-HT2a) receptor inverse agonist
PIMECROLIMUS,['Elidel'],Small molecule,"Eczematoid dermatitis, atopic eczema",Peptidyl-prolyl cis-trans isomerase FKBP1A,FKBP1A,Enzyme,FK506-binding protein 1A inhibitor
PIMOZIDE,['Orap' 'Pimozide'],Small molecule,"Tics, Tourette syndrome, psychosis","5-hydroxytryptamine receptor 2A, Dopamine receptor","DRD1, DRD2, DRD3, DRD4, DRD5, HTR2A",Membrane receptor,"Dopamine receptor antagonist, Serotonin 2a (5-HT2a) receptor antagonist"
PINACIDIL,['Pindac'],Small molecule,hypertension,"Sulfonylurea receptor 2, Kir6.2",ABCC9,Transporter,"Sulfonylurea receptor 2, Kir6.2 opener"
PINDOLOL,['Betadren' 'Pindolol' 'Pindolol component of viskazide' 'Visken'],Small molecule,cardiovascular disease,"Beta-1 adrenergic receptor, Beta-2 adrenergic receptor","ADRB1, ADRB2",Membrane receptor,"Beta-1 adrenergic receptor partial agonist, Beta-2 adrenergic receptor partial agonist"
PIOGLITAZONE,[],Small molecule,diabetes mellitus,Peroxisome proliferator-activated receptor gamma,PPARG,"Epigenetic regulator, Transcription factor",Peroxisome proliferator-activated receptor gamma agonist
PIOGLITAZONE HYDROCHLORIDE,"['Actos' 'Diabiom' 'Glidipion'
 'Glidipion (previously pioglitazone actavis group)' 'Glizofar' 'Glustin'
 'Paglitaz' 'Pioglitazone accord' 'Pioglitazone actavis'
 'Pioglitazone hydrochloride'
 'Pioglitazone hydrochloride component of actoplus met'
 'Pioglitazone hydrochloride component of duetact'
 'Pioglitazone hydrochloride component of oseni' 'Pioglitazone krka'
 'Pioglitazone teva' 'Pioglitazone teva pharma' 'Poze' 'Sepioglin']",Small molecule,type 2 diabetes mellitus,Peroxisome proliferator-activated receptor gamma,PPARG,"Epigenetic regulator, Transcription factor",Peroxisome proliferator-activated receptor gamma agonist
PIRBUTEROL,[],Small molecule,Airway obstruction,Beta-2 adrenergic receptor,ADRB2,Membrane receptor,Beta-2 adrenergic receptor agonist
PIRBUTEROL ACETATE,['Maxair'],Small molecule,asthma,Beta-2 adrenergic receptor,ADRB2,Membrane receptor,Beta-2 adrenergic receptor agonist
PIRENZEPINE,['Gastri p' 'Gastrozepin'],Small molecule,"Peptic ulcer, gastroesophageal reflux disease",Muscarinic acetylcholine receptor M1,CHRM1,Membrane receptor,Muscarinic acetylcholine receptor M1 antagonist
PIROXICAM,"['Brexidol' 'Feldene' 'Feldene 20' 'Feldene p' 'Flamatrol' 'Kentene'
 'Larapam' 'Piroflam 10' 'Piroflam 20' 'Piroxicam' 'Pirozip 10'
 'Pirozip 20']",Small molecule,"Arthralgia, Myalgia, eye inflammation, osteoarthritis, rheumatic disease, rheumatoid arthritis",Cyclooxygenase,"PTGS1, PTGS2",Enzyme,Cyclooxygenase inhibitor
PIRPROFEN,[],Small molecule,rheumatic disease,Cyclooxygenase,"PTGS1, PTGS2",Enzyme,Cyclooxygenase inhibitor
PIRTOBRUTINIB,['Jaypirca'],Small molecule,Mantle cell lymphoma,Tyrosine-protein kinase BTK,BTK,"Enzyme, Unclassified protein",Tyrosine-protein kinase BTK inhibitor
PITAVASTATIN,['Pitavastatin component of k-924  pivastatin'],Small molecule,cardiovascular disease,3-hydroxy-3-methylglutaryl-coenzyme A reductase,HMGCR,"Enzyme, Unclassified protein",HMG-CoA reductase inhibitor
PITAVASTATIN CALCIUM,['Livalo' 'Pitavastatin calcium'],Small molecule,"Abnormal circulating lipid concentration, Hypercholesterolemia, familial hypercholesterolemia, hyperlipidemia",3-hydroxy-3-methylglutaryl-coenzyme A reductase,HMGCR,"Enzyme, Unclassified protein",HMG-CoA reductase inhibitor
PITAVASTATIN MAGNESIUM,['Zypitamag'],Small molecule,"Abnormal circulating lipid concentration, Hypercholesterolemia, hyperlipidemia",3-hydroxy-3-methylglutaryl-coenzyme A reductase,HMGCR,"Enzyme, Unclassified protein",HMG-CoA reductase inhibitor
PITAVASTATIN SODIUM,['Nikita'],Small molecule,"Abnormal circulating lipid concentration, hyperlipidemia",3-hydroxy-3-methylglutaryl-coenzyme A reductase,HMGCR,"Enzyme, Unclassified protein",HMG-CoA reductase inhibitor
PITOLISANT HYDROCHLORIDE,['Ozawade' 'Wakix'],Small molecule,"hypersomnia, narcolepsy-cataplexy syndrome",Histamine H3 receptor,HRH3,Membrane receptor,Histamine H3 receptor inverse agonist
PLECANATIDE,['Trulance'],Protein,Constipation,Guanylyl cyclase C,GUCY2C,Enzyme,Heat-stable enterotoxin receptor agonist
PLERIXAFOR,['Mozobil' 'Plerixafor accord'],Small molecule,"acute lymphoblastic leukemia, lymphoma, multiple myeloma, neoplasm, non-Hodgkins lymphoma",C-X-C chemokine receptor type 4,CXCR4,Membrane receptor,C-X-C chemokine receptor type 4 partial agonist
POLATUZUMAB VEDOTIN,['Polivy'],Antibody drug conjugate,"B-cell neoplasm, diffuse large B-cell lymphoma, neoplasm","B-cell antigen receptor complex-associated protein beta chain, Tubulin","CD79B, TUBB, TUBB1, TUBB2A, TUBB2B, TUBB3, TUBB4A, TUBB4B, TUBB6, TUBB8","Structural protein, Unclassified protein","B-cell antigen receptor complex-associated protein beta chain binding agent, Tubulin inhibitor"
POLYESTRADIOL PHOSPHATE,['Estradurin' 'Polyest phos'],Small molecule,neoplasm,Estrogen receptor,ESR1,"Other cytosolic protein, Transcription factor, Unclassified protein",Estrogen receptor alpha agonist
POLYTHIAZIDE,"['Nephril' 'Polythiazide component of minizide'
 'Polythiazide component of renese-r' 'Renese']",Small molecule,cardiovascular disease,Solute carrier family 12 member 3,SLC12A3,Transporter,Thiazide-sensitive sodium-chloride cotransporter inhibitor
POMALIDOMIDE,"['Imnovid' 'Imnovid (previously pomalidomide celgene)'
 'Pomalidomide accord' 'Pomalidomide krka' 'Pomalidomide viatris'
 'Pomalidomide zentiva' 'Pomalyst']",Small molecule,"immune system disease, multiple myeloma",CRL4(CRBN) E3 ubiquitin ligase,"CRBN, CUL4A, DDB1, RBX1","Enzyme, Epigenetic regulator, Membrane receptor, Other nuclear protein, Structural protein, Transcription factor, Unclassified protein",CRL4(CRBN) E3 ubiquitin ligase inhibitor
PONATINIB HYDROCHLORIDE,['Iclusig'],Small molecule,"acute lymphoblastic leukemia, chronic myelogenous leukemia",Bcr/Abl fusion protein,"ABL1, BCR","Enzyme, Other cytosolic protein, Unclassified protein",Bcr/Abl fusion protein inhibitor
PONESIMOD,['Ponvory'],Small molecule,"multiple sclerosis, relapsing-remitting multiple sclerosis",Sphingosine 1-phosphate receptor 1,S1PR1,Membrane receptor,Sphingosine 1-phosphate receptor Edg-1 agonist
POZELIMAB,['Veopoz'],Antibody,Protein-losing enteropathy,Complement C5,C5,Secreted protein,Complement C5 inhibitor
PRABOTULINUMTOXIN A,['Evosyal' 'Jeuveau' 'Nabota'],Unknown,skin aging,Synaptosomal-associated protein 25,SNAP25,Other cytosolic protein,Synaptosomal nerve-associated protein 25 (SNAP-25) proteolytic enzyme
PRACTOLOL,['Eraldin'],Small molecule,cardiovascular disease,Beta-1 adrenergic receptor,ADRB1,Membrane receptor,Beta-1 adrenergic receptor inhibitor
PRALATREXATE,['Folotyn'],Small molecule,"T-cell non-Hodgkin lymphoma, neoplasm, unspecified peripheral T-cell lymphoma",Dihydrofolate reductase,DHFR,Enzyme,Dihydrofolate reductase inhibitor
PRALIDOXIME CHLORIDE,"['Contrathion' 'Pralidoxime chloride'
 'Pralidoxime chloride (autoinjector)'
 'Pralidoxime chloride component of atnaa'
 'Pralidoxime chloride component of duodote' 'Protopam chloride']",Small molecule,"Myasthenia gravis, poisoning",Acetylcholinesterase,ACHE,Enzyme,Acetylcholinesterase activator
PRALSETINIB,['Gavreto'],Small molecule,"medullary thyroid gland carcinoma, neoplasm, non-small cell lung carcinoma","Coiled-coil domain-containing protein 6/Tyrosine-protein kinase receptor RET, Kinesin-1 heavy chain/ Tyrosine-protein kinase receptor RET, Proto-oncogene tyrosine-protein kinase receptor Ret","CCDC6, KIF5B, RET","Enzyme, Other cytosolic protein, Unclassified protein","Coiled-coil domain-containing protein 6/Tyrosine-protein kinase receptor RET inhibitor, Kinesin-1 heavy chain/ Tyrosine-protein kinase receptor RET inhibitor, Tyrosine-protein kinase receptor RET inhibitor"
PRAMIPEXOLE,['Neliprax' 'Pipexus'],Small molecule,Parkinson disease,D2-like dopamine receptor,"DRD2, DRD3, DRD4",Membrane receptor,D2-like dopamine receptor agonist
PRAMIPEXOLE DIHYDROCHLORIDE,"['Daquiran' 'Mirapex' 'Mirapex er' 'Mirapexin' 'Oprymea'
 'Pramipexole accord' 'Pramipexole dihydrochloride' 'Pramipexole teva'
 'Sifrol']",Small molecule,"Parkinson disease, restless legs syndrome",D2-like dopamine receptor,"DRD2, DRD3, DRD4",Membrane receptor,D2-like dopamine receptor agonist
PRAMLINTIDE,[],Protein,diabetes mellitus,Amylin receptor AMY3; CALCR/RAMP3,CALCR,"Membrane receptor, Other membrane protein, Unclassified protein",Amylin receptor AMY3; CALCR/RAMP3 agonist
PRANLUKAST,['Onon'],Small molecule,Airway obstruction,Cysteinyl leukotriene receptor 1,CYSLTR1,Membrane receptor,Cysteinyl leukotriene receptor 1 antagonist
PRASUGREL HYDROCHLORIDE,['Effient' 'Efient'],Small molecule,"acute coronary syndrome, hemorrhage, myocardial infarction",P2Y purinoceptor 12,P2RY12,Membrane receptor,Purinergic receptor P2Y12 antagonist
PRAVASTATIN,[],Small molecule,cardiovascular disease,3-hydroxy-3-methylglutaryl-coenzyme A reductase,HMGCR,"Enzyme, Unclassified protein",HMG-CoA reductase inhibitor
PRAVASTATIN SODIUM,"['Elisor' 'Lipemol' 'Liplat' 'Lipostat' 'Pravachol' 'Pravastatin sodium'
 'Pravastatin sodium component of pravigard pac']",Small molecule,"Hypercholesterolemia, atherosclerosis, cardiovascular disease, coronary artery disease, coronary atherosclerosis, familial hypercholesterolemia, myocardial infarction",3-hydroxy-3-methylglutaryl-coenzyme A reductase,HMGCR,"Enzyme, Unclassified protein",HMG-CoA reductase inhibitor
PRAZEPAM,['Centrax' 'Demetrin' 'Prazepam'],Small molecule,Anxiety,GABA-A receptor; anion channel,"GABRA1, GABRA2, GABRA3, GABRA5, GABRG1, GABRG2, GABRG3",Ion channel,GABA-A receptor; anion channel positive allosteric modulator
PRAZOSIN,[],Small molecule,hypertension,Adrenergic receptor alpha-1,"ADRA1A, ADRA1B, ADRA1D",Membrane receptor,Adrenergic receptor alpha-1 antagonist
PRAZOSIN HYDROCHLORIDE,"['Alphavase 0.5' 'Alphavase 1' 'Alphavase 2' 'Alphavase 5' 'Hypovase'
 'Hypovase b.d.' 'Kentovace' 'Minipress' 'Minipress xl'
 'Prazosin hydrochloride' 'Prazosin hydrochloride component of minizide']",Small molecule,"diabetes mellitus, hypertension",Adrenergic receptor alpha-1,"ADRA1A, ADRA1B, ADRA1D",Membrane receptor,Adrenergic receptor alpha-1 antagonist
PREDNICARBATE,['Dermatop' 'Dermatop e emollient' 'Prednicarbate'],Small molecule,skin disease,Glucocorticoid receptor,NR3C1,Transcription factor,Glucocorticoid receptor agonist
PREDNISOLONE,"['Cortalone' 'Dekotil' 'Delta-cortef' 'Deltacortril' 'Deltalone'
 'Dilacort' 'Equisolon' 'Fernisolone-p' 'Hydeltra' 'Meti-derm' 'Pevanti'
 'Precortisyl' 'Precortisyl fte' 'Prednisolone'
 'Prednisolone component of chloroptic-p s.o.p.' 'Prelone' 'Scheriproct'
 'Sterane']",Small molecule,"Aplastic anemia, Chorioretinitis, Crohn's disease, Hypercalcemia, Iridocyclitis, Nasal congestion, Peptic ulcer, Thrombocytopenia, allergic conjunctivitis, allergic rhinitis, ankylosing spondylitis, asthma, atopic eczema, choroiditis, classic congenital adrenal hyperplasia due to 21-hydroxylase deficiency, contact dermatitis, dermatitis herpetiformis, dermatomyositis, eosinophilic pneumonia, erythema multiforme, exfoliative dermatitis, eye inflammation, frozen shoulder, gout, hemolytic anemia, hemorrhoid, iritis, juvenile idiopathic arthritis, keratitis, lateral epicondylitis, leukemia, lymphoma, meningeal tuberculosis, multiple sclerosis, mycosis fungoides, myocarditis, nephrotic syndrome, ophthalmic herpes zoster, optic neuritis, osteoarthritis, pneumonia, posterior uveitis, primary adrenal insufficiency, psoriasis, psoriatic arthritis, pulmonary tuberculosis, rheumatoid arthritis, sarcoidosis, seborrheic dermatitis, subacute thyroiditis, sympathetic ophthalmia, synovitis, systemic lupus erythematosus, tenosynovitis, trichinosis, type III hypersensitivity reaction disease, ulcerative colitis",Glucocorticoid receptor,NR3C1,Transcription factor,Glucocorticoid receptor agonist
PREDNISOLONE ACETATE,"['Econopred' 'Flo-pred' 'Meticortelone' 'Omnipred' 'Pred forte' 'Pred fte'
 'Pred mild' 'Prednisolone acetate'
 'Prednisolone acetate component of blephamide'
 'Prednisolone acetate component of blephamide s.o.p.'
 'Prednisolone acetate component of cetapred'
 'Prednisolone acetate component of isopto cetapred'
 'Prednisolone acetate component of metimyd'
 'Prednisolone acetate component of neo-delta-cortef'
 'Prednisolone acetate component of poly-pred'
 'Prednisolone acetate component of pred-g'
 'Prednisolone acetate component of predamide'
 'Prednisolone acetate component of predsulfair'
 'Prednisolone acetate component of sulphrin' 'Sterane' 'Ultracortenol']",Small molecule,"Corneal scarring, allergic conjunctivitis, anemia, inflammation, multiple sclerosis",Glucocorticoid receptor,NR3C1,Transcription factor,Glucocorticoid receptor agonist
PREDNISOLONE SODIUM PHOSPHATE,"['Codelsol' 'Hydeltrasol' 'Inflamase forte' 'Inflamase mild' 'Metreton'
 'Orapred' 'Orapred odt' 'Pediapred' 'Predair' 'Predair forte'
 'Prednisolone sodium phosphate'
 'Prednisolone sodium phosphate component of neo-hydeltrasol'
 'Prednisolone sodium phosphate component of sulster'
 'Prednisolone sodium phosphate component of vasocidin' 'Predsol'
 'Predsol-n']",Small molecule,"Corneal scarring, allergic conjunctivitis, allergic rhinitis, anemia, asthma, chronic obstructive pulmonary disease, idiopathic pulmonary fibrosis, inflammation, leukemia, multiple sclerosis, nephrotic syndrome, pulmonary fibrosis, uremia, uveitis",Glucocorticoid receptor,NR3C1,Transcription factor,Glucocorticoid receptor agonist
PREDNISONE,"['Cortan' 'Cortancyl' 'Decortisyl' 'Delta-dome' 'Deltasone' 'Fernisone'
 'Liquid pred' 'Lodotra' 'Meticorten' 'Orasone' 'Paracort' 'Prednicen-m'
 'Prednisone' 'Prednisone intensol' 'Rayos' 'Servisone' 'Sterapred']",Small molecule,"Aplastic anemia, Chorioretinitis, Crohn's disease, Hypercalcemia, Iridocyclitis, Peptic ulcer, Stevens-Johnson syndrome, Thrombocytopenia, adrenal gland disease, allergic conjunctivitis, allergic rhinitis, anemia, ankylosing spondylitis, arthritis, asthma, atopic eczema, autoimmune thrombocytopenic purpura, berylliosis, brain neoplasm, bursitis, cancer, choroiditis, classic congenital adrenal hyperplasia due to 21-hydroxylase deficiency, contact dermatitis, dermatitis herpetiformis, dermatomyositis, endocrine system disease, eosinophilic pneumonia, erythema multiforme, exfoliative dermatitis, frozen shoulder, gout, hemolytic anemia, inflammation, iritis, juvenile idiopathic arthritis, keratitis, lateral epicondylitis, leukemia, lymphoma, meningeal tuberculosis, multiple sclerosis, mycosis fungoides, myocarditis, nephrotic syndrome, ophthalmic herpes zoster, optic neuritis, osteoarthritis, pemphigus vulgaris, pneumonia, polymyositis, posterior uveitis, primary adrenal insufficiency, psoriasis, psoriatic arthritis, pulmonary tuberculosis, rheumatoid arthritis, sarcoidosis, seasonal allergic rhinitis, seborrheic dermatitis, spondylitis, subacute thyroiditis, sympathetic ophthalmia, synovitis, systemic lupus erythematosus, tenosynovitis, trichinosis, type III hypersensitivity reaction disease, ulcerative colitis",Glucocorticoid receptor,NR3C1,Transcription factor,Glucocorticoid receptor agonist
PREGABALIN,"['Alzain' 'Axalid' 'Bonqat' 'Lecaent' 'Lyrica' 'Lyrica cr' 'Pregabalin'
 'Pregabalin accord' 'Pregabalin mylan' 'Pregabalin mylan pharma'
 'Pregabalin pfizer' 'Pregabalin sandoz' 'Pregabalin sandoz gmbh'
 'Pregabalin zentiva' 'Pregabalin zentiva k.s.' 'Rewisca']",Small molecule,"Focal-onset seizure, Seizure, anxiety disorder, epilepsy, fibromyalgia, generalized anxiety disorder, neuralgia, neuropathic pain, spinal cord injury",Voltage-gated calcium channel,CACNA2D1,"Auxiliary transport protein, Ion channel",Voltage-gated calcium channel modulator
PRENYLAMINE,[],Small molecule,cardiovascular disease,"Calmodulin-1, Sodium channel protein type 5 subunit alpha","CALM1, SCN5A","Ion channel, Unclassified protein","Calmodulin inhibitor, Sodium channel protein type V alpha subunit blocker"
PRILOCAINE,"['Prilocaine component of emla' 'Prilocaine component of fortacin'
 'Prilocaine component of oraqix']",Small molecule,Pain,Sodium channel alpha subunit,"SCN10A, SCN11A, SCN1A, SCN2A, SCN3A, SCN4A, SCN5A, SCN7A, SCN8A, SCN9A","Ion channel, Unclassified protein",Sodium channel alpha subunit blocker
PRIMIDONE,['Lepsiral' 'Liskantin' 'Mysoline' 'Primidone'],Small molecule,epilepsy,"GABA-A receptor; anion channel, Sodium channel alpha subunit","GABRB1, GABRB2, GABRB3, SCN10A, SCN11A, SCN1A, SCN2A, SCN3A, SCN4A, SCN5A, SCN7A, SCN8A, SCN9A","Ion channel, Unclassified protein","GABA-A receptor; anion channel positive allosteric modulator, Sodium channel alpha subunit blocker"
PROBENECID,"['Benemid' 'Benuryl' 'Probalan' 'Probampicin' 'Probecid' 'Probenecid'
 'Probenecid component of col-' 'Probenecid component of colbenemid'
 'Probenecid component of orlynvah' 'Probenecid component of probampacin'
 'Probenecid component of proben-c']",Small molecule,gout,"Organic anion transporter 3, Solute carrier family 22 member 11, Solute carrier family 22 member 6","SLC22A11, SLC22A6, SLC22A8",Transporter,"Solute carrier family 22 member 11 inhibitor, Solute carrier family 22 member 6 inhibitor, Solute carrier family 22 member 8 inhibitor"
PROBUCOL,['Bisbid' 'Lorelco' 'Lurselle' 'Sinlestal'],Small molecule,cardiovascular disease,Phospholipid-transporting ATPase ABCA1,ABCA1,Transporter,ATP-binding cassette sub-family A member 1 inhibitor
PROCAINAMIDE,[],Small molecule,cardiac arrhythmia,Sodium channel alpha subunit,"SCN10A, SCN11A, SCN1A, SCN2A, SCN3A, SCN4A, SCN5A, SCN7A, SCN8A, SCN9A","Ion channel, Unclassified protein",Sodium channel alpha subunit blocker
PROCAINAMIDE HYDROCHLORIDE,"['Biocoryl' 'Novocainamid' 'Procainamide hydrochloride' 'Procan'
 'Procan sr' 'Procanbid' 'Procapan' 'Pronestyl' 'Pronestyl-sr']",Small molecule,"Ventricular arrhythmia, cardiac arrhythmia",Sodium channel alpha subunit,"SCN10A, SCN11A, SCN1A, SCN2A, SCN3A, SCN4A, SCN5A, SCN7A, SCN8A, SCN9A","Ion channel, Unclassified protein",Sodium channel alpha subunit blocker
PROCAINE,['Solution of novocain'],Small molecule,hemorrhoid,Sodium channel alpha subunit,"SCN10A, SCN11A, SCN1A, SCN2A, SCN3A, SCN4A, SCN5A, SCN7A, SCN8A, SCN9A","Ion channel, Unclassified protein",Sodium channel alpha subunit blocker
PROCHLORPERAZINE,['Compazine' 'Compro' 'Prochlorperazine' 'Stemetil eff'],Small molecule,"Nausea and vomiting, anxiety disorder, psychosis, schizophrenia",D(2) dopamine receptor,DRD2,Membrane receptor,Dopamine D2 receptor antagonist
PROCYCLIDINE,[],Small molecule,Parkinson disease,Muscarinic acetylcholine receptor M1,CHRM1,Membrane receptor,Muscarinic acetylcholine receptor M1 antagonist
PROGESTERONE,"['Crinone' 'Cyclogest' 'Endometrin' 'Lutigest' 'Milprosa' 'Prochieve'
 'Progesta-care' 'Progestasert' 'Progesterone'
 'Progesterone component of bijuva' 'Progestin' 'Prometrium' 'Regumate'
 'Serenity for women' 'Syngestrone' 'Utrogestan']",Small molecule,"amenorrhea, hemorrhage",Progesterone receptor,PGR,"Transcription factor, Unclassified protein",Progesterone receptor agonist
PROGLUMIDE,['Milid' 'Nulsa' 'Xyde'],Small molecule,"Peptic ulcer, gastroesophageal reflux disease",Cholecystokinin receptor,"CCKAR, CCKBR",Membrane receptor,Cholecystokinin receptor antagonist
PROMAZINE,[],Small molecule,psychosis,"5-hydroxytryptamine receptor 2A, D2-like dopamine receptor","DRD2, DRD3, DRD4, HTR2A",Membrane receptor,"D2-like dopamine receptor antagonist, Serotonin 2a (5-HT2a) receptor antagonist"
PROMETHAZINE,[],Small molecule,"Pruritus, allergic disease",Histamine H1 receptor,HRH1,Membrane receptor,Histamine H1 receptor antagonist
PROMETHAZINE HYDROCHLORIDE,"['Anergan 25' 'Genphen' 'Mepergan' 'Mymethazine fortis' 'Phenergan'
 'Phenergan nightime' 'Phenhalal' 'Phensedyl' 'Prometh fortis'
 'Prometh plain' 'Promethacon' 'Promethazine hydrochloride'
 'Promethazine hydrochloride component of mepergan'
 'Promethazine hydrochloride component of phenergan vc'
 'Promethazine hydrochloride component of pherazine dm'
 'Promethazine hydrochloride component of pherazine vc'
 'Promethazine hydrochloride component of promethazine dm'
 'Promethazine hydrochloride component of promethazine vc'
 'Promethazine hydrochloride plain' 'Promethazine plain' 'Promethegan'
 'Prorex' 'Q-mazine' 'Remsed' 'Sarantihist' 'Sominex' 'Zipan-25'
 'Zipan-50']",Small molecule,"Nausea and vomiting, Pain, allergic conjunctivitis, atopic eczema, motion sickness, seasonal allergic rhinitis, urticaria",Histamine H1 receptor,HRH1,Membrane receptor,Histamine H1 receptor antagonist
PROPAFENONE,[],Small molecule,cardiac arrhythmia,"Beta-1 adrenergic receptor, Beta-2 adrenergic receptor, Sodium channel alpha subunit","ADRB1, ADRB2, SCN10A, SCN11A, SCN1A, SCN2A, SCN3A, SCN4A, SCN5A, SCN7A, SCN8A, SCN9A","Ion channel, Membrane receptor, Unclassified protein","Beta-1 adrenergic receptor antagonist, Beta-2 adrenergic receptor antagonist, Sodium channel alpha subunit blocker"
PROPAFENONE HYDROCHLORIDE,['Arythmol' 'Propafenone hydrochloride' 'Rythmol' 'Rythmol sr' 'Rytmonorm'],Small molecule,"Ventricular arrhythmia, atrial fibrillation","Beta-1 adrenergic receptor, Beta-2 adrenergic receptor, Sodium channel alpha subunit","ADRB1, ADRB2, SCN10A, SCN11A, SCN1A, SCN2A, SCN3A, SCN4A, SCN5A, SCN7A, SCN8A, SCN9A","Ion channel, Membrane receptor, Unclassified protein","Beta-1 adrenergic receptor antagonist, Beta-2 adrenergic receptor antagonist, Sodium channel alpha subunit blocker"
PROPANTHELINE BROMIDE,['Pro-banthine' 'Propantheline bromide'],Small molecule,peptic ulcer disease,"Muscarinic acetylcholine receptor M1, Muscarinic acetylcholine receptor M2, Muscarinic acetylcholine receptor M3","CHRM1, CHRM2, CHRM3",Membrane receptor,"Muscarinic acetylcholine receptor M1 antagonist, Muscarinic acetylcholine receptor M2 antagonist, Muscarinic acetylcholine receptor M3 antagonist"
PROPOXYPHENE,[],Small molecule,Pain,Mu-type opioid receptor,OPRM1,Membrane receptor,Mu opioid receptor agonist
PROPOXYPHENE HYDROCHLORIDE,"['Darvon' 'Dolene' 'Doloxene' 'Kesso-gesic' 'Prophene 65'
 'Propoxyphene hydrochloride' 'Propoxyphene hydrochloride 65'
 'Propoxyphene hydrochloride component of darvocet'
 'Propoxyphene hydrochloride component of darvon compound'
 'Propoxyphene hydrochloride component of dolene ap-65'
 'Propoxyphene hydrochloride component of wygesic']",Small molecule,Pain,Mu-type opioid receptor,OPRM1,Membrane receptor,Mu opioid receptor agonist
PROPOXYPHENE NAPSYLATE,['Darvon-n'],Small molecule,Pain,Mu-type opioid receptor,OPRM1,Membrane receptor,Mu opioid receptor agonist
PROPRANOLOL,[],Small molecule,cardiovascular disease,"Beta-1 adrenergic receptor, Beta-2 adrenergic receptor","ADRB1, ADRB2",Membrane receptor,"Beta-1 adrenergic receptor antagonist, Beta-2 adrenergic receptor antagonist"
PROPRANOLOL HYDROCHLORIDE,"['Anaprilin' 'Angilol' 'Apsolol' 'Avlocardyl' 'Bedranol' 'Bedranol s.r.'
 'Beprane' 'Berkolol' 'Beta-prograne mr' 'Betadur cr' 'Cardinol'
 'Caridolol' 'Deralin' 'Dociton' 'Dupromex' 'Half beta-prograne mr'
 'Half propanix la' 'Half propatard la' 'Half-beprane cr'
 'Half-betadur cr' 'Half-inderal la' 'Hemangeol' 'Hemangiol' 'Inderal'
 'Inderal la' 'Inderalici' 'Indobloc' 'Innopran' 'Innopran xl'
 'Lederpronol' 'Lopranol la' 'Monoprolol' 'Obsidan' 'Probeta la'
 'Propanix la' 'Propanix-10' 'Propanix-160' 'Propanix-160 sr'
 'Propanix-40' 'Propanix-80' 'Propatard la' 'Propranolol hydrochloride'
 'Propranolol hydrochloride intensol' 'Pylapron' 'Rapranol sr' 'Sagittol'
 'Slo-blok' 'Slo-pro' 'Sloprolol' 'Sumial' 'Syprol' 'Tesnol']",Small molecule,"Wolff-Parkinson-White Syndrome, angina pectoris, cardiac arrhythmia, coronary atherosclerosis, hemangioma, hypertension, migraine disorder, stroke","Beta-1 adrenergic receptor, Beta-2 adrenergic receptor","ADRB1, ADRB2",Membrane receptor,"Beta-1 adrenergic receptor antagonist, Beta-2 adrenergic receptor antagonist"
PROPYLTHIOURACIL,['Propacil' 'Propylthiouracil' 'Prothyran'],Small molecule,"Abnormality of the thyroid gland, hyperthyroidism","Thyroid peroxidase, Type I iodothyronine deiodinase","DIO1, TPO",Enzyme,"Thyroid peroxidase inhibitor, Type I iodothyronine deiodinase (Type-I 5'-deiodinase) (DIOI) (Type 1 DI) (5DI) inhibitor"
PROTEIN C CONCENTRATE (HUMAN),['Ceprotin' 'Protein c component of balfaxar'],Unknown,"Purpura Fulminans, Recurrent thrombophlebitis, protein c deficiency",Vitamin K-dependent protein C,PROC,Enzyme,Vitamin K-dependent protein C exogenous protein
PROTRIPTYLINE HYDROCHLORIDE,['Concordin-10' 'Concordin-5' 'Protriptyline hydrochloride' 'Vivactil'],Small molecule,depressive disorder,"Sodium-dependent noradrenaline transporter, Sodium-dependent serotonin transporter","SLC6A2, SLC6A4",Transporter,"Norepinephrine transporter inhibitor, Serotonin transporter inhibitor"
PRUCALOPRIDE,['Resolor'],Small molecule,Constipation,5-hydroxytryptamine receptor 4,HTR4,Membrane receptor,Serotonin 4 (5-HT4) receptor agonist
PRUCALOPRIDE SUCCINATE,['Motegrity' 'Resolor'],Small molecule,"Constipation, constipation disorder",5-hydroxytryptamine receptor 4,HTR4,Membrane receptor,Serotonin 4 (5-HT4) receptor agonist
PSEUDOEPHEDRINE,[],Small molecule,"Nasal congestion, allergic rhinitis, common cold, seasonal allergic rhinitis",Sodium-dependent noradrenaline transporter,SLC6A2,Transporter,Norepinephrine transporter releasing agent
PSEUDOEPHEDRINE HYDROCHLORIDE,"['Actifed' 'Contac' 'Dimotane plus' 'Dimotane plus l.a.' 'Galpseud'
 'Galpseud plus' 'Novafed' 'Otrivine mu-cron'
 'Pseudoephedrine hydrochloride'
 'Pseudoephedrine hydrochloride component of actahist'
 'Pseudoephedrine hydrochloride component of actifed'
 'Pseudoephedrine hydrochloride component of advil allergy sinus'
 'Pseudoephedrine hydrochloride component of aleve-d'
 'Pseudoephedrine hydrochloride component of allegra-d'
 'Pseudoephedrine hydrochloride component of allerfed'
 'Pseudoephedrine hydrochloride component of benylin'
 'Pseudoephedrine hydrochloride component of bromanate dm'
 'Pseudoephedrine hydrochloride component of bromfed-dm'
 ""Pseudoephedrine hydrochloride component of children's advil cold""
 ""Pseudoephedrine hydrochloride component of children's motrin cold""
 'Pseudoephedrine hydrochloride component of codimal-l.a. 12'
 'Pseudoephedrine hydrochloride component of corphed'
 'Pseudoephedrine hydrochloride component of dimetane-dx'
 'Pseudoephedrine hydrochloride component of histafed'
 'Pseudoephedrine hydrochloride component of hycofenix'
 'Pseudoephedrine hydrochloride component of isoclor'
 'Pseudoephedrine hydrochloride component of mucinex d'
 'Pseudoephedrine hydrochloride component of myfed'
 'Pseudoephedrine hydrochloride component of rezira'
 'Pseudoephedrine hydrochloride component of semprex-d'
 'Pseudoephedrine hydrochloride component of sine-aid ib'
 'Pseudoephedrine hydrochloride component of triacin-c'
 'Pseudoephedrine hydrochloride component of trilitron'
 'Pseudoephedrine hydrochloride component of triphed'
 'Pseudoephedrine hydrochloride component of zutripro'
 'Pseudoephedrine hydrochloride component of zyrtec-d' 'Pseudophed'
 'Sinutab' 'Sudafed' 'Sudafed 12 hour' 'Sudafed 12 hr decongest'
 'Sudafed 24 hour' 'Sudafed plus' 'Sudafed-sa']",Small molecule,"Cough, Nasal congestion, Pain, allergic disease, allergic rhinitis, common cold, influenza, migraine disorder, seasonal allergic rhinitis, sinusitis",Sodium-dependent noradrenaline transporter,SLC6A2,Transporter,Norepinephrine transporter releasing agent
PSEUDOEPHEDRINE SULFATE,"['Afrinol' 'Pseudoephedrine sulfate component of brompheril'
 'Pseudoephedrine sulfate component of clarinex-d'
 'Pseudoephedrine sulfate component of claritin-d'
 'Pseudoephedrine sulfate component of disobrom'
 'Pseudoephedrine sulfate component of disophrol'
 'Pseudoephedrine sulfate component of drixoral'
 'Pseudoephedrine sulfate component of drixoral plus'
 'Pseudoephedrine sulfate component of resporal'
 'Pseudoephedrine sulfate component of trinalin']",Small molecule,"allergic rhinitis, seasonal allergic rhinitis",Sodium-dependent noradrenaline transporter,SLC6A2,Transporter,Norepinephrine transporter releasing agent
PYRIDOSTIGMINE BROMIDE,"['Mestinon' 'Mestinon 10' 'Mestinon ret' 'Pyridostigmine bromide'
 'Regonal' 'Regonol']",Small molecule,Myasthenia gravis,Acetylcholinesterase,ACHE,Enzyme,Acetylcholinesterase inhibitor
PYRILAMINE,[],Small molecule,"Pruritus, allergic disease",Histamine H1 receptor,HRH1,Membrane receptor,Histamine H1 receptor antagonist
PYRILAMINE MALEATE,['Pyrilamine maleate' 'Pyrilamine maleate component of prefrin-a'],Small molecule,seasonal allergic rhinitis,Histamine H1 receptor,HRH1,Membrane receptor,Histamine H1 receptor antagonist
QUAZEPAM,['Doral'],Small molecule,insomnia,GABA-A receptor; anion channel,"GABRA1, GABRA2, GABRA3, GABRA5, GABRG1, GABRG2, GABRG3",Ion channel,GABA-A receptor; anion channel positive allosteric modulator
QUETIAPINE,"['Atrolak xl' 'Biquelle xl' 'Brancico xl' 'Ebesque xl' 'Mintreleq xl'
 'Psyquet xl' 'Seotiapim xl' 'Seroquel' 'Seroquel xl' 'Sondate xl'
 'Tenprolide xl' 'Zaluron xl']",Small molecule,"psychosis, schizoaffective disorder","5-hydroxytryptamine receptor 2A, 5-hydroxytryptamine receptor 2C, D(2) dopamine receptor","DRD2, HTR2A, HTR2C",Membrane receptor,"Dopamine D2 receptor antagonist, Serotonin 2a (5-HT2a) receptor antagonist, Serotonin 2c (5-HT2c) receptor antagonist"
QUETIAPINE FUMARATE,['Quetiapine fumarate' 'Seroquel' 'Seroquel xr'],Small molecule,"bipolar I disorder, bipolar II disorder, bipolar disorder, major depressive disorder, schizophrenia","5-hydroxytryptamine receptor 2A, 5-hydroxytryptamine receptor 2C, D(2) dopamine receptor","DRD2, HTR2A, HTR2C",Membrane receptor,"Dopamine D2 receptor antagonist, Serotonin 2a (5-HT2a) receptor antagonist, Serotonin 2c (5-HT2c) receptor antagonist"
QUINAPRIL,[],Small molecule,cardiovascular disease,Angiotensin-converting enzyme,ACE,Enzyme,Angiotensin-converting enzyme inhibitor
QUINAPRIL HYDROCHLORIDE,"['Accupril' 'Accupro' 'Quinapril hydrochloride'
 'Quinapril hydrochloride component of accuretic'
 'Quinapril hydrochloride component of quinaretic' 'Quinil']",Small molecule,"diabetes mellitus, heart failure, hypertension, kidney failure, stroke",Angiotensin-converting enzyme,ACE,Enzyme,Angiotensin-converting enzyme inhibitor
QUINETHAZONE,['Hydromox' 'Quinethazone component of hydromox r'],Small molecule,cardiovascular disease,Solute carrier family 12 member 3,SLC12A3,Transporter,Thiazide-sensitive sodium-chloride cotransporter inhibitor
QUINIDINE,[],Small molecule,cardiac arrhythmia,Sodium channel alpha subunit,"SCN10A, SCN11A, SCN1A, SCN2A, SCN3A, SCN4A, SCN5A, SCN7A, SCN8A, SCN9A","Ion channel, Unclassified protein",Sodium channel alpha subunit blocker
QUINIDINE GLUCONATE,"['Duraquin' 'Quinact' 'Quinaglute' 'Quinalan' 'Quinatime'
 'Quinidine gluconate']",Small molecule,"Ventricular arrhythmia, malaria",Sodium channel alpha subunit,"SCN10A, SCN11A, SCN1A, SCN2A, SCN3A, SCN4A, SCN5A, SCN7A, SCN8A, SCN9A","Ion channel, Unclassified protein",Sodium channel alpha subunit blocker
RABEPRAZOLE,[],Small molecule,"Peptic ulcer, gastroesophageal reflux disease",Potassium-transporting ATPase,ATP4A,Transporter,Potassium-transporting ATPase inhibitor
RABEPRAZOLE SODIUM,['Aciphex' 'Aciphex sprinkle' 'Pariet' 'Rabeprazole sodium'],Small molecule,"Zollinger-Ellison Syndrome, duodenal ulcer, gastroesophageal reflux disease",Potassium-transporting ATPase,ATP4A,Transporter,Potassium-transporting ATPase inhibitor
RALOXIFENE HYDROCHLORIDE,"['Evirex' 'Evista' 'Optruma' 'Ostiral' 'Raloxifene hydrochloride'
 'Raloxifene teva' 'Razylan']",Small molecule,"breast cancer, osteoporosis, postmenopausal osteoporosis",Estrogen receptor beta,ESR2,"Transcription factor, Unclassified protein",Estrogen receptor beta modulator
RALTITREXED,['Tomudex'],Small molecule,neoplasm,Thymidylate synthase,TYMS,Enzyme,Thymidylate synthase inhibitor
RAMELTEON,['Ramelteon' 'Rozerem'],Small molecule,insomnia,Melatonin receptor,"MTNR1A, MTNR1B",Membrane receptor,Melatonin receptor agonist
RAMIPRIL,"['Altace' 'Lopace' 'Ramipril' 'Ramipril component of polycap' 'Ranace'
 'Tritace']",Small molecule,"cardiovascular disease, congestive heart failure, coronary artery disease, diabetes mellitus, heart failure, hypertension, myocardial infarction, stroke",Angiotensin-converting enzyme,ACE,Enzyme,Angiotensin-converting enzyme inhibitor
RAMUCIRUMAB,['Cyramza'],Antibody,"gastric cancer, neoplasm, non-small cell lung carcinoma, stomach neoplasm",Vascular endothelial growth factor receptor 2,KDR,"Enzyme, Unclassified protein",Vascular endothelial growth factor receptor 2 inhibitor
RANIBIZUMAB,['Byooviz' 'Lucentis' 'Ranivisio' 'Rimmyrah' 'Ximluci'],Antibody,"Myopia, choroidal neovascularization, diabetic retinopathy, macrovascular complications of diabetes, macular retinal edema, ocular vascular disease, wet macular degeneration","Vascular endothelial growth factor A, long form",VEGFA,"Enzyme, Secreted protein",Vascular endothelial growth factor A inhibitor
RANITIDINE,[],Small molecule,"Peptic ulcer, gastroesophageal reflux disease",Histamine H2 receptor,HRH2,Membrane receptor,Histamine H2 receptor antagonist
RANITIDINE BISMUTH CITRATE,['Pylorid' 'Tritec'],Small molecule,"Peptic ulcer, gastroesophageal reflux disease",Histamine H2 receptor,HRH2,Membrane receptor,Histamine H2 receptor antagonist
RANITIDINE HYDROCHLORIDE,"['Azantac' 'Dumoran' 'Gavilast' 'Gavilast-p' 'Histac' 'Raciran 150'
 'Raciran 300' 'Ranicalm' 'Raniplex' 'Ranitic' 'Ranitidine hydrochloride'
 'Ranitil' 'Rantec' 'Ranzac' 'Vivatak' 'Zaedoc 150' 'Zaedoc 300' 'Zantac'
 'Zantac 150' 'Zantac 25' 'Zantac 300' 'Zantac 75' 'Zantac 75 dissolve'
 'Zantac 75 relief' 'Zantac 75 relief dissolve']",Small molecule,"duodenal ulcer, gastric ulcer, ulcer disease",Histamine H2 receptor,HRH2,Membrane receptor,Histamine H2 receptor antagonist
RANOLAZINE,['Aspruzyo sprinkle' 'Ranexa' 'Ranexa (previously latixa)' 'Ranolazine'],Small molecule,"angina pectoris, cardiovascular disease","Sodium channel protein type 4 subunit alpha, Sodium channel protein type 5 subunit alpha","SCN4A, SCN5A",Ion channel,"Sodium channel protein type IV alpha subunit blocker, Sodium channel protein type V alpha subunit blocker"
RASAGILINE,[],Small molecule,Parkinson disease,Amine oxidase [flavin-containing] B,MAOB,Enzyme,Monoamine oxidase B inhibitor
RASAGILINE MESYLATE,['Azilect' 'Rasagiline mesylate' 'Rasagiline ratiopharm'],Small molecule,Parkinson disease,Amine oxidase [flavin-containing] B,MAOB,Enzyme,Monoamine oxidase B inhibitor
RAUWOLFIA SERPENTINA,"['Hiwolfia' 'Hyserpin' 'Koglucoid' 'Raudixin' 'Rauserpin' 'Rauval'
 'Rauwolfia serpentina' 'Wolfina']",Unknown,hypertension,Adrenergic receptor alpha,"ADRA1A, ADRA1B, ADRA1D, ADRA2A, ADRA2B, ADRA2C",Membrane receptor,Adrenergic receptor alpha antagonist
RAVULIZUMAB,['Ultomiris'],Antibody,"hemolytic-uremic syndrome, paroxysmal nocturnal hemoglobinuria",Complement C5,C5,Secreted protein,Complement C5 inhibitor
REBOXETINE,['Edronax'],Small molecule,depressive disorder,Sodium-dependent noradrenaline transporter,SLC6A2,Transporter,Norepinephrine transporter inhibitor
REGADENOSON,['Lexiscan' 'Rapiscan'],Small molecule,cardiovascular disease,Adenosine receptor A2a,ADORA2A,Membrane receptor,Adenosine A2a receptor agonist
REGORAFENIB,['Stivarga'],Small molecule,"colorectal cancer, colorectal neoplasm, neoplasm","Angiopoietin-1 receptor, Discoidin domain-containing receptor 2, Ephrin type-A receptor 2, Fibroblast growth factor receptor 1, Fibroblast growth factor receptor 2, High affinity nerve growth factor receptor, Mast/stem cell growth factor receptor Kit, Mitogen-activated protein kinase 11, Platelet-derived growth factor receptor, Proto-oncogene tyrosine-protein kinase receptor Ret, RAF proto-oncogene serine/threonine-protein kinase, Serine/threonine-protein kinase B-raf, Tyrosine-protein kinase ABL1, Tyrosine-protein kinase FRK, Vascular endothelial growth factor receptor","ABL1, BRAF, DDR2, EPHA2, FGFR1, FGFR2, FLT1, FLT4, FRK, KDR, KIT, MAPK11, NTRK1, PDGFRA, PDGFRB, RAF1, RET, TEK","Enzyme, Other cytosolic protein, Secreted protein, Unclassified protein","Discoidin domain-containing receptor 2 inhibitor, Ephrin type-A receptor 2 inhibitor, Fibroblast growth factor receptor 1 inhibitor, Fibroblast growth factor receptor 2 inhibitor, MAP kinase p38 beta inhibitor, Nerve growth factor receptor Trk-A inhibitor, Platelet-derived growth factor receptor inhibitor, Serine/threonine-protein kinase B-raf inhibitor, Serine/threonine-protein kinase RAF inhibitor, Stem cell growth factor receptor inhibitor, Tyrosine-protein kinase ABL inhibitor, Tyrosine-protein kinase FRK inhibitor, Tyrosine-protein kinase TIE-2 inhibitor, Tyrosine-protein kinase receptor RET inhibitor, Vascular endothelial growth factor receptor inhibitor"
RELUGOLIX,['Orgovyx' 'Relugolix component of myfembree'],Small molecule,"neoplasm, prostate cancer",Gonadotropin-releasing hormone receptor,GNRHR,Membrane receptor,Gonadotropin-releasing hormone receptor antagonist
REMIMAZOLAM BESYLATE,['Byfavo'],Small molecule,sedation,GABA-A receptor; anion channel,"GABRA1, GABRA2, GABRA3, GABRA5, GABRG1, GABRG2, GABRG3",Ion channel,GABA-A receptor; anion channel positive allosteric modulator
REMOXIPRIDE,[],Small molecule,psychosis,D(2) dopamine receptor,DRD2,Membrane receptor,Dopamine D2 receptor antagonist
REPAGLINIDE,"['Enyglid' 'Novonorm' 'Prandin' 'Repaglinide' 'Repaglinide accord'
 'Repaglinide component of prandimet' 'Repaglinide krka'
 'Repaglinide teva']",Small molecule,"diabetes mellitus, type 2 diabetes mellitus","Sulfonylurea receptor 1, Kir6.2","ABCC8, KCNJ11","Ion channel, Transporter","Sulfonylurea receptor 1, Kir6.2 blocker"
REPROTEROL,[],Small molecule,Airway obstruction,Beta-2 adrenergic receptor,ADRB2,Membrane receptor,Beta-2 adrenergic receptor agonist
RESCINNAMINE,['Cinnasil' 'Moderil'],Small molecule,hypertension,Synaptic vesicular amine transporter,SLC18A2,Transporter,Synaptic vesicular amine transporter inhibitor
RESERPINE,"['Hiserpia' 'Rau-sed' 'Reserpine' 'Reserpine component of cam-ap-es'
 'Reserpine component of demi-regroton'
 'Reserpine component of diutensen-r' 'Reserpine component of dralserp'
 'Reserpine component of h.r.-50'
 'Reserpine component of hydralazine hydrochloride-hydrochlorothiazide-'
 'Reserpine component of hydrap-es' 'Reserpine component of hydro-reserp'
 'Reserpine component of hydromox r' 'Reserpine component of hydropres'
 'Reserpine component of hydroserpine plus (r-h-h)'
 'Reserpine component of metatensin' 'Reserpine component of naquival'
 'Reserpine component of regroton' 'Reserpine component of renese-r'
 'Reserpine component of salutensin' 'Reserpine component of ser-a-gen'
 'Reserpine component of ser-ap-es'
 'Reserpine component of serpasil-apresoline'
 'Reserpine component of serpasil-esidrix'
 'Reserpine component of unipres' 'Sandril' 'Serpalan' 'Serpanray'
 'Serpasil' 'Serpate' 'Serpivite']",Small molecule,hypertension,Synaptic vesicular amine transporter,SLC18A2,Transporter,Synaptic vesicular amine transporter inhibitor
RESLIZUMAB,['Cinqaero' 'Cinqair' 'Cinquil'],Antibody,"Airway obstruction, asthma",Interleukin-5,IL5,Secreted protein,Interleukin-5 inhibitor
RETEPLASE,['Ecokinase' 'Rapilysin'],Enzyme,"Recurrent thrombophlebitis, ST Elevation Myocardial Infarction, heart failure, myocardial infarction",Tissue-type plasminogen activator,PLAT,Enzyme,Tissue-type plasminogen activator exogenous protein
RETIFANLIMAB,['Zynyz'],Antibody,"Merkel cell skin cancer, neoplasm",Programmed cell death protein 1,PDCD1,Surface antigen,Programmed cell death protein 1 antagonist
REVEFENACIN,['Yupelri'],Small molecule,"Airway obstruction, chronic obstructive pulmonary disease",Muscarinic acetylcholine receptor M3,CHRM3,Membrane receptor,Muscarinic acetylcholine receptor M3 antagonist
RIBAVIRIN,"['Copegus' 'Cotronak' 'Rebetol' 'Ribapak' 'Ribasphere' 'Ribavarin'
 'Ribavirin' 'Ribavirin biopartners'
 'Ribavirin mylan (previously ribavirin three rivers)' 'Ribavirin teva'
 'Ribavirin teva pharma b.v.' 'Ribofluranosyl carboxamide' 'Viramid'
 'Virazid' 'Virazole']",Small molecule,"chronic hepatitis C virus infection, cirrhosis of liver, fibrosis, viral disease",Inosine-5'-monophosphate dehydrogenase 1,IMPDH1,Enzyme,Inosine-5'-monophosphate dehydrogenase 1 inhibitor
RIBOCICLIB SUCCINATE,['Kisqali' 'Ribociclib succinate component of kisqali femara co-pack'],Small molecule,"breast cancer, breast carcinoma, breast neoplasm, neoplasm","Cyclin-dependent kinase 4, Cyclin-dependent kinase 6","CDK4, CDK6","Enzyme, Other cytosolic protein","Cyclin-dependent kinase 4 inhibitor, Cyclin-dependent kinase 6 inhibitor"
RILMENIDINE,[],Small molecule,hypertension,Nischarin,NISCH,Other cytosolic protein,Nischarin agonist
RILONACEPT,['Arcalyst' 'Rilonacept regeneron (previously arcalyst)'],Protein,"Familial cold urticaria, Muckle-Wells syndrome, cryopyrin-associated periodic syndrome, immune system disease, pericarditis",Interleukin-1 beta,IL1B,Secreted protein,Interleukin-1 beta inhibitor
RILUZOLE,"['Exservan' 'Rilutek' 'Riluzole' 'Riluzole zentiva' 'Teglutik'
 'Tiglutik kit']",Small molecule,amyotrophic lateral sclerosis,Sodium channel alpha subunit,"SCN10A, SCN11A, SCN1A, SCN2A, SCN3A, SCN4A, SCN5A, SCN7A, SCN8A, SCN9A","Ion channel, Unclassified protein",Sodium channel alpha subunit blocker
RIMABOTULINUMTOXINB,['Myobloc' 'Neurobloc'],Protein,Torticollis,Vesicle-associated membrane protein 2,VAMP2,Ion channel,Vesicle-associated membrane protein 2 inhibitor
RIMEGEPANT SULFATE,['Nurtec odt' 'Vydura'],Small molecule,migraine disorder,Calcitonin gene-related peptide type 1 receptor,CALCRL,"Membrane receptor, Unclassified protein",Calcitonin gene-related peptide type 1 receptor antagonist
RIMEXOLONE,['Vexol'],Small molecule,eye inflammation,Glucocorticoid receptor,NR3C1,Transcription factor,Glucocorticoid receptor agonist
RIMITEROL,[],Small molecule,Airway obstruction,Beta-2 adrenergic receptor,ADRB2,Membrane receptor,Beta-2 adrenergic receptor agonist
RIMONABANT,['Acomplia' 'Zimulti'],Small molecule,obesity,Cannabinoid receptor 1,CNR1,Membrane receptor,Cannabinoid CB1 receptor antagonist
RIOCIGUAT,['Adempas' 'Bay 63-2521'],Small molecule,"hypertension, pulmonary arterial hypertension, pulmonary hypertension",Soluble guanylate cyclase,"GUCY1A1, GUCY1A2, GUCY1B1, GUCY1B2",Enzyme,Soluble guanylate cyclase positive allosteric modulator
RIPRETINIB,['Qinlock'],Small molecule,"gastrointestinal stromal tumor, neoplasm","Mast/stem cell growth factor receptor Kit, Platelet-derived growth factor receptor alpha","KIT, PDGFRA",Enzyme,"Platelet-derived growth factor receptor alpha inhibitor, Stem cell growth factor receptor inhibitor"
RISANKIZUMAB,['Skyrizi'],Antibody,"immune system disease, psoriasis, psoriatic arthritis",Interleukin-23,IL23A,Secreted protein,Interleukin-23 inhibitor
RISDIPLAM,['Evrysdi'],Small molecule,"Atrophy, proximal spinal muscular atrophy, spinal muscular atrophy",SMN2 pre-mRNA,SMN2,Epigenetic regulator,SMN2 pre-mRNA positive modulator
RISEDRONATE SODIUM,['Actonel' 'Atelvia' 'Risedronate sodium'],Small molecule,"Paget disease, osteoporosis, postmenopausal osteoporosis",Farnesyl pyrophosphate synthase,FDPS,Enzyme,Farnesyl diphosphate synthase inhibitor
RISEDRONIC ACID,[],Small molecule,bone disease,Farnesyl pyrophosphate synthase,FDPS,Enzyme,Farnesyl diphosphate synthase inhibitor
RISPERIDONE,"['Okedi' 'Perseris kit' 'Risperdal' 'Risperdal consta'
 'Risperdal consta long acting' 'Risperdal m' 'Risperdal m-tab'
 'Risperdal quicklet' 'Risperidone' 'Risvan' 'Rykindo' 'Uzedy']",Small molecule,"aggressive behavior, autism, bipolar I disorder, bipolar disorder, psychosis, schizoaffective disorder, schizophrenia","5-hydroxytryptamine receptor 2A, 5-hydroxytryptamine receptor 2C, D(2) dopamine receptor","DRD2, HTR2A, HTR2C",Membrane receptor,"Dopamine D2 receptor antagonist, Serotonin 2a (5-HT2a) receptor antagonist, Serotonin 2c (5-HT2c) receptor antagonist"
RITLECITINIB TOSYLATE,['Litfulo'],Small molecule,alopecia areata,"TEC family kinase, Tyrosine-protein kinase JAK3","BMX, BTK, ITK, JAK3, TEC, TXK","Enzyme, Unclassified protein","TEC family kinase inhibitor, Tyrosine-protein kinase JAK3 inhibitor"
RITONAVIR,"['Norvir' 'Ritonavir' 'Ritonavir component of kaletra'
 'Ritonavir component of paxlovid' 'Ritonavir component of technivie'
 'Ritonavir component of viekirax' 'Ritonavir component of xiannuoxin'
 'Ritonavir mylan']",Small molecule,"HIV infection, HIV-1 infection, chronic hepatitis C virus infection, hepatitis C virus infection, viral disease",Cytochrome P450 3A,"CYP3A4, CYP3A43, CYP3A5, CYP3A7",Enzyme,Cytochrome P450 3A inhibitor
RITUXIMAB,"['Blitzima' 'Mabthera' 'Mabthera rituxan' 'Ritemvia' 'Rituxan'
 'Rituximab component of rituxan hycela' 'Rituzena (previously tuxella)'
 'Rixathon' 'Riximyo' 'Ruxience' 'Truxima']",Antibody,"Granulomatosis with Polyangiitis, acute lymphoblastic leukemia, chronic lymphocytic leukemia, microscopic polyangiitis, neoplasm, non-Hodgkins lymphoma, pemphigus, rheumatoid arthritis, vasculitis",B-lymphocyte antigen CD20,MS4A1,Ion channel,B-lymphocyte antigen CD20 binding agent
RIVAROXABAN,"['Rivaroxaban accord' 'Rivaroxaban viatris (previously rivaroxaban mylan)'
 'Xarelto']",Small molecule,"Recurrent thrombophlebitis, Venous thrombosis, acute coronary syndrome, atrial fibrillation, coronary artery disease, deep vein thrombosis, peripheral arterial disease, pulmonary embolism, thrombotic disease, total joint arthroplasty, venous thromboembolism",Coagulation factor X,F10,"Enzyme, Secreted protein",Coagulation factor X inhibitor
RIVASTIGMINE,['Exelon' 'Rivastigmine' 'Rivastigmine 3m health care ltd'],Small molecule,"Alzheimer disease, Dementia, Parkinson disease",Cholinesterases; ACHE & BCHE,"ACHE, BCHE",Enzyme,Cholinesterases; ACHE & BCHE inhibitor
RIZATRIPTAN,['Maxalt'],Small molecule,migraine disorder,"5-hydroxytryptamine receptor 1B, 5-hydroxytryptamine receptor 1D","HTR1B, HTR1D",Membrane receptor,"Serotonin 1b (5-HT1b) receptor agonist, Serotonin 1d (5-HT1d) receptor agonist"
RIZATRIPTAN BENZOATE,['Maxalt' 'Maxalt-mlt' 'Rizafilm' 'Rizatriptan benzoate'],Small molecule,migraine disorder,"5-hydroxytryptamine receptor 1B, 5-hydroxytryptamine receptor 1D","HTR1B, HTR1D",Membrane receptor,"Serotonin 1b (5-HT1b) receptor agonist, Serotonin 1d (5-HT1d) receptor agonist"
ROFECOXIB,['Vioxx'],Small molecule,rheumatic disease,Prostaglandin G/H synthase 2,PTGS2,Enzyme,Cyclooxygenase-2 inhibitor
ROFLUMILAST,['Daliresp' 'Daxas' 'Libertek' 'Zoryve'],Small molecule,"Airway obstruction, chronic bronchitis, chronic obstructive pulmonary disease",Phosphodiesterase 4,"PDE4A, PDE4B, PDE4C, PDE4D",Enzyme,Phosphodiesterase 4 inhibitor
ROLAPITANT HYDROCHLORIDE,['Varubi' 'Varuby'],Small molecule,Chemotherapy-induced nausea and vomiting,Substance-P receptor,TACR1,Membrane receptor,Neurokinin 1 receptor antagonist
ROMIDEPSIN,['Chromadax' 'Istodax'],Protein,"Cutaneous T-cell lymphoma, T-cell non-Hodgkin lymphoma, neoplasm, unspecified peripheral T-cell lymphoma",Histone deacetylase,"HDAC1, HDAC10, HDAC11, HDAC2, HDAC3, HDAC4, HDAC5, HDAC6, HDAC7, HDAC8, HDAC9","Epigenetic regulator, Unclassified protein",Histone deacetylase inhibitor
ROMIPLOSTIM,['Nplate'],Protein,"Thrombocytopenia, autoimmune thrombocytopenic purpura, hemorrhage",Thrombopoietin receptor,MPL,Membrane receptor,Thrombopoietin receptor agonist
ROMOSOZUMAB,['Evenity'],Antibody,"bone disease, osteoporosis, postmenopausal osteoporosis",Sclerostin,SOST,Unclassified protein,Sclerostin inhibitor
ROPEGINTERFERON ALFA-2B,['Besremi'],Protein,"neoplasm, polycythemia vera",Interferon alpha/beta receptor,"IFNAR1, IFNAR2",Membrane receptor,Interferon alpha/beta receptor positive modulator
ROPINIROLE,['Ropitor'],Small molecule,Parkinson disease,D2-like dopamine receptor,"DRD2, DRD3, DRD4",Membrane receptor,D2-like dopamine receptor agonist
ROPINIROLE HYDROCHLORIDE,"['Adartrel' 'Aimpart xl' 'Clevor' 'Ipinnia xl' 'Ralnea xl' 'Raponer xl'
 'Repinex xl' 'Requip' 'Requip xl' 'Ropilynz xl'
 'Ropinirole hydrochloride' 'Spiroco xl']",Small molecule,"Parkinson disease, restless legs syndrome",D2-like dopamine receptor,"DRD2, DRD3, DRD4",Membrane receptor,D2-like dopamine receptor agonist
ROPIVACAINE HYDROCHLORIDE,['Naropin' 'Ropivacaine hydrochloride'],Small molecule,Pain,Sodium channel alpha subunit,"SCN10A, SCN11A, SCN1A, SCN2A, SCN3A, SCN4A, SCN5A, SCN7A, SCN8A, SCN9A","Ion channel, Unclassified protein",Sodium channel alpha subunit blocker
ROSIGLITAZONE,['Avandia' 'Nyracta' 'Venvia'],Small molecule,"diabetes mellitus, type 2 diabetes mellitus",Peroxisome proliferator-activated receptor gamma,PPARG,"Epigenetic regulator, Transcription factor",Peroxisome proliferator-activated receptor gamma agonist
ROSIGLITAZONE MALEATE,"['Avandia' 'Rosiglitazone maleate'
 'Rosiglitazone maleate component of avandamet'
 'Rosiglitazone maleate component of avandaryl']",Small molecule,"diabetes mellitus, type 2 diabetes mellitus",Peroxisome proliferator-activated receptor gamma,PPARG,"Epigenetic regulator, Transcription factor",Peroxisome proliferator-activated receptor gamma agonist
ROSUVASTATIN,[],Small molecule,cardiovascular disease,3-hydroxy-3-methylglutaryl-coenzyme A reductase,HMGCR,"Enzyme, Unclassified protein",HMG-CoA reductase inhibitor
ROSUVASTATIN CALCIUM,"['Crestor' 'Ezallor' 'Ezallor sprinkle' 'Rosuvastatin calcium'
 'Rosuvastatin calcium component of roszet']",Small molecule,"Hypercholesterolemia, atherosclerosis, coronary artery disease, familial hypercholesterolemia, hyperlipidemia, hyperlipoproteinemia type 3",3-hydroxy-3-methylglutaryl-coenzyme A reductase,HMGCR,"Enzyme, Unclassified protein",HMG-CoA reductase inhibitor
ROTIGOTINE,['Leganto' 'Neupro'],Small molecule,"Parkinson disease, restless legs syndrome",D2-like dopamine receptor,"DRD2, DRD3, DRD4",Membrane receptor,D2-like dopamine receptor agonist
ROXADUSTAT,['Evrenzo'],Small molecule,"anemia (phenotype), chronic kidney disease",Hypoxia-inducible factor prolyl hydroxylase,"EGLN1, EGLN2, EGLN3, P4HTM",Enzyme,Hypoxia-inducible factor prolyl hydroxylase inhibitor
ROZANOLIXIZUMAB,['Rystiggo'],Antibody,Myasthenia gravis,IgG receptor FcRn large subunit p51,FCGRT,Unclassified protein,IgG receptor FcRn large subunit p51 inhibitor
RUCAPARIB,[],Small molecule,neoplasm,"PARP 1, 2 and 3","PARP1, PARP2, PARP3","Enzyme, Unclassified protein","PARP 1, 2 and 3 inhibitor"
RUCAPARIB CAMSYLATE,['Rubraca'],Small molecule,"ovarian cancer, ovarian carcinoma, ovarian neoplasm","PARP 1, 2 and 3","PARP1, PARP2, PARP3","Enzyme, Unclassified protein","PARP 1, 2 and 3 inhibitor"
RUFINAMIDE,['Banzel' 'Inovelon' 'Rufinamide'],Small molecule,"Lennox-Gastaut syndrome, Seizure, epilepsy",Sodium channel alpha subunit,"SCN10A, SCN11A, SCN1A, SCN2A, SCN3A, SCN4A, SCN5A, SCN7A, SCN8A, SCN9A","Ion channel, Unclassified protein",Sodium channel alpha subunit blocker
RUPATADINE,[],Small molecule,allergic disease,"Histamine H1 receptor, Platelet-activating factor receptor","HRH1, PTAFR",Membrane receptor,"Histamine H1 receptor antagonist, Platelet activating factor receptor antagonist"
RUXOLITINIB,['Jakavi'],Small molecule,"Eczematoid dermatitis, neoplasm","Tyrosine-protein kinase JAK1, Tyrosine-protein kinase JAK2","JAK1, JAK2",Enzyme,"Tyrosine-protein kinase JAK1 inhibitor, Tyrosine-protein kinase JAK2 inhibitor"
RUXOLITINIB PHOSPHATE,['Jakafi' 'Jakavi' 'Opzelura'],Small molecule,"Myelofibrosis, graft versus host disease, myeloproliferative disorder, polycythemia vera, primary myelofibrosis","Tyrosine-protein kinase JAK1, Tyrosine-protein kinase JAK2","JAK1, JAK2",Enzyme,"Tyrosine-protein kinase JAK1 inhibitor, Tyrosine-protein kinase JAK2 inhibitor"
SACITUZUMAB GOVITECAN,['Trodelvy'],Antibody drug conjugate,"breast cancer, breast neoplasm, neoplasm, triple-negative breast cancer","DNA topoisomerase 1, Tumor-associated calcium signal transducer 2","TACSTD2, TOP1","Enzyme, Unclassified protein","DNA topoisomerase I inhibitor, Tumor-associated calcium signal transducer 2 binding agent"
SACUBITRIL,['Sacubitril component of entresto'],Small molecule,"congestive heart failure, heart failure",Neprilysin,MME,Enzyme,Neprilysin inhibitor
SAFINAMIDE,['Xadago'],Small molecule,Parkinson disease,Amine oxidase [flavin-containing] B,MAOB,Enzyme,Monoamine oxidase B inhibitor
SAFINAMIDE MESYLATE,['Xadago'],Small molecule,Parkinson disease,Amine oxidase [flavin-containing] B,MAOB,Enzyme,Monoamine oxidase B inhibitor
SALMETEROL,[],Small molecule,Airway obstruction,Beta-2 adrenergic receptor,ADRB2,Membrane receptor,Beta-2 adrenergic receptor agonist
SALMETEROL XINAFOATE,"['Salmeterol xinafoate component of advair'
 'Salmeterol xinafoate component of advair hfa'
 'Salmeterol xinafoate component of airduo respiclick'
 'Salmeterol xinafoate component of lipo-102' 'Serevent']",Small molecule,"asthma, chronic bronchitis, chronic obstructive pulmonary disease, emphysema",Beta-2 adrenergic receptor,ADRB2,Membrane receptor,Beta-2 adrenergic receptor agonist
SAMIDORPHAN L-MALATE,['Samidorphan l-malate component of lybalvi'],Small molecule,"bipolar I disorder, schizophrenia","Delta-type opioid receptor, Kappa-type opioid receptor, Mu-type opioid receptor","OPRD1, OPRK1, OPRM1",Membrane receptor,"Delta opioid receptor partial agonist, Kappa opioid receptor partial agonist, Mu opioid receptor antagonist"
SAPROPTERIN DIHYDROCHLORIDE,['Kuvan' 'Sapropterin dipharma'],Small molecule,"Hyperphenylalaninemia, phenylketonuria",Phenylalanine-4-hydroxylase,PAH,Enzyme,Phenylalanine-4-hydroxylase activator
SARGRAMOSTIM,['Leukine'],Protein,"acute myeloid leukemia, neoplasm",Granulocyte-macrophage colony-stimulating factor receptor,CSF2RA,Membrane receptor,Granulocyte-macrophage colony-stimulating factor receptor agonist
SARILUMAB,['Kevzara'],Antibody,"immune system disease, rheumatoid arthritis",Interleukin-6 receptor subunit alpha,IL6R,Secreted protein,Interleukin-6 receptor alpha subunit antagonist
SATRALIZUMAB,['Enspryng'],Antibody,"immune system disease, neuromyelitis optica",IL6Ralpha/GP130,"IL6R, IL6ST","Membrane receptor, Secreted protein",IL6Ralpha/GP130 antagonist
SAXAGLIPTIN HYDROCHLORIDE,"['Onglyza' 'Saxagliptin hydrochloride component of kombiglyze'
 'Saxagliptin hydrochloride component of qtern'
 'Saxagliptin hydrochloride component of qternmet xr']",Small molecule,type 2 diabetes mellitus,Dipeptidyl peptidase 4,DPP4,Enzyme,Dipeptidyl peptidase IV inhibitor
SCOPOLAMINE,['Scopolamine' 'Transderm scop'],Small molecule,"Nausea, Nausea and vomiting, motion sickness, post operative nausea and vomiting",Muscarinic acetylcholine receptor M1,CHRM1,Membrane receptor,Muscarinic acetylcholine receptor M1 antagonist
SECUKINUMAB,['Cosentyx'],Antibody,"ankylosing spondylitis, immune system disease, psoriasis, psoriasis vulgaris, psoriatic arthritis, spondyloarthropathy",Interleukin-17A,IL17A,Secreted protein,Interleukin 17A inhibitor
SELEGILINE,['Emsam'],Small molecule,"Parkinson disease, major depressive disorder",Amine oxidase [flavin-containing] B,MAOB,Enzyme,Monoamine oxidase B inhibitor
SELEXIPAG,['Uptravi'],Small molecule,"Recurrent thrombophlebitis, idiopathic pulmonary arterial hypertension, pulmonary arterial hypertension, pulmonary hypertension",Prostacyclin receptor,PTGIR,Membrane receptor,Prostanoid IP receptor agonist
SELINEXOR,['Nexpovio' 'Xpovio'],Small molecule,"diffuse large B-cell lymphoma, multiple myeloma, neoplasm",Exportin-1,XPO1,Unclassified protein,Exportin-1 inhibitor
SELPERCATINIB,['Retevmo' 'Retsevmo'],Small molecule,"medullary thyroid gland carcinoma, neoplasm, non-small cell lung carcinoma, thyroid cancer, thyroid neoplasm","Coiled-coil domain-containing protein 6/Tyrosine-protein kinase receptor RET, Kinesin-1 heavy chain/ Tyrosine-protein kinase receptor RET, Proto-oncogene tyrosine-protein kinase receptor Ret","CCDC6, KIF5B, RET","Enzyme, Other cytosolic protein, Unclassified protein","Coiled-coil domain-containing protein 6/Tyrosine-protein kinase receptor RET inhibitor, Kinesin-1 heavy chain/ Tyrosine-protein kinase receptor RET inhibitor, Tyrosine-protein kinase receptor RET inhibitor"
SELUMETINIB,[],Small molecule,neoplasm,Dual specificity mitogen-activated protein kinase kinase; MEK1/2,"MAP2K1, MAP2K2",Enzyme,Dual specificity mitogen-activated protein kinase kinase; MEK1/2 inhibitor
SELUMETINIB SULFATE,['Koselugo'],Small molecule,"neurofibromatosis, neurofibromatosis type 1",Dual specificity mitogen-activated protein kinase kinase; MEK1/2,"MAP2K1, MAP2K2",Enzyme,Dual specificity mitogen-activated protein kinase kinase; MEK1/2 inhibitor
SEMAGLUTIDE,"['Ozempic' 'Rybelsus' 'Semaglutide component of cagrisema'
 'Semaglutide component of nn1535 icosema'
 'Semaglutide component of nn1535 laisema' 'Wegovy']",Protein,"diabetes mellitus, obesity, type 2 diabetes mellitus",Glucagon-like peptide 1 receptor,GLP1R,Membrane receptor,Glucagon-like peptide 1 receptor agonist
SERATRODAST,[],Small molecule,Airway obstruction,Thromboxane A2 receptor,TBXA2R,Membrane receptor,Thromboxane A2 receptor antagonist
SERDEXMETHYLPHENIDATE CHLORIDE,['Serdexmethylphenidate chloride component of azstarys'],Small molecule,attention deficit hyperactivity disorder,"Sodium-dependent dopamine transporter, Sodium-dependent noradrenaline transporter","SLC6A2, SLC6A3",Transporter,"Dopamine transporter inhibitor, Norepinephrine transporter inhibitor"
SERTINDOLE,['Serlect'],Small molecule,psychosis,"Adrenergic receptor alpha-1, D(2) dopamine receptor, Serotonin 2 receptors; 5-HT2a & 5-HT2c","ADRA1A, ADRA1B, ADRA1D, DRD2, HTR2A, HTR2C",Membrane receptor,"Adrenergic receptor alpha-1 antagonist, Dopamine D2 receptor antagonist, Serotonin 2 receptors; 5-HT2a & 5-HT2c antagonist"
SERTRALINE,[],Small molecule,"depressive disorder, major depressive disorder",Sodium-dependent serotonin transporter,SLC6A4,Transporter,Serotonin transporter inhibitor
SERTRALINE HYDROCHLORIDE,['Aremis' 'Besitron' 'Lustral' 'Sertraline hydrochloride' 'Zoloft'],Small molecule,"Headache, major depressive disorder, obsessive-compulsive disorder, post-traumatic stress disorder, social anxiety disorder",Sodium-dependent serotonin transporter,SLC6A4,Transporter,Serotonin transporter inhibitor
SETMELANOTIDE,['Imcivree'],Protein,obesity,Melanocortin receptor 4,MC4R,Membrane receptor,Melanocortin receptor 4 agonist
SETMELANOTIDE ACETATE,['Imcivree'],Protein,obesity,Melanocortin receptor 4,MC4R,Membrane receptor,Melanocortin receptor 4 agonist
SIBUTRAMINE,['Reductil'],Small molecule,obesity,Monoamine transporter,"SLC6A2, SLC6A3, SLC6A4",Transporter,Monoamine transporter inhibitor
SILDENAFIL,[],Small molecule,"Impotence, erectile dysfunction","cGMP-specific 3',5'-cyclic phosphodiesterase",PDE5A,Enzyme,Phosphodiesterase 5A inhibitor
SILDENAFIL CITRATE,"['Granpidam' 'Liqrev' 'Mysildecard' 'Nipatra' 'Patrex' 'Revatio'
 'Sildenafil actavis' 'Sildenafil citrate' 'Sildenafil ratiopharm'
 'Sildenafil teva' 'Viagra' 'Vizarsin']",Small molecule,"Impotence, connective tissue disease, erectile dysfunction, pulmonary arterial hypertension, pulmonary hypertension","cGMP-specific 3',5'-cyclic phosphodiesterase",PDE5A,Enzyme,Phosphodiesterase 5A inhibitor
SILODOSIN,['Rapaflo' 'Silodosin recordati' 'Silodyx' 'Urorec'],Small molecule,benign prostatic hyperplasia,Alpha-1A adrenergic receptor,ADRA1A,Membrane receptor,Alpha-1a adrenergic receptor antagonist
SILTUXIMAB,['Sylvant'],Antibody,"Giant Lymph Node Hyperplasia, immune system disease",Interleukin-6,IL6,Secreted protein,Interleukin-6 antagonist
SIMOCTOCOG ALFA,['Nuwiq' 'Vihuma'],Protein,hemophilia A,Coagulation factor VIII,F8,"Enzyme, Secreted protein",Coagulation factor VIII exogenous protein
SIMVASTATIN,"['Flolipid' 'Lacersa' 'Ranzolont' 'Simvador' 'Simvastatin'
 'Simvastatin component of juvisync' 'Simvastatin component of polycap'
 'Simvastatin component of simcor' 'Simvastatin component of vytorin'
 'Zocor' 'Zocor heart-pro']",Small molecule,"Abnormal circulating lipid concentration, Hypercholesterolemia, cardiovascular disease, coronary artery disease, familial hypercholesterolemia, hyperlipidemia, myocardial infarction, stroke",3-hydroxy-3-methylglutaryl-coenzyme A reductase,HMGCR,"Enzyme, Unclassified protein",HMG-CoA reductase inhibitor
SIPONIMOD,['Mayzent'],Small molecule,multiple sclerosis,Sphingosine 1-phosphate receptor 1,S1PR1,Membrane receptor,Sphingosine 1-phosphate receptor Edg-1 agonist
SIPONIMOD FUMARIC ACID,['Mayzent'],Small molecule,"chronic progressive multiple sclerosis, multiple sclerosis, relapsing-remitting multiple sclerosis",Sphingosine 1-phosphate receptor 1,S1PR1,Membrane receptor,Sphingosine 1-phosphate receptor Edg-1 agonist
SIPULEUCEL-T,[],Cell,"neoplasm, prostate cancer",Prostatic acid phosphatase,ACP3,Enzyme,Prostatic acid phosphatase binding agent
SIROLIMUS,"['Fyarro' 'Hyftor' 'Rapamune' 'Sirolimus'
 'Sirolimus component of nab-rapamycin  rapamycin']",Small molecule,"eye disease, kidney transplant, neoplasm",Peptidyl-prolyl cis-trans isomerase FKBP1A,FKBP1A,Enzyme,FK506-binding protein 1A inhibitor
SITAGLIPTIN,['Sitagliptin component of zituvimet' 'Zituvio'],Small molecule,diabetes mellitus,Dipeptidyl peptidase 4,DPP4,Enzyme,Dipeptidyl peptidase IV inhibitor
SITAGLIPTIN FUMARATE,['Sitagliptin sun'],Small molecule,type 2 diabetes mellitus,Dipeptidyl peptidase 4,DPP4,Enzyme,Dipeptidyl peptidase IV inhibitor
SITAGLIPTIN PHOSPHATE,"['Janumet xr' 'Januvia' 'Ristaben'
 'Sitagliptin phosphate component of janumet'
 'Sitagliptin phosphate component of juvisync'
 'Sitagliptin phosphate component of steglujan'
 'Sitagliptin phosphate component of stelujan' 'Tesavel' 'Xelevia']",Small molecule,"hyperlipidemia, myocardial infarction, stroke, type 2 diabetes mellitus",Dipeptidyl peptidase 4,DPP4,Enzyme,Dipeptidyl peptidase IV inhibitor
SITAXENTAN,[],Small molecule,hypertension,"Endothelin receptor, ET-A/ET-B","EDNRA, EDNRB",Membrane receptor,"Endothelin receptor, ET-A/ET-B antagonist"
SITAXENTAN SODIUM,['Thelin'],Small molecule,pulmonary hypertension,"Endothelin receptor, ET-A/ET-B","EDNRA, EDNRB",Membrane receptor,"Endothelin receptor, ET-A/ET-B antagonist"
SODIUM NITROPRUSSIDE,['Nipride' 'Nitropress' 'Sodium nitroprusside'],Small molecule,"congestive heart failure, hemorrhage",Soluble guanylate cyclase,"GUCY1B1, GUCY1B2",Enzyme,Soluble guanylate cyclase activator
SODIUM OXYBATE,['Lumryz' 'Sodium oxybate component of xywav' 'Xyrem'],Small molecule,narcolepsy-cataplexy syndrome,GABA-B receptor,"GABBR1, GABBR2",Membrane receptor,GABA-B receptor agonist
SOLIFENACIN,['Vesicare'],Small molecule,"Polyuria, Urinary incontinence","Muscarinic acetylcholine receptor M2, Muscarinic acetylcholine receptor M3","CHRM2, CHRM3",Membrane receptor,"Muscarinic acetylcholine receptor M2 antagonist, Muscarinic acetylcholine receptor M3 antagonist"
SOLIFENACIN SUCCINATE,['Solifenacin succinate' 'Vesicare' 'Vesicare ls'],Small molecule,"overactive bladder, urgency urinary incontinence","Muscarinic acetylcholine receptor M2, Muscarinic acetylcholine receptor M3","CHRM2, CHRM3",Membrane receptor,"Muscarinic acetylcholine receptor M2 antagonist, Muscarinic acetylcholine receptor M3 antagonist"
SOMAPACITAN,['Sogroya'],Small molecule,pituitary dwarfism,Growth hormone receptor,GHR,Membrane receptor,Growth hormone receptor agonist
SOMATROGON,['Ngenla'],Protein,pituitary dwarfism,Growth hormone receptor,GHR,Membrane receptor,Growth hormone receptor agonist
SOMATROPIN,"['Genotropin' 'Genotropin [rdna origin]' 'Genotropin goquick'
 'Genotropin kabipen' 'Genotropin kabiquick' 'Genotropin kabivial'
 'Genotropin miniquick' 'Hgh' 'Humatrope' 'Humatropen' 'Norditropin'
 'Norditropin penset' 'Norditropin simplexx' 'Nutropin' 'Nutropinaq'
 'Omnitrope' 'Omnitrope pen 10' 'Omnitrope pen 5' 'Omnitrope surepal 10'
 'Omnitrope surepal 15' 'Omnitrope surepal 5' 'Saizen' 'Saizen click.easy'
 'Saizen easyject' 'Serostim' 'Somatropin biopartners' 'Valtropin'
 'Zomacton' 'Zorbtive']",Protein,"Cachexia, Growth delay, HIV infection, Prader-Willi syndrome, Turner syndrome, chronic kidney disease, endocrine system disease, gonadal dysgenesis, pituitary dwarfism, pituitary gland disease, primary short bowel syndrome, short bowel syndrome",Growth hormone receptor,GHR,Membrane receptor,Growth hormone receptor agonist
SONIDEGIB,[],Small molecule,neoplasm,Protein smoothened,SMO,Membrane receptor,Smoothened homolog inhibitor
SONIDEGIB PHOSPHATE,['Odomzo'],Small molecule,basal cell carcinoma,Protein smoothened,SMO,Membrane receptor,Smoothened homolog inhibitor
SORAFENIB TOSYLATE,['Nexavar' 'Sorafenib accord'],Small molecule,"renal cell carcinoma, thyroid carcinoma","Mast/stem cell growth factor receptor Kit, Platelet-derived growth factor receptor beta, Proto-oncogene tyrosine-protein kinase receptor Ret, RAF proto-oncogene serine/threonine-protein kinase, Receptor-type tyrosine-protein kinase FLT3, Serine/threonine-protein kinase B-raf, Vascular endothelial growth factor receptor","BRAF, FLT1, FLT3, FLT4, KDR, KIT, PDGFRB, RAF1, RET","Enzyme, Secreted protein, Unclassified protein","Platelet-derived growth factor receptor beta inhibitor, Serine/threonine-protein kinase B-raf inhibitor, Serine/threonine-protein kinase RAF inhibitor, Stem cell growth factor receptor inhibitor, Tyrosine-protein kinase receptor FLT3 inhibitor, Tyrosine-protein kinase receptor RET inhibitor, Vascular endothelial growth factor receptor inhibitor"
SOTAGLIFLOZIN,['Inpefa' 'Zynquista'],Small molecule,"chronic kidney disease, diabetes mellitus, heart failure, nasopharyngeal neoplasm, type 1 diabetes mellitus, type 2 diabetes mellitus","Sodium/glucose cotransporter 1, Sodium/glucose cotransporter 2","SLC5A1, SLC5A2",Transporter,"Sodium/glucose cotransporter 1 inhibitor, Sodium/glucose cotransporter 2 inhibitor"
SOTALOL,[],Small molecule,cardiovascular disease,"Beta-1 adrenergic receptor, Beta-2 adrenergic receptor, Voltage-gated inwardly rectifying potassium channel KCNH2","ADRB1, ADRB2, KCNH2","Ion channel, Membrane receptor","Beta-1 adrenergic receptor antagonist, Beta-2 adrenergic receptor antagonist, HERG blocker"
SOTALOL HYDROCHLORIDE,"['Beta-cardone' 'Betapace' 'Betapace af' 'Sorine' 'Sotacor' 'Sotalex'
 'Sotalol hydrochloride' 'Sotalol hydrochloride component of sotylize'
 'Sotylize']",Small molecule,Ventricular arrhythmia,"Beta-1 adrenergic receptor, Beta-2 adrenergic receptor, Voltage-gated inwardly rectifying potassium channel KCNH2","ADRB1, ADRB2, KCNH2","Ion channel, Membrane receptor","Beta-1 adrenergic receptor antagonist, Beta-2 adrenergic receptor antagonist, HERG blocker"
SOTATERCEPT,['Winrevair'],Protein,pulmonary arterial hypertension,Inhibin beta A chain,INHBA,Secreted protein,Inhibin beta A chain inhibitor
SOTORASIB,['Lumakras' 'Lumykras'],Small molecule,"neoplasm, non-small cell lung carcinoma",GTPase KRas,KRAS,"Enzyme, Unclassified protein",GTPase KRas inhibitor
SPARSENTAN,['Filspari'],Small molecule,IGA glomerulonephritis,"Endothelin-1 receptor, Type-1 angiotensin II receptor","AGTR1, EDNRA",Membrane receptor,"Endothelin receptor ET-A antagonist, Type-1 angiotensin II receptor antagonist"
SPESOLIMAB,['Spevigo'],Antibody,"immune system disease, psoriasis",IL36 receptor,"IL1RAP, IL1RL2",Enzyme,IL36 receptor antagonist
SPIRAPRIL,[],Small molecule,cardiovascular disease,Angiotensin-converting enzyme,ACE,Enzyme,Angiotensin-converting enzyme inhibitor
SPIRONOLACTONE,"['Abbolactone' 'Aldactone' 'Carospir' 'Diatensec' 'Gx spironol'
 'Laractone' 'Qaialdo' 'Spiretic' 'Spiroctan 100' 'Spiroctan 25'
 'Spiroctan 50' 'Spironolactone' 'Spironolactone ceva'
 'Spironolactone component of aldactazide'
 'Spironolactone component of cardalis' 'Spirospare 100' 'Spirospare 25']",Small molecule,"cardiovascular disease, cirrhosis of liver, congestive heart failure, heart failure, hypertension, myocardial infarction, nephrotic syndrome, preeclampsia",Mineralocorticoid receptor,NR3C2,Transcription factor,Mineralocorticoid receptor antagonist
STREPTOKINASE,['Kabikinase' 'Streptase'],Enzyme,Recurrent thrombophlebitis,Plasminogen,PLG,Enzyme,Plasminogen activator
SUFENTANIL CITRATE,"['Dsuvia' 'Dzuveo' 'Sufenta' 'Sufenta preservative free' 'Sufental'
 'Sufentanil citrate' 'Zalviso']",Small molecule,Pain,Mu-type opioid receptor,OPRM1,Membrane receptor,Mu opioid receptor agonist
SULFASALAZINE,"['Azulfidine' 'Azulfidine en-tabs' 'Colizine' 'S.a.s.-500' 'Salazopyrin'
 'Salazopyrin e.c.' 'Salazopyrin-en' 'Sulfasalazine' 'Ucine']",Small molecule,"juvenile idiopathic arthritis, rheumatoid arthritis, ulcerative colitis","Cyclooxygenase, Polyunsaturated fatty acid 5-lipoxygenase","ALOX5, PTGS1, PTGS2","Enzyme, Other cytosolic protein","Arachidonate 5-lipoxygenase inhibitor, Cyclooxygenase inhibitor"
SULFINPYRAZONE,['Anturan' 'Anturane' 'Sulfinpyrazone'],Small molecule,gout,Solute carrier family 22 member 12,SLC22A12,Transporter,Solute carrier family 22 member 12 inhibitor
SULINDAC,['Clinoril' 'Sulindac'],Small molecule,"osteoarthritis, rheumatic disease, rheumatoid arthritis, spondylitis",Cyclooxygenase,"PTGS1, PTGS2",Enzyme,Cyclooxygenase inhibitor
SULOCTIDIL,[],Small molecule,cardiovascular disease,Voltage-gated calcium channel,"CACNA1A, CACNA1B, CACNA1C, CACNA1D, CACNA1E, CACNA1F, CACNA1G, CACNA1H, CACNA1I, CACNA1S, CACNA2D1, CACNA2D2, CACNA2D3, CACNA2D4, CACNB1, CACNB2, CACNB3, CACNB4, CACNG1, CACNG2, CACNG3, CACNG4, CACNG5, CACNG6, CACNG7, CACNG8","Auxiliary transport protein, Ion channel",Voltage-gated calcium channel blocker
SULPIRIDE,"['Abilit' 'Aiglonyl' 'Coolspan' 'Dobren' 'Dogmatil' 'Dogmatyl' 'Dolmatil'
 'Guastil' 'Meresa' 'Mirbanil' 'Misulvan' 'Neogama' 'Omperan' 'Pyrikappl'
 'Sernevin' 'Splotin' 'Sulpitil' 'Sulpor' 'Sursumid' 'Synedil' 'Trilan']",Small molecule,psychosis,D(2) dopamine receptor,DRD2,Membrane receptor,Dopamine D2 receptor antagonist
SULTHIAME,['Conadil' 'Ospolot' 'Trolone'],Small molecule,epilepsy,Carbonic anhydrase,"CA1, CA12, CA13, CA14, CA2, CA3, CA4, CA5A, CA5B, CA6, CA7, CA9",Enzyme,Carbonic anhydrase inhibitor
SUMATRIPTAN,['Imitrex' 'Sumatriptan' 'Tosymra'],Small molecule,migraine disorder,"5-hydroxytryptamine receptor 1B, 5-hydroxytryptamine receptor 1D","HTR1B, HTR1D",Membrane receptor,"Serotonin 1b (5-HT1b) receptor agonist, Serotonin 1d (5-HT1d) receptor agonist"
SUMATRIPTAN SUCCINATE,"['Alsuma' 'Imigran' 'Imigran 50' 'Imigran radis' 'Imigran recovery'
 'Imigran subject' 'Imitrex' 'Imitrex statdose' 'Migraitan'
 'Migraleve ultra' 'Onzetra xsail' 'Sumatriptan succinate'
 'Sumatriptan succinate component of treximet' 'Sumavel dosepro' 'Zecuity'
 'Zembrace symtouch']",Small molecule,migraine disorder,"5-hydroxytryptamine receptor 1B, 5-hydroxytryptamine receptor 1D","HTR1B, HTR1D",Membrane receptor,"Serotonin 1b (5-HT1b) receptor agonist, Serotonin 1d (5-HT1d) receptor agonist"
SUNITINIB,['Sunitinib accord'],Small molecule,"gastrointestinal stromal tumor, neoplasm, neuroendocrine neoplasm, pancreatic neuroendocrine tumor, renal cell carcinoma","Macrophage colony-stimulating factor 1 receptor, Mast/stem cell growth factor receptor Kit, Platelet-derived growth factor receptor, Proto-oncogene tyrosine-protein kinase receptor Ret, Receptor-type tyrosine-protein kinase FLT3, Vascular endothelial growth factor receptor","CSF1R, FLT1, FLT3, FLT4, KDR, KIT, PDGFRA, PDGFRB, RET","Enzyme, Secreted protein, Unclassified protein","Macrophage colony stimulating factor receptor inhibitor, Platelet-derived growth factor receptor inhibitor, Stem cell growth factor receptor inhibitor, Tyrosine-protein kinase receptor FLT3 inhibitor, Tyrosine-protein kinase receptor RET inhibitor, Vascular endothelial growth factor receptor inhibitor"
SUNITINIB MALATE,['Sunitinib malate' 'Sutent'],Small molecule,"gastrointestinal stromal tumor, neuroendocrine neoplasm, renal cell carcinoma","Macrophage colony-stimulating factor 1 receptor, Mast/stem cell growth factor receptor Kit, Platelet-derived growth factor receptor, Proto-oncogene tyrosine-protein kinase receptor Ret, Receptor-type tyrosine-protein kinase FLT3, Vascular endothelial growth factor receptor","CSF1R, FLT1, FLT3, FLT4, KDR, KIT, PDGFRA, PDGFRB, RET","Enzyme, Secreted protein, Unclassified protein","Macrophage colony stimulating factor receptor inhibitor, Platelet-derived growth factor receptor inhibitor, Stem cell growth factor receptor inhibitor, Tyrosine-protein kinase receptor FLT3 inhibitor, Tyrosine-protein kinase receptor RET inhibitor, Vascular endothelial growth factor receptor inhibitor"
SUPROFEN,['Profenal'],Small molecule,rheumatic disease,Cyclooxygenase,"PTGS1, PTGS2",Enzyme,Cyclooxygenase inhibitor
SUSOCTOCOG ALFA,['Obizur'],Protein,"hemophilia A, hemorrhage",Coagulation factor VIII,F8,"Enzyme, Secreted protein",Coagulation factor VIII exogenous protein
SUTIMLIMAB,['Enjaymo'],Antibody,"Anemia, Hemolytic, Autoimmune, hemolysis",Complement C1s subcomponent,C1S,Enzyme,Complement C1s inhibitor
SUVOREXANT,['Belsomra' 'Suvorexant component of belsomra'],Small molecule,insomnia,Orexin receptor,"HCRTR1, HCRTR2",Membrane receptor,Orexin receptor antagonist
"SYNTHETIC CONJUGATED ESTROGENS, B",['Enjuvia'],Unknown,"Atrophy, menopause",Estrogen receptor,"ESR1, ESR2","Other cytosolic protein, Transcription factor, Unclassified protein",Estrogen receptor agonist
TACRINE,[],Small molecule,Dementia,Cholinesterases; ACHE & BCHE,"ACHE, BCHE",Enzyme,Cholinesterases; ACHE & BCHE inhibitor
TACROLIMUS,"['Adoport' 'Advagraf' 'Astagraf xl' 'Capexion' 'Envarsus' 'Envarsus xr'
 'Modigraf' 'Perixis' 'Prograf' 'Protopic' 'Protopy' 'Tacforius' 'Tacni'
 'Tacrolimus' 'Vivadex']",Small molecule,"Eczematoid dermatitis, atopic eczema, immune system disease",Peptidyl-prolyl cis-trans isomerase FKBP1A,FKBP1A,Enzyme,FK506-binding protein 1A inhibitor
TADALAFIL,"['Adcirca' 'Adcirca (previously tadalafil lilly)' 'Chewtadzy' 'Cialis'
 'Tadalafil component of entadfi' 'Tadalafil component of opsynvi'
 'Tadalafil lilly' 'Tadalafil mylan' 'Tadliq'
 'Talmanco (previously tadalafil generics)']",Small molecule,"Impotence, benign prostatic hyperplasia, erectile dysfunction, pulmonary arterial hypertension, pulmonary hypertension","cGMP-specific 3',5'-cyclic phosphodiesterase",PDE5A,Enzyme,Phosphodiesterase 5A inhibitor
TAFAMIDIS,['Vyndamax'],Small molecule,"AL amyloidosis, amyloidosis, cardiomyopathy",Transthyretin,TTR,Secreted protein,Transthyretin stabiliser
TAFAMIDIS MEGLUMINE,['Vyndaqel'],Small molecule,"AL amyloidosis, amyloidosis, cardiomyopathy",Transthyretin,TTR,Secreted protein,Transthyretin stabiliser
TAFASITAMAB,['Minjuvi' 'Monjuvi' 'Monjuvi (tafasitamab-cxix) for injection'],Antibody,"diffuse large B-cell lymphoma, lymphoma, neoplasm",B-lymphocyte antigen CD19,CD19,Surface antigen,B-lymphocyte antigen CD19 binding agent
TAFLUPROST,['Saflutan' 'Zioptan'],Small molecule,"glaucoma, ocular hypertension, open-angle glaucoma",Prostaglandin F2-alpha receptor,PTGFR,Membrane receptor,Prostanoid FP receptor agonist
TAGRAXOFUSP,['Elzonris'],Protein,"acute myeloid leukemia, lymphoma, neoplasm","Elongation factor 2, Interleukin-3 receptor subunit alpha","EEF2, IL3RA","Membrane receptor, Other cytosolic protein","Elongation factor 2 inhibitor, Interleukin-3 receptor subunit alpha binding agent"
TALAZOPARIB TOSYLATE,['Talzenna'],Small molecule,"breast carcinoma, breast neoplasm","Poly [ADP-ribose] polymerase 1, Poly [ADP-ribose] polymerase 2","PARP1, PARP2","Enzyme, Unclassified protein","Poly [ADP-ribose] polymerase 2 inhibitor, Poly [ADP-ribose] polymerase-1 inhibitor"
TALQUETAMAB,['Talvey'],Antibody,multiple myeloma,"G-protein coupled receptor family C group 5 member D, T cell surface glycoprotein CD3","CD3D, CD3E, CD3G, GPRC5D","Membrane receptor, Unclassified protein","G-protein coupled receptor family C group 5 member D binding agent, T cell surface glycoprotein CD3 binding agent"
TAMOXIFEN,[],Small molecule,neoplasm,Estrogen receptor,ESR1,"Other cytosolic protein, Transcription factor, Unclassified protein",Estrogen receptor alpha modulator
TAMOXIFEN CITRATE,"['Emblon' 'Fentamox 10' 'Fentamox 20' 'Kentadex' 'Kessar 10' 'Kessar 20'
 'Noltam' 'Nolvadex' 'Nolvadex d' 'Nolvadex fte' 'Oestrifen-10'
 'Oestrifen-20' 'Oestrifen-40' 'Soltamox' 'Tamofen' 'Tamoxifen citrate'
 'Zynoplex']",Small molecule,breast cancer,Estrogen receptor,ESR1,"Other cytosolic protein, Transcription factor, Unclassified protein",Estrogen receptor alpha modulator
TAMSULOSIN,[],Small molecule,benign prostatic hyperplasia,Adrenergic receptor alpha-1,"ADRA1A, ADRA1B, ADRA1D",Membrane receptor,Adrenergic receptor alpha-1 antagonist
TAMSULOSIN HYDROCHLORIDE,"['Alphacard mr' 'Bazetham mr' 'Contiflo xl' 'Cositam xl' 'Diffundox'
 'Faramsil' 'Flectone xl' 'Flomax' 'Flomax mr' 'Flomax relief mr'
 'Flomaxtra xl' 'Galebon' 'Losinate mr' 'Maxtron' 'Morvesin xl' 'Omnic mr'
 'Pamsvax xl' 'Petyme' 'Pinexel pr' 'Prosurin xl' 'Stronazon' 'Tabphyn mr'
 'Tamfrex xl' 'Tamsulosin hydrochloride'
 'Tamsulosin hydrochloride component of jalyn' 'Tamurex']",Small molecule,"benign prostatic hyperplasia, prostate carcinoma",Adrenergic receptor alpha-1,"ADRA1A, ADRA1B, ADRA1D",Membrane receptor,Adrenergic receptor alpha-1 antagonist
TAPENTADOL,[],Small molecule,Pain,"Mu-type opioid receptor, Sodium-dependent noradrenaline transporter","OPRM1, SLC6A2","Membrane receptor, Transporter","Mu opioid receptor agonist, Norepinephrine transporter inhibitor"
TAPENTADOL HYDROCHLORIDE,['Nucynta' 'Nucynta er' 'Palexia'],Small molecule,"Chronic pain, Pain, neuropathic pain","Mu-type opioid receptor, Sodium-dependent noradrenaline transporter","OPRM1, SLC6A2","Membrane receptor, Transporter","Mu opioid receptor agonist, Norepinephrine transporter inhibitor"
TAPINAROF,['Vtama'],Small molecule,psoriasis,Aryl hydrocarbon receptor,AHR,"Transcription factor, Unclassified protein",Aryl hydrocarbon receptor agonist
TASIMELTEON,['Hetlioz' 'Hetlioz lq'],Small molecule,"Chromosomal anomaly, circadian rhythm sleep disorder, sleep-wake disorder",Melatonin receptor,"MTNR1A, MTNR1B",Membrane receptor,Melatonin receptor agonist
TAZAROTENE,"['Arazlo' 'Avage' 'Fabior' 'Tazarotene component of duobrii'
 'Tazarotene component of idp-118' 'Tazorac' 'Zorac']",Small molecule,"Genetic hypopigmentation of the skin, acne, psoriasis, psoriasis vulgaris",Retinoic acid receptor,"RARA, RARB, RARG","Enzyme, Transcription factor",Retinoic acid receptor agonist
TAZEMETOSTAT,[],Small molecule,neoplasm,Histone-lysine N-methyltransferase EZH2,EZH2,"Epigenetic regulator, Unclassified protein",Histone-lysine N-methyltransferase EZH2 inhibitor
TAZEMETOSTAT HYDROBROMIDE,['Tazverik'],Small molecule,"follicular lymphoma, sarcoma",Histone-lysine N-methyltransferase EZH2,EZH2,"Epigenetic regulator, Unclassified protein",Histone-lysine N-methyltransferase EZH2 inhibitor
TEBENTAFUSP,['Kimmtrak'],Protein,"melanoma, neoplasm, uveal cancer",Melanocyte protein PMEL,PMEL,Unclassified protein,Melanocyte protein PMEL binding agent
TECLISTAMAB,['Tecvayli'],Antibody,multiple myeloma,"T cell surface glycoprotein CD3, Tumor necrosis factor receptor superfamily member 17","CD3D, CD3E, CD3G, TNFRSF17","Membrane receptor, Unclassified protein","T cell surface glycoprotein CD3 binding agent, Tumor necrosis factor receptor superfamily member 17 binding agent"
TEDUGLUTIDE,['Gattex kit' 'Revestive'],Protein,"malabsorption syndrome, primary short bowel syndrome, short bowel syndrome",Glucagon-like peptide 2 receptor,GLP2R,Membrane receptor,Glucagon-like peptide 2 receptor agonist
TEGAFUR,"['Citofur' 'Riol' 'Tegafur component of s-1'
 'Tegafur component of teysuno' 'Tegafur component of ts-1' 'Uftoral']",Small molecule,neoplasm,Thymidylate synthase,TYMS,Enzyme,Thymidylate synthase inhibitor
TEGASEROD,[],Small molecule,Constipation,5-hydroxytryptamine receptor 4,HTR4,Membrane receptor,Serotonin 4 (5-HT4) receptor partial agonist
TEGASEROD MALEATE,['Zelmac' 'Zelnorm'],Small molecule,"constipation disorder, irritable bowel syndrome",5-hydroxytryptamine receptor 4,HTR4,Membrane receptor,Serotonin 4 (5-HT4) receptor partial agonist
TELMISARTAN,"['Kinzalmono (previously telmisartan boehringer ingelheim pharma kg)'
 'Micardis' 'Pritor' 'Semintra' 'Telmisartan' 'Telmisartan actavis'
 'Telmisartan component of kinzalkomb'
 'Telmisartan component of micardis hct'
 'Telmisartan component of micardisplus'
 'Telmisartan component of onduarp' 'Telmisartan component of pritorplus'
 'Telmisartan component of tolucombi' 'Telmisartan component of twynsta'
 'Telmisartan teva' 'Telmisartan teva pharma' 'Tolura']",Small molecule,"cardiovascular disease, diabetes mellitus, hypertension, myocardial infarction, stroke",Type-1 angiotensin II receptor,AGTR1,Membrane receptor,Type-1 angiotensin II receptor antagonist
TELOTRISTAT ETIPRATE,['Xermelo'],Small molecule,"Diarrhea, carcinoid tumor, neuroendocrine neoplasm",Tryptophan 5-hydroxylase,"TPH1, TPH2",Enzyme,Tryptophan 5-hydroxylase inhibitor
TEMAZEPAM,['Kentepam' 'Normison' 'Restoril' 'Temaz' 'Temazepam'],Small molecule,insomnia,GABA-A receptor; anion channel,"GABRA1, GABRA2, GABRA3, GABRA5, GABRG1, GABRG2, GABRG3",Ion channel,GABA-A receptor; anion channel positive allosteric modulator
TEMSIROLIMUS,['Torisel'],Small molecule,"Mantle cell lymphoma, neoplasm, renal cell carcinoma",Peptidyl-prolyl cis-trans isomerase FKBP1A,FKBP1A,Enzyme,FK506-binding protein 1A inhibitor
TENAPANOR,['Tenapanor component of rdx-013' 'Tenapanor component of rdx013'],Small molecule,Constipation,Sodium/hydrogen exchanger 3,SLC9A3,Transporter,Sodium/hydrogen exchanger 3 inhibitor
TENAPANOR HYDROCHLORIDE,['Ibsrela' 'Xphozah'],Small molecule,"constipation disorder, irritable bowel syndrome",Sodium/hydrogen exchanger 3,SLC9A3,Transporter,Sodium/hydrogen exchanger 3 inhibitor
TENECTEPLASE,['Metalyse' 'Tenecteplase boehringer ingelheim pharma gmbh  co. kg'],Enzyme,"Recurrent thrombophlebitis, acute myocardial infarction, myocardial infarction",Tissue-type plasminogen activator,PLAT,Enzyme,Tissue-type plasminogen activator exogenous protein
TENELIGLIPTIN,[],Small molecule,diabetes mellitus,Dipeptidyl peptidase 4,DPP4,Enzyme,Dipeptidyl peptidase IV inhibitor
TENIPOSIDE,['Vumon'],Small molecule,neoplasm,DNA topoisomerase II,"TOP2A, TOP2B",Enzyme,DNA topoisomerase II inhibitor
TEPLIZUMAB,['Tzield'],Antibody,type 1 diabetes mellitus,T-cell surface glycoprotein CD3 epsilon chain,CD3E,"Membrane receptor, Unclassified protein",T-cell surface glycoprotein CD3 epsilon chain other
TEPOTINIB,[],Small molecule,neoplasm,Hepatocyte growth factor receptor,MET,Enzyme,Hepatocyte growth factor receptor inhibitor
TEPOTINIB HYDROCHLORIDE,['Tepmetko'],Small molecule,non-small cell lung carcinoma,Hepatocyte growth factor receptor,MET,Enzyme,Hepatocyte growth factor receptor inhibitor
TEPROTUMUMAB,['Tepezza'],Antibody,Graves ophthalmopathy,Insulin-like growth factor 1 receptor,IGF1R,Enzyme,Insulin-like growth factor I receptor antagonist
TERAZOSIN,[],Small molecule,benign prostatic hyperplasia,Adrenergic receptor alpha-1,"ADRA1A, ADRA1B, ADRA1D",Membrane receptor,Adrenergic receptor alpha-1 antagonist
TERAZOSIN HYDROCHLORIDE,['Benph' 'Hytrin' 'Hytrin bph' 'Terazosin hydrochloride' 'Tezruly'],Small molecule,benign prostatic hyperplasia,Adrenergic receptor alpha-1,"ADRA1A, ADRA1B, ADRA1D",Membrane receptor,Adrenergic receptor alpha-1 antagonist
TERBUTALINE,[],Small molecule,Airway obstruction,Beta-2 adrenergic receptor,ADRB2,Membrane receptor,Beta-2 adrenergic receptor agonist
TERBUTALINE SULFATE,"['Brethaire' 'Brethine' 'Bricanyl' 'Bricanyl sa' 'Monovent' 'Monovent sa'
 'Terbasmin' 'Terbutaline sulfate']",Small molecule,"asthma, bronchitis",Beta-2 adrenergic receptor,ADRB2,Membrane receptor,Beta-2 adrenergic receptor agonist
TERFENADINE,"['Antihistamine' 'Histafen' 'Histafen 120' 'Seldane' 'Terfenor'
 'Terfenor fte' 'Terfex' 'Terfinax 120' 'Terfinax 60' 'Triludan'
 'Triludan fte']",Small molecule,allergic disease,Histamine H1 receptor,HRH1,Membrane receptor,Histamine H1 receptor antagonist
TERIFLUNOMIDE,['Aubagio' 'Teriflunomide accord' 'Teriflunomide mylan'],Small molecule,"multiple sclerosis, relapsing-remitting multiple sclerosis","Dihydroorotate dehydrogenase (quinone), mitochondrial",DHODH,Enzyme,Dihydroorotate dehydrogenase inhibitor
TERIPARATIDE,"['Bonsity' 'Forsteo' 'Forteo' 'Kauliv' 'Livogiva' 'Movymia' 'Qutavina'
 'Sondelbay' 'Teriparatide sun' 'Terrosa']",Protein,"osteoporosis, postmenopausal osteoporosis",Parathyroid hormone/parathyroid hormone-related peptide receptor,PTH1R,Membrane receptor,Parathyroid hormone receptor agonist
TERLIPRESSIN,['Terlivaz' 'Variquel'],Protein,"Renal insufficiency, hepatorenal syndrome","Vasopressin V1 receptor, Vasopressin V2 receptor","AVPR1A, AVPR1B, AVPR2",Membrane receptor,"Vasopressin V1 receptor binding agent, Vasopressin V2 receptor binding agent"
TERODILINE,[],Small molecule,"Polyuria, Urinary incontinence","Muscarinic acetylcholine receptor, Voltage-gated calcium channel","CACNA1A, CACNA1B, CACNA1C, CACNA1D, CACNA1E, CACNA1F, CACNA1G, CACNA1H, CACNA1I, CACNA1S, CACNA2D1, CACNA2D2, CACNA2D3, CACNA2D4, CACNB1, CACNB2, CACNB3, CACNB4, CACNG1, CACNG2, CACNG3, CACNG4, CACNG5, CACNG6, CACNG7, CACNG8, CHRM1, CHRM2, CHRM3, CHRM4, CHRM5","Auxiliary transport protein, Ion channel, Membrane receptor","Muscarinic acetylcholine receptor antagonist, Voltage-gated calcium channel blocker"
TESAMORELIN ACETATE,[],Protein,HIV-Associated Lipodystrophy Syndrome,Growth hormone-releasing hormone receptor,GHRHR,Membrane receptor,Growth hormone-releasing hormone receptor agonist
TESTOSTERONE,"['Androderm' 'Androgel' 'Androgel 1%' 'Andropatch' 'Axiron' 'Fortesta'
 'Intrinsa' 'Livensa' 'Natesto' 'Striant' 'Striant sr' 'Testim'
 'Testim 1%' 'Testoderm' 'Testoderm tts' 'Testogel' 'Testopatch'
 'Testopel' 'Testoral' 'Testosterone' 'Tostran' 'Vogelxo']",Small molecule,"Hypogonadotropic hypogonadism, Klinefelter's syndrome, hypogonadism, hypogonadotropic hypogonadism, neoplasm, orchitis, sexual dysfunction",Androgen receptor,AR,Transcription factor,Androgen Receptor agonist
TESTOSTERONE CYPIONATE,"['Andro-cyp' 'Azmiro' 'Depo-testosterone' 'Depotest'
 'Testosterone cypionate'
 'Testosterone cypionate component of depo-testadiol']",Small molecule,"hypogonadism, neoplasm, orchitis",Androgen receptor,AR,Transcription factor,Androgen Receptor agonist
TESTOSTERONE ENANTHATE,"['Delatestryl' 'Primoteston depot' 'Testosterone enanthate'
 'Testosterone enanthate component of ditate-ds' 'Xyosted (autoinjector)']",Small molecule,"Hypogonadotropic hypogonadism, hypogonadism, neoplasm, orchitis",Androgen receptor,AR,Transcription factor,Androgen Receptor agonist
TESTOSTERONE UNDECANOATE,"['Andriol' 'Aveed' 'Jatenzo' 'Kyzatrex' 'Nebido' 'Restandol'
 'Restandol testocap' 'Tlando' 'Undestor']",Small molecule,"Klinefelter's syndrome, hypogonadism, hypogonadotropic hypogonadism, neoplasm, orchitis",Androgen receptor,AR,Transcription factor,Androgen Receptor agonist
TETRABENAZINE,['Nitoman' 'Revocon' 'Tetmodis' 'Tetrabenazine' 'Xenazine' 'Xenazine 25'],Small molecule,"Huntington disease, chorea",Synaptic vesicular amine transporter,SLC18A2,Transporter,Synaptic vesicular amine transporter inhibitor
TETRACAINE,"['Ametop' 'Dicaine' 'Tetracaine component of pliaglis'
 'Tetracaine component of synera']",Small molecule,"Pain, Pruritus, hemorrhoid",Sodium channel alpha subunit,"SCN10A, SCN11A, SCN1A, SCN2A, SCN3A, SCN4A, SCN5A, SCN7A, SCN8A, SCN9A","Ion channel, Unclassified protein",Sodium channel alpha subunit blocker
TETRAHYDROZOLINE,[],Small molecule,"Nasal congestion, eye allergy",Adrenergic receptor alpha,"ADRA1A, ADRA1B, ADRA1D, ADRA2A, ADRA2B, ADRA2C",Membrane receptor,Adrenergic receptor alpha agonist
TEZACAFTOR,['Tezacaftor component of symkevi' 'Tezacaftor component of trikafta'],Small molecule,cystic fibrosis,Cystic fibrosis transmembrane conductance regulator,CFTR,"Ion channel, Unclassified protein",Cystic fibrosis transmembrane conductance regulator positive modulator
TEZEPELUMAB,['Tezspire'],Antibody,"Airway obstruction, asthma",Thymic stromal lymphopoietin,TSLP,Secreted protein,Thymic stromal lymphopoietin inhibitor
THALIDOMIDE,"['Kevadon' 'Talidex' 'Thalidomide bms (previously thalidomide celgene)'
 'Thalidomide lipomed' 'Thalomid']",Small molecule,"immune system disease, multiple myeloma",CRL4(CRBN) E3 ubiquitin ligase,"CRBN, CUL4A, DDB1, RBX1","Enzyme, Epigenetic regulator, Membrane receptor, Other nuclear protein, Structural protein, Transcription factor, Unclassified protein",CRL4(CRBN) E3 ubiquitin ligase inhibitor
THENALIDINE,[],Small molecule,"Pruritus, allergic disease",Histamine H1 receptor,HRH1,Membrane receptor,Histamine H1 receptor antagonist
THIETHYLPERAZINE,[],Small molecule,allergic disease,D(2) dopamine receptor,DRD2,Membrane receptor,Dopamine D2 receptor antagonist
THIOGUANINE,['Lanvis' 'Tabloid' 'Thioguanine'],Small molecule,neoplasm,Inosine-5'-monophosphate dehydrogenase (IMPDH),"IMPDH1, IMPDH2",Enzyme,Inosine-5'-monophosphate dehydrogenase (IMPDH) inhibitor
THIORIDAZINE,['Mellaril-s' 'Melleril' 'Rideril'],Small molecule,psychosis,"5-hydroxytryptamine receptor 2A, 5-hydroxytryptamine receptor 2C, D2-like dopamine receptor","DRD2, DRD3, DRD4, HTR2A, HTR2C",Membrane receptor,"D2-like dopamine receptor antagonist, Serotonin 2a (5-HT2a) receptor antagonist, Serotonin 2c (5-HT2c) receptor antagonist"
THIOTHIXENE,['Navane' 'Orbinamon' 'Thiothixene'],Small molecule,"psychosis, schizophrenia","5-hydroxytryptamine receptor 2A, D(2) dopamine receptor","DRD2, HTR2A",Membrane receptor,"Dopamine D2 receptor antagonist, Serotonin 2a (5-HT2a) receptor antagonist"
THYROTROPIN ALFA,['Thyrogen'],Protein,"thyroid cancer, thyroid carcinoma, thyroid neoplasm",Thyrotropin receptor,TSHR,Membrane receptor,Thyroid stimulating hormone receptor agonist
TIAGABINE,['Gabitril'],Small molecule,epilepsy,Sodium- and chloride-dependent GABA transporter 1,SLC6A1,Transporter,GABA transporter 1 inhibitor
TIAGABINE HYDROCHLORIDE,['Gabitril' 'Tiagabine hydrochloride'],Small molecule,Seizure,Sodium- and chloride-dependent GABA transporter 1,SLC6A1,Transporter,GABA transporter 1 inhibitor
TICAGRELOR,['Brilinta' 'Brilique' 'Possia'],Small molecule,"Recurrent thrombophlebitis, acute coronary syndrome, acute myocardial infarction, coronary artery disease, myocardial infarction, peripheral vascular disease, stroke, thrombotic disease, type 2 diabetes mellitus",P2Y purinoceptor 12,P2RY12,Membrane receptor,Purinergic receptor P2Y12 negative allosteric modulator
TICLOPIDINE,[],Small molecule,Recurrent thrombophlebitis,P2Y purinoceptor 12,P2RY12,Membrane receptor,Purinergic receptor P2Y12 antagonist
TICLOPIDINE HYDROCHLORIDE,['Ticlid' 'Ticlopidine hydrochloride' 'Tiklid'],Small molecule,"stroke, thrombotic disease",P2Y purinoceptor 12,P2RY12,Membrane receptor,Purinergic receptor P2Y12 antagonist
TILDRAKIZUMAB,['Ilumetri' 'Ilumya'],Antibody,"immune system disease, psoriasis, psoriasis vulgaris",Interleukin-23,IL23A,Secreted protein,Interleukin-23 inhibitor
TIMOLOL,"['Betim' 'Betimol' 'Blocadren' 'Glau-opt' 'Glaucol' 'Nyogel' 'Timolol'
 'Tiopex']",Small molecule,"cardiovascular disease, glaucoma, ocular hypertension, open-angle glaucoma","Beta-1 adrenergic receptor, Beta-2 adrenergic receptor","ADRB1, ADRB2",Membrane receptor,"Beta-1 adrenergic receptor antagonist, Beta-2 adrenergic receptor antagonist"
TIMOLOL MALEATE,"['Blocadren' 'Istalol' 'Timolol maleate'
 'Timolol maleate component of combigan'
 'Timolol maleate component of cosopt'
 'Timolol maleate component of duotrav'
 'Timolol maleate component of ganfort'
 'Timolol maleate component of xalacom' 'Timoptic' 'Timoptic in ocudose'
 'Timoptic xe' 'Timoptic-xe']",Small molecule,"glaucoma, ocular hypertension, open-angle glaucoma","Beta-1 adrenergic receptor, Beta-2 adrenergic receptor","ADRB1, ADRB2",Membrane receptor,"Beta-1 adrenergic receptor antagonist, Beta-2 adrenergic receptor antagonist"
TINZAPARIN SODIUM,['Innohep' 'Logiparin'],Oligosaccharide,"Recurrent thrombophlebitis, deep vein thrombosis",Antithrombin-III,SERPINC1,Secreted protein,Antithrombin-III activator
TIOTROPIUM BROMIDE,['Braltus' 'Spiriva' 'Spiriva respimat'],Small molecule,"Airway obstruction, asthma, chronic bronchitis, chronic obstructive pulmonary disease, emphysema",Muscarinic acetylcholine receptor M3,CHRM3,Membrane receptor,Muscarinic acetylcholine receptor M3 antagonist
TIPIRACIL HYDROCHLORIDE,"['Tipiracil hydrochloride component of lonsurf'
 'Tipiracil hydrochloride component of s-95005'
 'Tipiracil hydrochloride component of tas-102']",Small molecule,colorectal adenocarcinoma,Thymidine phosphorylase,TYMP,Enzyme,Thymidine phosphorylase inhibitor
TIRBANIBULIN,['Klisyri'],Small molecule,actinic keratosis,Proto-oncogene tyrosine-protein kinase Src,SRC,"Enzyme, Unclassified protein",Tyrosine-protein kinase SRC inhibitor
TIROFIBAN,[],Small molecule,Recurrent thrombophlebitis,Integrin alpha-IIb/beta-3,"ITGA2B, ITGB3",Membrane receptor,Integrin alpha-IIb/beta-3 inhibitor
TIROFIBAN HYDROCHLORIDE,['Aggrastat'],Small molecule,myocardial infarction,Integrin alpha-IIb/beta-3,"ITGA2B, ITGB3",Membrane receptor,Integrin alpha-IIb/beta-3 inhibitor
TIRZEPATIDE,['Mounjaro' 'Mounjaro (autoinjector)' 'Zepbound' 'Zepbound (autoinjector)'],Protein,"diabetes mellitus, obesity, type 2 diabetes mellitus","Gastric inhibitory polypeptide receptor, Glucagon-like peptide 1 receptor","GIPR, GLP1R",Membrane receptor,"Gastric inhibitory polypeptide receptor agonist, Glucagon-like peptide 1 receptor agonist"
TISAGENLECLEUCEL,['Kymriah'],Cell,"B-cell acute lymphoblastic leukemia, diffuse large B-cell lymphoma",B-lymphocyte antigen CD19,CD19,Surface antigen,B-lymphocyte antigen CD19 binding agent
TISLELIZUMAB,['Tevimbra' 'Tizveni'],Antibody,"esophageal squamous cell carcinoma, neoplasm, non-small cell lung carcinoma",Programmed cell death protein 1,PDCD1,Surface antigen,Programmed cell death protein 1 inhibitor
TISOTUMAB VEDOTIN,['Tivdak'],Antibody drug conjugate,"cervical cancer, neoplasm","Tissue factor, Tubulin","F3, TUBB, TUBB1, TUBB2A, TUBB2B, TUBB3, TUBB4A, TUBB4B, TUBB6, TUBB8","Membrane receptor, Structural protein, Surface antigen, Unclassified protein","Coagulation factor III binding agent, Tubulin inhibitor"
TIVOZANIB HYDROCHLORIDE,['Fotivda'],Small molecule,renal cell carcinoma,"Mast/stem cell growth factor receptor Kit, Platelet-derived growth factor receptor beta, Vascular endothelial growth factor receptor","FLT1, FLT4, KDR, KIT, PDGFRB","Enzyme, Secreted protein, Unclassified protein","Platelet-derived growth factor receptor beta inhibitor, Stem cell growth factor receptor inhibitor, Vascular endothelial growth factor receptor inhibitor"
TIZANIDINE HYDROCHLORIDE,['Sirdalud' 'Sirdalud mr' 'Tizanidine hydrochloride' 'Zanaflex'],Small molecule,Spasticity,Adrenergic receptor alpha-2,"ADRA2A, ADRA2B, ADRA2C",Membrane receptor,Adrenergic receptor alpha-2 agonist
TOCAINIDE,[],Small molecule,cardiac arrhythmia,Sodium channel alpha subunit,"SCN10A, SCN11A, SCN1A, SCN2A, SCN3A, SCN4A, SCN5A, SCN7A, SCN8A, SCN9A","Ion channel, Unclassified protein",Sodium channel alpha subunit blocker
TOCILIZUMAB,['Actemra roactemra' 'Roactemra' 'Tofidence' 'Tyenne'],Antibody,"COVID-19, immune system disease, juvenile idiopathic arthritis, rheumatoid arthritis, systemic scleroderma, temporal arteritis",Interleukin-6 receptor subunit alpha,IL6R,Secreted protein,Interleukin-6 receptor alpha subunit inhibitor
TOFACITINIB CITRATE,['Xeljanz' 'Xeljanz xr'],Small molecule,"psoriatic arthritis, rheumatoid arthritis",Janus Kinase (JAK),"JAK1, JAK2, JAK3, TYK2",Enzyme,Janus Kinase (JAK) inhibitor
TOFERSEN,['Qalsody'],Oligonucleotide,amyotrophic lateral sclerosis,SOD1 mRNA,SOD1,Enzyme,SOD1 mRNA antisense inhibitor
TOLAZAMIDE,['Tolazamide' 'Tolinase'],Small molecule,"diabetes mellitus, type 2 diabetes mellitus","Sulfonylurea receptor 1, Kir6.2","ABCC8, KCNJ11","Ion channel, Transporter","Sulfonylurea receptor 1, Kir6.2 blocker"
TOLAZOLINE,[],Small molecule,"Arthralgia, Myalgia, cardiovascular disease","Adrenergic receptor alpha, Histamine H1 receptor, Histamine H2 receptor","ADRA1A, ADRA1B, ADRA1D, ADRA2A, ADRA2B, ADRA2C, HRH1, HRH2",Membrane receptor,"Adrenergic receptor alpha antagonist, Histamine H1 receptor agonist, Histamine H2 receptor agonist"
TOLBUTAMIDE,['Glyconon' 'Orinase' 'Pramidex' 'Rastinon' 'Tolbutamide'],Small molecule,"diabetes mellitus, type 2 diabetes mellitus","Sulfonylurea receptor 1, Kir6.2","ABCC8, KCNJ11","Ion channel, Transporter","Sulfonylurea receptor 1, Kir6.2 blocker"
TOLCAPONE,['Tasmar' 'Tolcapone'],Small molecule,"Hepatic failure, Parkinson disease",Catechol O-methyltransferase,COMT,Enzyme,Catechol O-methyltransferase inhibitor
TOLMETIN,[],Small molecule,"Arthralgia, Myalgia, rheumatic disease",Cyclooxygenase,"PTGS1, PTGS2",Enzyme,Cyclooxygenase inhibitor
TOLMETIN SODIUM,['Tolectin' 'Tolectin 600' 'Tolectin ds' 'Tolmetin sodium'],Small molecule,"osteoarthritis, rheumatoid arthritis",Cyclooxygenase,"PTGS1, PTGS2",Enzyme,Cyclooxygenase inhibitor
TOLRESTAT,['Alderase' 'Alredase'],Small molecule,diabetes mellitus,Aldo-keto reductase family 1 member B1,AKR1B1,Enzyme,Aldose reductase inhibitor
TOLTERODINE,"['Blerone xl' 'Detrusitol' 'Detrusitol xl' 'Efflosomyl xl' 'Inconex xl'
 'Mariosea xl' 'Neditol xl' 'Preblacon xl' 'Santizor xl']",Small molecule,"Polyuria, Urinary incontinence","Muscarinic acetylcholine receptor M2, Muscarinic acetylcholine receptor M3","CHRM2, CHRM3",Membrane receptor,"Muscarinic acetylcholine receptor M2 antagonist, Muscarinic acetylcholine receptor M3 antagonist"
TOLTERODINE TARTRATE,['Detrol' 'Detrol la' 'Tolterodine tartrate'],Small molecule,"overactive bladder, urgency urinary incontinence","Muscarinic acetylcholine receptor M2, Muscarinic acetylcholine receptor M3","CHRM2, CHRM3",Membrane receptor,"Muscarinic acetylcholine receptor M2 antagonist, Muscarinic acetylcholine receptor M3 antagonist"
TOLVAPTAN,['Jinarc' 'Jynarque' 'Samsca' 'Tolvaptan accord'],Small molecule,"Autosomal dominant polycystic kidney disease, Hyponatremia, Polycystic Kidney Disease, cardiovascular disease, congestive heart failure, heart failure",Vasopressin V2 receptor,AVPR2,Membrane receptor,Vasopressin V2 receptor antagonist
TOPIRAMATE,"['Epitomax' 'Eprontia' 'Qudexy xr' 'Topamax' 'Topamax sprinkle'
 'Topiramate' 'Topiramate component of qsymia' 'Trokendi xr']",Small molecule,"Lennox-Gastaut syndrome, Seizure, epilepsy, migraine disorder","Carbonic anhydrase 2, Carbonic anhydrase 4, GABA-A receptor; anion channel, Glutamate receptor ionotropic AMPA, Glutamate receptor ionotropic kainate, Sodium channel alpha subunit","CA2, CA4, GABRA1, GABRA2, GABRA3, GABRA4, GABRA5, GABRA6, GABRB1, GABRB2, GABRB3, GABRD, GABRE, GABRG1, GABRG2, GABRG3, GABRP, GABRQ, GRIA1, GRIA2, GRIA3, GRIA4, GRIK1, GRIK2, GRIK3, GRIK4, GRIK5, SCN10A, SCN11A, SCN1A, SCN2A, SCN3A, SCN4A, SCN5A, SCN7A, SCN8A, SCN9A","Auxiliary transport protein, Enzyme, Ion channel, Unclassified protein","Carbonic anhydrase II inhibitor, Carbonic anhydrase IV inhibitor, GABA-A receptor; anion channel positive modulator, Glutamate receptor ionotropic AMPA antagonist, Glutamate receptor ionotropic kainate antagonist, Sodium channel alpha subunit blocker"
TOREMIFENE CITRATE,['Fareston'],Small molecule,"breast cancer, breast carcinoma",Estrogen receptor,"ESR1, ESR2","Other cytosolic protein, Transcription factor, Unclassified protein",Estrogen receptor modulator
TORIPALIMAB,['Loqtorzi'],Antibody,Niemann-Pick disease type B,Programmed cell death protein 1,PDCD1,Surface antigen,Programmed cell death protein 1 antagonist
TORSEMIDE,"['Demadex' 'Isemid' 'Soaanz' 'Torem 10' 'Torem 2.5' 'Torem 5' 'Torsemide'
 'Upcard']",Small molecule,"cardiovascular disease, congestive heart failure, heart failure, hypertension, myocardial infarction, stroke",Solute carrier family 12 member 1,SLC12A1,Transporter,Sodium-(potassium)-chloride cotransporter 2 inhibitor
TRALOKINUMAB,['Adbry' 'Adtralza'],Antibody,"Eczematoid dermatitis, atopic eczema",Interleukin-13,IL13,Secreted protein,Interleukin-13 inhibitor
TRAMADOL,[],Small molecule,Pain,Mu-type opioid receptor,OPRM1,Membrane receptor,Mu opioid receptor agonist
TRAMADOL HYDROCHLORIDE,"['Aceon' 'Conzip' 'Dromadol sr' 'Dromadol xl' 'Invodol sr' 'Larapam sr'
 'Mabron' 'Maneo' 'Marol' 'Maxitram sr' 'Nobligan ret' 'Oldaram' 'Qdolo'
 'Rybix odt' 'Ryzolt' 'Tilodol sr' 'Tradorec xl' 'Tramacet'
 'Tramadol hydrochloride' 'Tramadol hydrochloride component of seglentis'
 'Tramadol hydrochloride component of ultracet' 'Tramake' 'Tramake insts'
 'Tramquel sr' 'Tramulief sr' 'Ultram' 'Ultram er' 'Zamadol'
 'Zamadol 24hr' 'Zamadol melt' 'Zamadol sr' 'Zeridame sr' 'Zydol'
 'Zydol sr' 'Zydol xl']",Small molecule,"Chronic pain, Pain, drug dependence",Mu-type opioid receptor,OPRM1,Membrane receptor,Mu opioid receptor agonist
TRAMETINIB,['Mekinist'],Small molecule,neoplasm,Dual specificity mitogen-activated protein kinase kinase; MEK1/2,"MAP2K1, MAP2K2",Enzyme,Dual specificity mitogen-activated protein kinase kinase; MEK1/2 inhibitor
TRAMETINIB DIMETHYL SULFOXIDE,['Mekinist' 'Spexotras'],Small molecule,"lung cancer, metastatic melanoma","Dual specificity mitogen-activated protein kinase kinase 1, Dual specificity mitogen-activated protein kinase kinase 2","MAP2K1, MAP2K2",Enzyme,"Dual specificity mitogen-activated protein kinase kinase 1 inhibitor, Dual specificity mitogen-activated protein kinase kinase 2 inhibitor"
TRANDOLAPRIL,['Gopten' 'Mavik' 'Odrik' 'Trandolapril' 'Trandolapril component of tarka'],Small molecule,"cardiovascular disease, heart failure, hypertension, myocardial infarction",Angiotensin-converting enzyme,ACE,Enzyme,Angiotensin-converting enzyme inhibitor
TRANEXAMIC ACID,"['Cyklo-f heavy period relief' 'Cyklokapron' 'Exacyl' 'Lysteda'
 'Menstralite' 'Tranexamic acid']",Small molecule,"Menorrhagia, hemophilia A, hemorrhage",Plasminogen,PLG,Enzyme,Plasminogen inhibitor
TRANYLCYPROMINE,[],Small molecule,"depressive disorder, major depressive disorder",Monoamine oxidase,"MAOA, MAOB",Enzyme,Monoamine oxidase inhibitor
TRANYLCYPROMINE SULFATE,['Parnate' 'Parstelin' 'Tranylcypromine sulfate'],Small molecule,"major depressive disorder, melancholia",Monoamine oxidase,"MAOA, MAOB",Enzyme,Monoamine oxidase inhibitor
TRASTUZUMAB,"['Herceptin' 'Herwenda' 'Herzuma' 'Kadcyla' 'Kanjinti' 'Ogivri'
 'Ontruzant' 'Trastuzumab component of herceptin hylecta'
 'Trastuzumab component of phesgo' 'Trazimera' 'Zercepac']",Antibody,"breast cancer, breast carcinoma, breast neoplasm, gastric cancer, neoplasm, stomach neoplasm",Receptor tyrosine-protein kinase erbB-2,ERBB2,"Enzyme, Unclassified protein",Receptor protein-tyrosine kinase erbB-2 inhibitor
TRASTUZUMAB DERUXTECAN,['Enhertu'],Antibody drug conjugate,"breast cancer, breast neoplasm, neoplasm","DNA topoisomerase 1, Receptor tyrosine-protein kinase erbB-2","ERBB2, TOP1","Enzyme, Unclassified protein","DNA topoisomerase I inhibitor, Receptor protein-tyrosine kinase erbB-2 binding agent"
TRASTUZUMAB EMTANSINE,['Kadcyla'],Antibody drug conjugate,"breast cancer, breast carcinoma, breast neoplasm, neoplasm","Receptor tyrosine-protein kinase erbB-2, Tubulin","ERBB2, TUBB, TUBB1, TUBB2A, TUBB2B, TUBB3, TUBB4A, TUBB4B, TUBB6, TUBB8","Enzyme, Structural protein, Unclassified protein","Receptor protein-tyrosine kinase erbB-2 binding agent, Tubulin inhibitor"
TRAVOPROST,"['Idose tr' 'Izba' 'Travatan' 'Travatan z' 'Travoprost'
 'Travoprost component of duotrav']",Small molecule,"glaucoma, ocular hypertension, open-angle glaucoma",Prostaglandin F2-alpha receptor,PTGFR,Membrane receptor,Prostanoid FP receptor agonist
TRAZODONE,[],Small molecule,"depressive disorder, major depressive disorder","5-hydroxytryptamine receptor 2A, 5-hydroxytryptamine receptor 2C, Sodium-dependent serotonin transporter","HTR2A, HTR2C, SLC6A4","Membrane receptor, Transporter","Serotonin 2a (5-HT2a) receptor antagonist, Serotonin 2c (5-HT2c) receptor antagonist, Serotonin transporter inhibitor"
TRAZODONE HYDROCHLORIDE,"['Desyrel' 'Molipaxin' 'Molipaxin cr' 'Oleptro' 'Trazodone hydrochloride'
 'Trialodine']",Small molecule,major depressive disorder,"5-hydroxytryptamine receptor 2A, 5-hydroxytryptamine receptor 2C, Sodium-dependent serotonin transporter","HTR2A, HTR2C, SLC6A4","Membrane receptor, Transporter","Serotonin 2a (5-HT2a) receptor antagonist, Serotonin 2c (5-HT2c) receptor antagonist, Serotonin transporter inhibitor"
TREMELIMUMAB,['Imjudo' 'Tremelimumab astrazeneca'],Antibody,"hepatocellular carcinoma, neoplasm",Cytotoxic T-lymphocyte protein 4,CTLA4,Surface antigen,Cytotoxic T-lymphocyte protein 4 inhibitor
TREPROSTINIL,['Remodulin' 'Tyvaso' 'Tyvaso dpi'],Small molecule,"Recurrent thrombophlebitis, pulmonary arterial hypertension, pulmonary hypertension",Prostacyclin receptor,PTGIR,Membrane receptor,Prostanoid IP receptor agonist
TREPROSTINIL SODIUM,['Trepulmix'],Small molecule,"pulmonary arterial hypertension, pulmonary hypertension",Prostacyclin receptor,PTGIR,Membrane receptor,Prostanoid IP receptor agonist
TRETINOIN,"['Acticin' 'Altreno' 'Atralin' 'Avita' 'Renova' 'Retin-a' 'Retin-a micro'
 'Retin-a-micro' 'Tretin-x' 'Tretinoin' 'Tretinoin component of solage'
 'Tretinoin component of tri-luma' 'Tretinoin component of twyneo'
 'Tretinoin component of veltin' 'Tretinoin component of ziana' 'Vesanoid']",Small molecule,"acne, acute promyelocytic leukemia, freckles, hyperpigmentation of the skin, neoplasm",Retinoic acid receptor,"RARA, RARB, RARG","Enzyme, Transcription factor",Retinoic acid receptor agonist
TRIAMCINOLONE,['Aristocort' 'Delphicort' 'Kenacort' 'Triamcinolone' 'Volon'],Small molecule,"Airway obstruction, Nasal congestion, eye inflammation, hemorrhoid, skin disease",Glucocorticoid receptor,NR3C1,Transcription factor,Glucocorticoid receptor agonist
TRIAMCINOLONE ACETONIDE,"['Adcortyl' 'Adcortyl in orabase' 'Allernaze' 'Aristocort' 'Aristocort a'
 'Aristogel' 'Audicort' 'Aureocort' 'Azmacort' 'Extracort' 'Flutex'
 'Ftorocort' 'Gppe ear dps cap' 'Gppe ear oint' 'Kenacort-a' 'Kenalog'
 'Kenalog in orabase' 'Kenalog-10' 'Kenalog-40' 'Kenalog-80' 'Kenalog-h'
 'Ledercort cream' 'Nasacort' 'Nasacort allergy 24 hour' 'Nasacort aq'
 'Nasacort hfa' 'Nystadermal' 'Oracort' 'Oralone' 'Pevaryl t.c.'
 'Remiderm' 'Remotic' 'Respicort' 'Rineton' 'Silderm' 'Solodelf'
 'Tramacin' 'Tri-adcortyl' 'Tri-nasal' 'Triacet' 'Triacort' 'Triam'
 'Triamcinolone acetonide' 'Triamcinolone acetonide component of mycolog'
 'Triamcinolone acetonide component of mykacet'
 'Triamcinolone acetonide component of mytrex a'
 'Triamcinolone acetonide component of mytrex f'
 'Triamcinolone acetonide in absorbase' 'Triatex' 'Tricinolon' 'Triderm'
 'Triesence' 'Trivaris' 'Trymex' 'Vetalog' 'Volon a' 'Volonimat' 'Xipere'
 'Zilretta']",Small molecule,"Nasal congestion, Pain, allergic rhinitis, anemia, asthma, bursitis, dermatitis, epicondylitis, fungal infectious disease, gout, injury, lateral epicondylitis, multiple sclerosis, osteoarthritis, pulmonary tuberculosis, rheumatoid arthritis, seasonal allergic rhinitis, skin disease, tenosynovitis, type III hypersensitivity reaction disease",Glucocorticoid receptor,NR3C1,Transcription factor,Glucocorticoid receptor agonist
TRIAMCINOLONE HEXACETONIDE,['Aristospan' 'Lederspan'],Small molecule,osteoarthritis,Glucocorticoid receptor,NR3C1,Transcription factor,Glucocorticoid receptor agonist
TRIAMTERENE,"['Dyrenium' 'Dytac' 'Triamterene component of dyazide'
 'Triamterene component of maxzide']",Small molecule,"cardiovascular disease, cirrhosis of liver, congestive heart failure, edema, hyperaldosteronism, hypertension, nephrotic syndrome, preeclampsia","Amiloride-sensitive sodium channel, ENaC",SCNN1A,Ion channel,"Amiloride-sensitive sodium channel, ENaC blocker"
TRIAZOLAM,['Halcion' 'Kention' 'Triazolam'],Small molecule,insomnia,GABA-A receptor; anion channel,"GABRA1, GABRA2, GABRA3, GABRA5, GABRG1, GABRG2, GABRG3",Ion channel,GABA-A receptor; anion channel positive allosteric modulator
TRICHLORMETHIAZIDE,"['Metahydrin' 'Naqua' 'Trichlorex' 'Trichlormas' 'Trichlormethiazide'
 'Trichlormethiazide component of metatensin'
 'Trichlormethiazide component of naquival']",Small molecule,cardiovascular disease,Solute carrier family 12 member 3,SLC12A3,Transporter,Thiazide-sensitive sodium-chloride cotransporter inhibitor
TRIDIHEXETHYL,[],Small molecule,gastrointestinal disease,"Muscarinic acetylcholine receptor M1, Muscarinic acetylcholine receptor M3","CHRM1, CHRM3",Membrane receptor,"Muscarinic acetylcholine receptor M1 antagonist, Muscarinic acetylcholine receptor M3 antagonist"
TRIFAROTENE,['Aklief'],Small molecule,acne,Retinoic acid receptor gamma,RARG,Transcription factor,Retinoic acid receptor gamma agonist
TRIFLUOPERAZINE,['Amylozine' 'Stelazine' 'Stelazine fte'],Small molecule,psychosis,"5-hydroxytryptamine receptor 2A, 5-hydroxytryptamine receptor 2C, D2-like dopamine receptor","DRD2, DRD3, DRD4, HTR2A, HTR2C",Membrane receptor,"D2-like dopamine receptor antagonist, Serotonin 2a (5-HT2a) receptor antagonist, Serotonin 2c (5-HT2c) receptor antagonist"
TRIFLUOPERAZINE HYDROCHLORIDE,['Stelazine' 'Trifluoperazine hydrochloride'],Small molecule,"anxiety disorder, mental or behavioural disorder, schizophrenia","5-hydroxytryptamine receptor 2A, 5-hydroxytryptamine receptor 2C, D2-like dopamine receptor","DRD2, DRD3, DRD4, HTR2A, HTR2C",Membrane receptor,"D2-like dopamine receptor antagonist, Serotonin 2a (5-HT2a) receptor antagonist, Serotonin 2c (5-HT2c) receptor antagonist"
TRIFLUPROMAZINE,['Nivoman' 'Vesprin' 'Vetame'],Small molecule,psychosis,D(2) dopamine receptor,DRD2,Membrane receptor,Dopamine D2 receptor antagonist
TRIHEXYPHENIDYL,[],Small molecule,Parkinson disease,Muscarinic acetylcholine receptor M1,CHRM1,Membrane receptor,Muscarinic acetylcholine receptor M1 antagonist
TRILACICLIB DIHYDROCHLORIDE,['Cosela'],Small molecule,small cell lung carcinoma,"Cyclin-dependent kinase 4, Cyclin-dependent kinase 6","CDK4, CDK6","Enzyme, Other cytosolic protein","Cyclin-dependent kinase 4 inhibitor, Cyclin-dependent kinase 6 inhibitor"
TRILOSTANE,['Modrastane' 'Modrenal' 'Trilocur' 'Trilorale'],Small molecule,adrenal gland disease,3 beta-hydroxysteroid dehydrogenase/Delta 5-->4-isomerase type 2,HSD3B2,Enzyme,3-beta-hydroxysteroid dehydrogenase/delta 5-->4-isomerase type II inhibitor
TRIMETHADIONE,['Tridione'],Small molecule,epilepsy,Voltage-gated T-type calcium channel,"CACNA1G, CACNA1H, CACNA1I","Auxiliary transport protein, Ion channel",Voltage-gated T-type calcium channel blocker
TRIMETHAPHAN,[],Small molecule,hypertension,Neuronal acetylcholine receptor; alpha3/beta4,"CHRNA3, CHRNB4",Ion channel,Neuronal acetylcholine receptor; alpha3/beta4 antagonist
TRIMIPRAMINE,[],Small molecule,depressive disorder,"5-hydroxytryptamine receptor 2A, 5-hydroxytryptamine receptor 2C, Adrenergic receptor alpha-1, D(2) dopamine receptor, Histamine H1 receptor, Sodium-dependent noradrenaline transporter","ADRA1A, ADRA1B, ADRA1D, DRD2, HRH1, HTR2A, HTR2C, SLC6A2","Membrane receptor, Transporter","Adrenergic receptor alpha-1 antagonist, Dopamine D2 receptor antagonist, Histamine H1 receptor antagonist, Norepinephrine transporter inhibitor, Serotonin 2a (5-HT2a) receptor antagonist, Serotonin 2c (5-HT2c) receptor antagonist"
TRIPELENNAMINE,[],Small molecule,"Pruritus, allergic disease",Histamine H1 receptor,HRH1,Membrane receptor,Histamine H1 receptor antagonist
TRIPROLIDINE,[],Small molecule,allergic disease,Histamine H1 receptor,HRH1,Membrane receptor,Histamine H1 receptor antagonist
TRIPROLIDINE HYDROCHLORIDE,"['Actidil' 'Myidyl' 'Pro-actidil' 'Triprolidine hydrochloride'
 'Triprolidine hydrochloride component of actahist'
 'Triprolidine hydrochloride component of actifed'
 'Triprolidine hydrochloride component of allerfed'
 'Triprolidine hydrochloride component of corphed'
 'Triprolidine hydrochloride component of histafed'
 'Triprolidine hydrochloride component of myfed'
 'Triprolidine hydrochloride component of triacin-c'
 'Triprolidine hydrochloride component of trilitron'
 'Triprolidine hydrochloride component of triphed']",Small molecule,"Nasal congestion, allergic rhinitis, common cold, seasonal allergic rhinitis",Histamine H1 receptor,HRH1,Membrane receptor,Histamine H1 receptor antagonist
TRIPTORELIN,['Decapeptyl' 'Decapeptyl sr' 'Gonapeptyl depot'],Protein,neoplasm,Gonadotropin-releasing hormone receptor,GNRHR,Membrane receptor,Gonadotropin-releasing hormone receptor agonist
TRIPTORELIN PAMOATE,['Trelstar' 'Triptodur kit'],Protein,"precocious puberty, prostate carcinoma",Gonadotropin-releasing hormone receptor,GNRHR,Membrane receptor,Gonadotropin-releasing hormone receptor agonist
TROGLITAZONE,['Prelay' 'Rezulin' 'Romozin'],Small molecule,diabetes mellitus,Peroxisome proliferator-activated receptor gamma,PPARG,"Epigenetic regulator, Transcription factor",Peroxisome proliferator-activated receptor gamma agonist
TROPICAMIDE,"['Mydriacyl' 'Mydriafair' 'Nods' 'Tropicacyl' 'Tropicamide'
 'Tropicamide component of mydcombi' 'Tropicamide component of paremyd']",Small molecule,Mydriasis,Muscarinic acetylcholine receptor M3,CHRM3,Membrane receptor,Muscarinic acetylcholine receptor M3 antagonist
TROPISETRON,['Navoban'],Small molecule,"Chemotherapy-induced nausea and vomiting, Nausea",Serotonin 3 (5-HT3) receptor,"HTR3A, HTR3B, HTR3C, HTR3D, HTR3E","Ion channel, Membrane receptor",Serotonin 3 (5-HT3) receptor antagonist
TROSPIUM,[],Small molecule,"Polyuria, Urinary incontinence","Muscarinic acetylcholine receptor M2, Muscarinic acetylcholine receptor M3","CHRM2, CHRM3",Membrane receptor,"Muscarinic acetylcholine receptor M2 antagonist, Muscarinic acetylcholine receptor M3 antagonist"
TROSPIUM CHLORIDE,"['Flotros' 'Regurin' 'Regurin xl' 'Sanctura' 'Sanctura xr' 'Spasmo-lyt'
 'Spasmoplex' 'Trospium chloride' 'Trospium chloride component of cobenfy'
 'Uraplex']",Small molecule,"overactive bladder, urgency urinary incontinence","Muscarinic acetylcholine receptor M2, Muscarinic acetylcholine receptor M3","CHRM2, CHRM3",Membrane receptor,"Muscarinic acetylcholine receptor M2 antagonist, Muscarinic acetylcholine receptor M3 antagonist"
TUCATINIB,['Tukysa'],Small molecule,"HER2 Positive Breast Carcinoma, breast cancer, breast neoplasm, colorectal carcinoma, metastasis, neoplasm",Receptor tyrosine-protein kinase erbB-2,ERBB2,"Enzyme, Unclassified protein",Receptor protein-tyrosine kinase erbB-2 inhibitor
TULOBUTEROL,['Brelomax' 'Respacal'],Small molecule,Airway obstruction,Beta-2 adrenergic receptor,ADRB2,Membrane receptor,Beta-2 adrenergic receptor agonist
TUROCTOCOG ALFA,['Novoeight'],Protein,hemophilia A,Coagulation factor VIII,F8,"Enzyme, Secreted protein",Coagulation factor VIII exogenous protein
TUROCTOCOG ALFA PEGOL,['Esperoct'],Protein,hemophilia A,Coagulation factor VIII,F8,"Enzyme, Secreted protein",Coagulation factor VIII exogenous protein
UBLITUXIMAB,['Briumvi'],Antibody,"chronic progressive multiple sclerosis, relapsing-remitting multiple sclerosis",B-lymphocyte antigen CD20,MS4A1,Ion channel,B-lymphocyte antigen CD20 binding agent
UBROGEPANT,['Ubrelvy'],Small molecule,migraine disorder,Calcitonin gene-related peptide type 1 receptor,CALCRL,"Membrane receptor, Unclassified protein",Calcitonin gene-related peptide type 1 receptor antagonist
ULIPRISTAL ACETATE,['Ella' 'Ellaone' 'Esmya' 'Ulipristal acetate gedeon richter'],Small molecule,"Uterine leiomyoma, contraception, leiomyoma, uterine fibroid",Progesterone receptor,PGR,"Transcription factor, Unclassified protein",Progesterone receptor modulator
UMBRALISIB,[],Small molecule,neoplasm,"Casein kinase I isoform epsilon, Phosphatidylinositol 4,5-bisphosphate 3-kinase catalytic subunit delta isoform, Tyrosine-protein kinase ABL1","ABL1, CSNK1E, PIK3CD","Enzyme, Other cytosolic protein, Unclassified protein","Casein kinase I epsilon inhibitor, PI3-kinase p110-delta subunit inhibitor, Tyrosine-protein kinase ABL inhibitor"
UMBRALISIB TOSYLATE,['Ukoniq'],Small molecule,"follicular lymphoma, marginal zone B-cell lymphoma","Casein kinase I isoform epsilon, Phosphatidylinositol 4,5-bisphosphate 3-kinase catalytic subunit delta isoform, Tyrosine-protein kinase ABL1","ABL1, CSNK1E, PIK3CD","Enzyme, Other cytosolic protein, Unclassified protein","Casein kinase I epsilon inhibitor, PI3-kinase p110-delta subunit inhibitor, Tyrosine-protein kinase ABL inhibitor"
UMECLIDINIUM BROMIDE,"['Incruse ellipta' 'Incruse ellipta (previously incruse)'
 'Rolufta ellipta (previously rolufta)'
 'Umeclidinium bromide component of trelegy ellipta']",Small molecule,"Airway obstruction, chronic bronchitis, chronic obstructive pulmonary disease, emphysema",Muscarinic acetylcholine receptor M3,CHRM3,Membrane receptor,Muscarinic acetylcholine receptor M3 antagonist
UPADACITINIB HEMIHYDRATE,['Rinvoq'],Small molecule,rheumatoid arthritis,"Non-receptor tyrosine-protein kinase TYK2, Tyrosine-protein kinase JAK1, Tyrosine-protein kinase JAK2, Tyrosine-protein kinase JAK3","JAK1, JAK2, JAK3, TYK2",Enzyme,"Tyrosine-protein kinase JAK1 inhibitor, Tyrosine-protein kinase JAK2 inhibitor, Tyrosine-protein kinase JAK3 inhibitor, Tyrosine-protein kinase TYK2 inhibitor"
UROKINASE,['Abbokinase' 'Kinlytic' 'Ukidan'],Enzyme,Recurrent thrombophlebitis,Urokinase-type plasminogen activator,PLAU,Enzyme,Urokinase-type plasminogen activator exogenous protein
URSODIOL,"['Actigall' 'Cholurso' 'Destolit' 'Urdox' 'Urso' 'Urso 250' 'Urso forte'
 'Ursodiol' 'Ursofalk' 'Ursogal']",Small molecule,"biliary liver cirrhosis, primary biliary cirrhosis",Bile acid receptor,NR1H4,Transcription factor,Bile acid receptor FXR agonist
USTEKINUMAB,['Stelara' 'Stelera' 'Uzpruvo' 'Wezenla'],Antibody,"Crohn's disease, immune system disease, psoriasis, psoriasis vulgaris, psoriatic arthritis, ulcerative colitis",Interleukin-23,IL12B,Secreted protein,Interleukin-23 inhibitor
VADADUSTAT,['Vafseo'],Small molecule,anemia (phenotype),"Egl nine homolog 1, Prolyl hydroxylase EGLN2, Prolyl hydroxylase EGLN3","EGLN1, EGLN2, EGLN3",Enzyme,"Egl nine homolog 1 inhibitor, Egl nine homolog 3 inhibitor, Hypoxia-inducible factor prolyl hydroxylase 1 inhibitor"
VALBENAZINE TOSYLATE,['Ingrezza' 'Ingrezza sprinkle'],Small molecule,movement disorder,Synaptic vesicular amine transporter,SLC18A2,Transporter,Synaptic vesicular amine transporter inhibitor
VALDECOXIB,['Bextra' 'Valdyn' 'Valdyn (previously kudeq)'],Small molecule,"Dysmenorrhea, osteoarthritis, rheumatic disease, rheumatoid arthritis",Prostaglandin G/H synthase 2,PTGS2,Enzyme,Cyclooxygenase-2 inhibitor
VALPROATE SODIUM,"['Delepsine' 'Depacon' 'Depakine' 'Epilim' 'Epilim 200' 'Epilim 500'
 'Epilim chrono 200' 'Epilim chrono 300' 'Epilim chrono 500'
 'Epilim chronosphere' 'Epilim iv' 'Episenta' 'Kentilim' 'Orfiril'
 'Orlept' 'Valproate sodium']",Small molecule,epilepsy,"Succinate-semialdehyde dehydrogenase, mitochondrial",ALDH5A1,Enzyme,Succinate semialdehyde dehydrogenase inhibitor
VALPROIC ACID,['Convulex' 'Depakene' 'Depakote' 'Stavzor' 'Valproic acid'],Small molecule,"Generalized non-motor (absence) seizure, Seizure, bipolar I disorder, bipolar disorder, complex partial epilepsy, epilepsy, mitochondrial disease","Succinate-semialdehyde dehydrogenase, mitochondrial",ALDH5A1,Enzyme,Succinate semialdehyde dehydrogenase inhibitor
VALRUBICIN,['Valstar' 'Valstar preservative free'],Small molecule,"carcinoma, neoplasm",DNA topoisomerase 2-alpha,TOP2A,Enzyme,DNA topoisomerase II alpha inhibitor
VALSARTAN,"['Diovan' 'Prexxartan' 'Valsartan' 'Valsartan component of agsav301'
 'Valsartan component of byvalson' 'Valsartan component of copalia'
 'Valsartan component of copalia-hct' 'Valsartan component of dafiro'
 'Valsartan component of dafiro-hct' 'Valsartan component of diovan hct'
 'Valsartan component of entresto' 'Valsartan component of exforge'
 'Valsartan component of exforge hct' 'Valsartan component of imprida'
 'Valsartan component of imprida-hct' 'Valsartan component of valturna']",Small molecule,"cardiovascular disease, congestive heart failure, diabetes mellitus, heart failure, hypertension, myocardial infarction, stroke",Type-1 angiotensin II receptor,AGTR1,Membrane receptor,Type-1 angiotensin II receptor antagonist
VANDETANIB,['Caprelsa' 'Zactima'],Small molecule,"medullary thyroid gland carcinoma, neoplasm, thyroid cancer, thyroid carcinoma, thyroid neoplasm","Angiopoietin-1 receptor, Ephrin receptor, Epidermal growth factor receptor, Protein-tyrosine kinase 6, Proto-oncogene tyrosine-protein kinase Src, Proto-oncogene tyrosine-protein kinase receptor Ret, Vascular endothelial growth factor receptor","EGFR, EPHA1, EPHA10, EPHA2, EPHA3, EPHA4, EPHA5, EPHA6, EPHA7, EPHA8, EPHB1, EPHB2, EPHB3, EPHB4, EPHB6, ERBB2, ERBB3, ERBB4, FLT1, FLT4, KDR, PTK6, RET, SRC, TEK","Enzyme, Membrane receptor, Secreted protein, Unclassified protein","Ephrin receptor inhibitor, Epidermal growth factor receptor inhibitor, Tyrosine-protein kinase BRK inhibitor, Tyrosine-protein kinase SRC inhibitor, Tyrosine-protein kinase TIE-2 inhibitor, Tyrosine-protein kinase receptor RET inhibitor, Vascular endothelial growth factor receptor inhibitor"
VARDENAFIL,['Levitra'],Small molecule,erectile dysfunction,"cGMP-specific 3',5'-cyclic phosphodiesterase",PDE5A,Enzyme,Phosphodiesterase 5A inhibitor
VARDENAFIL HYDROCHLORIDE,['Levitra' 'Staxyn' 'Vardenafil hydrochloride' 'Vivanza'],Small molecule,"Impotence, erectile dysfunction","cGMP-specific 3',5'-cyclic phosphodiesterase",PDE5A,Enzyme,Phosphodiesterase 5A inhibitor
VARENICLINE,[],Small molecule,"eye disease, nicotine dependence",Neuronal acetylcholine receptor; alpha4/beta2,"CHRNA4, CHRNB2",Ion channel,Neuronal acetylcholine receptor; alpha4/beta2 partial agonist
VASOPRESSIN,"['Beta-hypophamine' 'Leiormone' 'Vasophysin'
 'Vasopressin component of hbn-1' 'Vasostrict']",Protein,"Sepsis, diabetes insipidus",Vasopressin receptor,"AVPR1A, AVPR1B, AVPR2",Membrane receptor,Vasopressin receptor agonist
VEDOLIZUMAB,['Entyvio'],Antibody,"Crohn's disease, ulcerative colitis",Integrin alpha-4/beta-7,"ITGA4, ITGB7",Membrane receptor,Integrin alpha-4/beta-7 inhibitor
VEMURAFENIB,['Zelboraf'],Small molecule,"melanoma, metastatic melanoma, neoplasm",Serine/threonine-protein kinase B-raf,BRAF,"Enzyme, Unclassified protein",Serine/threonine-protein kinase B-raf inhibitor
VENETOCLAX,['Venclexta' 'Venclyxto'],Small molecule,"chronic lymphocytic leukemia, neoplasm",Apoptosis regulator Bcl-2,BCL2,"Ion channel, Unclassified protein",Apoptosis regulator Bcl-2 inhibitor
VENLAFAXINE,"['Alventa xl' 'Amphero xl' 'Bonilux xl' 'Depefex xl' 'Efexor' 'Efexor xl'
 'Foraven xl' 'Mentaven xl' 'Politid xl' 'Ranfaxine xl' 'Rodomel xl'
 'Sunveniz xl' 'Tardcaps xl' 'Tifaxin xl' 'Tonpular xl' 'Trixat xl'
 'Vaxalin xl' 'Venaxx xl' 'Venlablue xl' 'Venladex xl' 'Venlalic xl'
 'Venlaneo xl' 'Vensir xl' 'Vexarin xl' 'Viepax' 'Viepax xl' 'Winfex xl']",Small molecule,"depressive disorder, major depressive disorder","Sodium-dependent noradrenaline transporter, Sodium-dependent serotonin transporter","SLC6A2, SLC6A4",Transporter,"Norepinephrine transporter inhibitor, Serotonin transporter inhibitor"
VENLAFAXINE HYDROCHLORIDE,['Effexor' 'Effexor xr' 'Venlafaxine hydrochloride'],Small molecule,"anxiety disorder, depressive disorder, major depressive disorder, melancholia, panic disorder, social anxiety disorder","Sodium-dependent noradrenaline transporter, Sodium-dependent serotonin transporter","SLC6A2, SLC6A4",Transporter,"Norepinephrine transporter inhibitor, Serotonin transporter inhibitor"
VERALIPRIDE,['Agreal'],Small molecule,psychosis,D(2) dopamine receptor,DRD2,Membrane receptor,Dopamine D2 receptor antagonist
VERAPAMIL,[],Small molecule,cardiovascular disease,Voltage-gated L-type calcium channel,"CACNA1C, CACNA1D, CACNA1F, CACNA1S","Auxiliary transport protein, Ion channel",Voltage-gated L-type calcium channel blocker
VERAPAMIL HYDROCHLORIDE,"['Berkatens' 'Calan' 'Calan sr' 'Cordilox' 'Cordilox i.v.'
 'Cordilox mr 240' 'Covera' 'Covera-hs' 'Ethimil mr 240' 'Geangin'
 'Half securon sr' 'Isoptin' 'Isoptin sr' 'Manidon sr' 'Ranvera mr'
 'Securon' 'Securon iv' 'Securon mid' 'Securon sr' 'Univer' 'Vera-til sr'
 'Verapamil hydrochloride' 'Verapamil hydrochloride component of tarka'
 'Verapress mr 240' 'Verelan' 'Verelan pm' 'Vertab sr 240' 'Zolvera']",Small molecule,"cardiac arrhythmia, diabetes mellitus, hypertension",Voltage-gated L-type calcium channel,"CACNA1C, CACNA1D, CACNA1F, CACNA1S","Auxiliary transport protein, Ion channel",Voltage-gated L-type calcium channel blocker
VERICIGUAT,['Verquvo'],Small molecule,"cardiovascular disease, heart failure",Soluble guanylate cyclase,"GUCY1A1, GUCY1A2, GUCY1B1, GUCY1B2",Enzyme,Soluble guanylate cyclase activator
VERNAKALANT,[],Small molecule,cardiac arrhythmia,"A-type voltage-gated potassium channel KCND3, Kir3.1/Kir3.4, Potassium voltage-gated channel subfamily A member 5, Sodium channel protein type 5 subunit alpha, Voltage-gated inwardly rectifying potassium channel KCNH2","KCNA5, KCND3, KCNH2, KCNJ3, KCNJ5, SCN5A","Ion channel, Transporter","HERG blocker, Kir3.1/Kir3.4 blocker, Sodium channel protein type V alpha subunit blocker, Voltage-gated potassium channel subunit Kv1.5 blocker, Voltage-gated potassium channel subunit Kv4.3 blocker"
VERNAKALANT HYDROCHLORIDE,['Brinavess'],Small molecule,atrial fibrillation,"A-type voltage-gated potassium channel KCND3, Kir3.1/Kir3.4, Potassium voltage-gated channel subfamily A member 5, Sodium channel protein type 5 subunit alpha, Voltage-gated inwardly rectifying potassium channel KCNH2","KCNA5, KCND3, KCNH2, KCNJ3, KCNJ5, SCN5A","Ion channel, Transporter","HERG blocker, Kir3.1/Kir3.4 blocker, Sodium channel protein type V alpha subunit blocker, Voltage-gated potassium channel subunit Kv1.5 blocker, Voltage-gated potassium channel subunit Kv4.3 blocker"
VIBEGRON,['Gemtesa' 'Obgemsa'],Small molecule,"Urinary incontinence, overactive bladder, urgency urinary incontinence",Beta-3 adrenergic receptor,ADRB3,Membrane receptor,Beta-3 adrenergic receptor agonist
VIGABATRIN,['Kigabeq' 'Sabril' 'Vigafyde'],Small molecule,"Epileptic spasm, complex partial epilepsy, epilepsy, infantile spasms, partial epilepsy","4-aminobutyrate aminotransferase, mitochondrial",ABAT,Enzyme,Gamma-amino-N-butyrate transaminase inhibitor
VILANTEROL TRIFENATATE,"['Vilanterol trifenatate component of anoro ellipta'
 'Vilanterol trifenatate component of breo ellipta'
 'Vilanterol trifenatate component of trelegy ellipta']",Small molecule,"asthma, chronic bronchitis, chronic obstructive pulmonary disease, emphysema",Beta-2 adrenergic receptor,ADRB2,Membrane receptor,Beta-2 adrenergic receptor agonist
VILAZODONE,[],Small molecule,major depressive disorder,"5-hydroxytryptamine receptor 1A, Sodium-dependent serotonin transporter","HTR1A, SLC6A4","Membrane receptor, Transporter","Serotonin 1a (5-HT1a) receptor partial agonist, Serotonin transporter inhibitor"
VILDAGLIPTIN,['Equa' 'Galvus' 'Jalra' 'Xiliarx'],Small molecule,"diabetes mellitus, type 2 diabetes mellitus",Dipeptidyl peptidase 4,DPP4,Enzyme,Dipeptidyl peptidase IV inhibitor
VILOXAZINE HYDROCHLORIDE,['Qelbree' 'Vivalan'],Small molecule,attention deficit hyperactivity disorder,Sodium-dependent noradrenaline transporter,SLC6A2,Transporter,Norepinephrine transporter inhibitor
VILTOLARSEN,['Viltepso'],Oligonucleotide,"Duchenne muscular dystrophy, muscular dystrophy",Dystrophin pre-mRNA,DMD,Unclassified protein,Dystrophin pre-mRNA positive modulator
VINBLASTINE,[],Small molecule,neoplasm,Tubulin,"TUBB, TUBB1, TUBB2A, TUBB2B, TUBB3, TUBB4A, TUBB4B, TUBB6, TUBB8","Structural protein, Unclassified protein",Tubulin inhibitor
VINBLASTINE SULFATE,"['Velban' 'Velbe' 'Vinblast,lederle' 'Vinblastine sulfate']",Small molecule,"Hodgkins lymphoma, fungal infectious disease, lymphoid neoplasm, lymphoma",Tubulin,"TUBB, TUBB1, TUBB2A, TUBB2B, TUBB3, TUBB4A, TUBB4B, TUBB6, TUBB8","Structural protein, Unclassified protein",Tubulin inhibitor
VINCRISTINE,[],Small molecule,neoplasm,Tubulin,"TUBB, TUBB1, TUBB2A, TUBB2B, TUBB3, TUBB4A, TUBB4B, TUBB6, TUBB8","Structural protein, Unclassified protein",Tubulin inhibitor
VINORELBINE,[],Small molecule,neoplasm,Tubulin,"TUBB, TUBB1, TUBB2A, TUBB2B, TUBB3, TUBB4A, TUBB4B, TUBB6, TUBB8","Structural protein, Unclassified protein",Tubulin inhibitor
VISMODEGIB,['Erivedge'],Small molecule,"basal cell carcinoma, neoplasm",Protein smoothened,SMO,Membrane receptor,Smoothened homolog inhibitor
VOCLOSPORIN,['Lupkynis'],Protein,"immune system disease, lupus nephritis",Protein phosphatase 3 catalytic subunit alpha,PPP3CA,Enzyme,"Serine/threonine protein phosphatase 2B catalytic subunit, alpha isoform inhibitor"
VOGLIBOSE,['Basen'],Small molecule,diabetes mellitus,Alpha glucosidase,"GAA, MGAM, MGAM2, SI","Enzyme, Unclassified protein",Alpha glucosidase inhibitor
VOLANESORSEN,[],Oligonucleotide,cardiovascular disease,Apolipoprotein C-III mRNA 3'UTR,APOC3,Unclassified protein,Apolipoprotein C-III mRNA 3'UTR antisense inhibitor
VOLANESORSEN SODIUM,['Waylivra'],Oligonucleotide,familial lipoprotein lipase deficiency,Apolipoprotein C-III mRNA 3'UTR,APOC3,Unclassified protein,Apolipoprotein C-III mRNA 3'UTR antisense inhibitor
VON WILLEBRAND FACTOR HUMAN,"['Von willebrand factor human component of voncento'
 'Von willebrand factor human component of voncento  von willebrand factor']",Unknown,hemorrhage,von Willebrand factor,VWF,Adhesion,von Willebrand factor exogenous protein
VONICOG ALFA,['Veyvondi'],Protein,Von Willebrand disease,von Willebrand factor,VWF,Adhesion,von Willebrand factor exogenous protein
VONOPRAZAN,['Takecab' 'Vocinti'],Small molecule,"Peptic ulcer, gastroesophageal reflux disease",Potassium-transporting ATPase,"ATP4A, ATP4B","Enzyme, Transporter",Potassium-transporting ATPase inhibitor
VORAPAXAR,[],Small molecule,Recurrent thrombophlebitis,Proteinase-activated receptor 1,F2R,Membrane receptor,Proteinase-activated receptor 1 antagonist
VORAPAXAR SULFATE,['Zontivity'],Small molecule,"myocardial infarction, peripheral arterial disease, stroke",Proteinase-activated receptor 1,F2R,Membrane receptor,Proteinase-activated receptor 1 antagonist
VORETIGENE NEPARVOVEC,['Luxturna'],Gene,"Leber congenital amaurosis, Pigmentary retinopathy, eye disease",Retinoid isomerohydrolase,RPE65,Enzyme,Retinoid isomerohydrolase exogenous gene
VORINOSTAT,['Zolinza'],Small molecule,"Cutaneous T-cell lymphoma, T-cell non-Hodgkin lymphoma, neoplasm","Histone deacetylase 1, Histone deacetylase 2, Histone deacetylase 3, Histone deacetylase 6","HDAC1, HDAC2, HDAC3, HDAC6","Epigenetic regulator, Unclassified protein","Histone deacetylase 1 inhibitor, Histone deacetylase 2 inhibitor, Histone deacetylase 3 inhibitor, Histone deacetylase 6 inhibitor"
VORTIOXETINE HYDROBROMIDE,['Brintellix' 'Trintellix'],Small molecule,major depressive disorder,"5-hydroxytryptamine receptor 1A, 5-hydroxytryptamine receptor 3A, Sodium-dependent serotonin transporter","HTR1A, HTR3A, SLC6A4","Ion channel, Membrane receptor, Transporter","Serotonin 1a (5-HT1a) receptor agonist, Serotonin 3a (5-HT3a) receptor antagonist, Serotonin transporter inhibitor"
VOSORITIDE,['Voxzogo'],Protein,"achondroplasia, bone disease",Atrial natriuretic peptide receptor 2,NPR2,Enzyme,Atrial natriuretic peptide receptor B binding agent
VOXELOTOR,['Oxbryta'],Small molecule,"anemia, anemia (phenotype), sickle cell disease",Hemoglobin HbA,"HBA1, HBA2, HBB",Secreted protein,Hemoglobin HbA positive modulator
VUTRISIRAN,[],Oligonucleotide,"familial amyloid neuropathy, polyneuropathy",Transthyretin mRNA,TTR,Secreted protein,Transthyretin mRNA rnai inhibitor
VUTRISIRAN SODIUM,['Amvuttra'],Oligonucleotide,"familial amyloid neuropathy, polyneuropathy",Transthyretin mRNA,TTR,Secreted protein,Transthyretin mRNA rnai inhibitor
WARFARIN,['Choice'],Small molecule,"Recurrent thrombophlebitis, thrombotic disease",Vitamin K epoxide reductase complex subunit 1,VKORC1,Enzyme,Vitamin k epoxide reductase complex subunit 1 isoform 1 inhibitor
WARFARIN SODIUM,['Athrombin' 'Coumadin' 'Jantoven' 'Marevan' 'Panwarfin' 'Warfarin sodium'],Small molecule,"Thromboembolism, Venous thrombosis, atrial fibrillation, myocardial infarction, pulmonary embolism, stroke",Vitamin K epoxide reductase complex subunit 1,VKORC1,Enzyme,Vitamin k epoxide reductase complex subunit 1 isoform 1 inhibitor
XAMOTEROL,[],Small molecule,cardiovascular disease,Beta-1 adrenergic receptor,ADRB1,Membrane receptor,Beta-1 adrenergic receptor partial agonist
XIMELAGATRAN,[],Small molecule,Recurrent thrombophlebitis,Prothrombin,F2,Enzyme,Thrombin inhibitor
XYLOMETAZOLINE,[],Small molecule,"Nasal congestion, eye allergy",Adrenergic receptor alpha,"ADRA1A, ADRA1B, ADRA1D, ADRA2A, ADRA2B, ADRA2C",Membrane receptor,Adrenergic receptor alpha agonist
ZAFIRLUKAST,['Accolate' 'Zafirlukast'],Small molecule,"Airway obstruction, asthma",Cysteinyl leukotriene receptor 1,CYSLTR1,Membrane receptor,Cysteinyl leukotriene receptor 1 antagonist
ZALEPLON,['Sonata' 'Zaleplon' 'Zerene'],Small molecule,insomnia,GABA A receptor alpha-1/beta-1/gamma-2,"GABRB1, GABRG2",Ion channel,GABA A receptor alpha-1/beta-1/gamma-2 positive allosteric modulator
ZANUBRUTINIB,['Brukinsa'],Small molecule,"Mantle cell lymphoma, Waldenstrom macroglobulinemia, neoplasm",Tyrosine-protein kinase BTK,BTK,"Enzyme, Unclassified protein",Tyrosine-protein kinase BTK inhibitor
ZAVEGEPANT HYDROCHLORIDE,['Zavzpret'],Small molecule,migraine disorder,Calcitonin gene-related peptide type 1 receptor,CALCRL,"Membrane receptor, Unclassified protein",Calcitonin gene-related peptide type 1 receptor antagonist
ZICONOTIDE,[],Protein,"Fever, Pain",Voltage-dependent N-type calcium channel subunit alpha-1B,CACNA1B,"Auxiliary transport protein, Ion channel",Voltage-gated N-type calcium channel alpha-1B subunit blocker
ZILEUTON,['Zyflo' 'Zyflo cr'],Small molecule,asthma,Polyunsaturated fatty acid 5-lipoxygenase,ALOX5,"Enzyme, Other cytosolic protein",Arachidonate 5-lipoxygenase inhibitor
ZILUCOPLAN SODIUM,['Zilbrysq'],Protein,Myasthenia gravis,Complement C5,C5,Secreted protein,Complement C5 binding agent
ZIPRASIDONE,[],Small molecule,"psychosis, schizoaffective disorder","5-hydroxytryptamine receptor 2A, 5-hydroxytryptamine receptor 2C, D(2) dopamine receptor","DRD2, HTR2A, HTR2C",Membrane receptor,"Dopamine D2 receptor antagonist, Serotonin 2a (5-HT2a) receptor antagonist, Serotonin 2c (5-HT2c) receptor antagonist"
ZIPRASIDONE HYDROCHLORIDE,['Geodon' 'Zeldox' 'Ziprasidone hydrochloride'],Small molecule,"Agitation, bipolar I disorder, bipolar disorder, cardiac arrhythmia, schizophrenia, ventricular tachycardia","5-hydroxytryptamine receptor 2A, 5-hydroxytryptamine receptor 2C, D(2) dopamine receptor","DRD2, HTR2A, HTR2C",Membrane receptor,"Dopamine D2 receptor antagonist, Serotonin 2a (5-HT2a) receptor antagonist, Serotonin 2c (5-HT2c) receptor antagonist"
ZIPRASIDONE MESYLATE,['Geodon'],Small molecule,bipolar disorder,"5-hydroxytryptamine receptor 2A, 5-hydroxytryptamine receptor 2C, D(2) dopamine receptor","DRD2, HTR2A, HTR2C",Membrane receptor,"Dopamine D2 receptor antagonist, Serotonin 2a (5-HT2a) receptor antagonist, Serotonin 2c (5-HT2c) receptor antagonist"
ZOLEDRONIC ACID,"['Aclasta' 'Reclast' 'Zerlinda' 'Zoledronic acid' 'Zoledronic acid accord'
 'Zoledronic acid actavis' 'Zoledronic acid hospira'
 'Zoledronic acid medac' 'Zoledronic acid mylan' 'Zoledronic acid teva'
 'Zoledronic acid teva generics' 'Zoledronic acid teva pharma' 'Zometa']",Small molecule,"Paget disease, bone disease, bone fracture, bone metastasis, metastasis, multiple myeloma, osteitis deformans, osteoporosis, postmenopausal osteoporosis, prostate cancer, prostate carcinoma",Farnesyl pyrophosphate synthase,FDPS,Enzyme,Farnesyl diphosphate synthase inhibitor
ZOLMITRIPTAN,['Zolmitriptan' 'Zomig' 'Zomig-zmt'],Small molecule,migraine disorder,"5-hydroxytryptamine receptor 1B, 5-hydroxytryptamine receptor 1D","HTR1B, HTR1D",Membrane receptor,"Serotonin 1b (5-HT1b) receptor agonist, Serotonin 1d (5-HT1d) receptor agonist"
ZOLPIDEM TARTRATE,"['Ambien' 'Ambien cr' 'Edluar' 'Intermezzo' 'Stilnoct' 'Tovalt odt'
 'Zolpidem tartrate' 'Zolpimist']",Small molecule,insomnia,GABA A receptor alpha-1/beta-1/gamma-2,"GABRB1, GABRG2",Ion channel,GABA A receptor alpha-1/beta-1/gamma-2 positive allosteric modulator
ZONISAMIDE,['Zonegran' 'Zonisade' 'Zonisamide' 'Zonisamide mylan'],Small molecule,"Focal-onset seizure, Seizure, epilepsy, partial epilepsy",Sodium channel alpha subunit,"SCN10A, SCN11A, SCN1A, SCN2A, SCN3A, SCN4A, SCN5A, SCN7A, SCN8A, SCN9A","Ion channel, Unclassified protein",Sodium channel alpha subunit blocker
ZURANOLONE,['Zurzuvae'],Small molecule,postpartum depression,GABA-A receptor; anion channel,"GABRA1, GABRA2, GABRA3, GABRA4, GABRA5, GABRA6, GABRB1, GABRB2, GABRB3, GABRD, GABRE, GABRG1, GABRG2, GABRG3, GABRP, GABRQ",Ion channel,GABA-A receptor; anion channel positive allosteric modulator
